CustomerId,Surname,CreditScore,Geography,Age,Tenure,Balance,NumOfProducts,HasCrCard,IsActiveMember,EstimatedSalary,Exited,Age_log
15634602,Hargrave,652.0,France,42.0,2,0.0,1.0,1.0,1.0,101348.88,1,3.7612001156935624
15647311,Hill,652.0,Spain,41.0,1,83807.86,1.0,0.0,1.0,112542.58,0,3.7376696182833684
15619304,Onio,652.0,France,42.0,8,159660.8,3.0,1.0,0.0,113931.57,1,3.7612001156935624
15701354,Boni,652.0,France,39.0,1,0.0,2.0,0.0,0.0,93826.63,0,3.6888794541139363
15737888,Mitchell,652.0,Spain,43.0,2,125510.82,1.0,1.0,1.0,79084.1,0,3.784189633918261
15574012,Chu,652.0,Spain,44.0,8,113755.78,2.0,1.0,0.0,149756.71,1,3.8066624897703196
15592531,Bartlett,652.0,France,50.0,7,0.0,2.0,1.0,1.0,10062.8,0,3.9318256327243257
15656148,Obinna,652.0,Germany,29.0,4,115046.74,3.5,1.0,0.0,119346.88,1,3.4011973816621555
15792365,He,652.0,France,44.0,4,142051.07,2.0,0.0,1.0,74940.5,0,3.8066624897703196
15592389,H?,652.0,France,37.0,2,134603.88,1.0,1.0,1.0,71725.73,0,
15767821,Bearce,652.0,France,31.0,6,102016.72,2.0,0.0,0.0,80181.12,0,3.4657359027997265
15737173,Andrews,652.0,Spain,24.0,3,0.0,2.0,1.0,0.0,76390.01,0,3.2188758248682006
15632264,Kay,652.0,France,34.0,10,0.0,2.0,1.0,0.0,26260.98,0,3.5553480614894135
15691483,Chin,652.0,France,25.0,5,0.0,2.0,0.0,0.0,190857.79,0,3.258096538021482
15600882,Scott,652.0,Spain,35.0,7,0.0,2.0,1.0,1.0,65951.65,0,3.58351893845611
15643966,Goforth,652.0,Germany,45.0,3,143129.41,2.0,0.0,1.0,64327.26,0,3.828641396489095
15737452,Romeo,652.0,Germany,58.0,1,132602.88,1.0,1.0,0.0,5097.67,1,4.07753744390572
15788218,Henderson,652.0,Spain,24.0,9,0.0,2.0,1.0,1.0,14406.41,0,3.2188758248682006
15661507,Muldrow,652.0,Spain,45.25,6,0.0,1.0,0.0,0.0,158684.81,0,3.834061463958434
15568982,Hao,652.0,France,24.0,6,0.0,2.0,1.0,1.0,54724.03,0,3.2188758248682006
15577657,McDonald,652.0,France,41.0,8,0.0,2.0,1.0,1.0,170886.17,0,3.7376696182833684
15597945,Dellucci,652.0,Spain,32.34,8,0.0,2.0,1.0,0.0,138555.46,0,3.506757877322648
15699309,Gerasimov,652.0,Spain,38.0,4,0.0,1.0,1.0,0.0,118913.53,1,3.6635616461296463
15725737,Mosman,652.0,France,46.0,3,0.0,2.0,0.0,1.0,8487.75,0,3.8501476017100584
15625047,Yen,652.0,France,38.0,5,0.0,1.0,1.0,1.0,187616.16,0,3.6635616461296463
15738191,Maclean,652.0,France,25.0,3,0.0,2.0,0.0,1.0,124508.29,0,3.258096538021482
15736816,Young,652.0,Germany,36.44,2,136815.64,1.0,1.0,1.0,170041.95,0,3.622739651609391
15700772,Nebechi,652.0,France,44.0,9,0.0,2.0,0.0,0.0,38433.35,0,3.8066624897703196
15728693,McWilliams,652.0,Germany,43.0,3,141349.43,1.0,1.0,1.0,100187.43,0,3.784189633918261
15656300,Lucciano,652.0,France,29.0,0,59697.17,2.0,1.0,1.0,53483.21,0,3.4011973816621555
15589475,Azikiwe,652.0,Spain,39.0,3,0.0,3.0,1.0,0.0,140469.38,1,3.6888794541139363
15706552,Odinakachukwu,652.0,France,36.0,7,85311.7,1.0,0.0,1.0,156731.91,0,3.6109179126442243
15750181,Sanderson,652.0,Germany,41.0,9,110112.54,2.0,0.0,0.0,81898.81,0,3.7376696182833684
15659428,Maggard,652.0,Spain,42.0,6,0.0,2.0,1.0,1.0,34410.55,0,3.7612001156935624
15732963,Clements,652.0,Spain,29.0,9,0.0,2.0,1.0,1.0,142033.07,0,3.4011973816621555
15794171,Lombardo,652.0,France,45.0,0,134264.04,1.0,1.0,0.0,27822.99,1,3.828641396489095
15788448,Watson,652.0,Spain,31.0,3,145260.23,1.0,0.0,1.0,114066.77,0,3.4657359027997265
15729599,Lorenzo,652.0,Spain,33.0,7,76548.6,1.0,0.0,1.0,98453.45,0,3.5263605246161616
15717426,Armstrong,652.0,France,36.0,7,0.0,1.0,1.0,1.0,40812.9,0,3.6109179126442243
15585768,Cameron,652.0,Germany,41.0,6,70349.48,2.0,0.0,1.0,178074.04,0,3.7376696182833684
15619360,Hsiao,652.0,Spain,40.0,4,0.0,1.0,1.0,0.0,70154.22,0,3.713572066704308
15738148,Clarke,652.0,France,51.0,8,122522.32,1.0,0.0,0.0,181297.65,1,3.9512437185814275
15687946,Osborne,652.0,France,61.0,2,117419.35,1.0,1.0,1.0,94153.83,0,4.127134385045092
15755196,Lavine,652.0,France,49.0,2,131394.56,1.0,0.0,0.0,194365.76,1,3.912023005428146
15684171,Bianchi,652.0,Spain,61.0,5,155931.11,1.0,1.0,1.0,158338.39,0,4.127134385045092
15754849,Tyler,652.0,Germany,32.0,4,109421.13,2.0,1.0,1.0,126517.46,0,3.4965075614664802
15602280,Martin,652.0,Germany,27.0,9,112045.67,1.0,1.0,1.0,119708.21,1,3.332204510175204
15771573,Okagbue,652.0,Germany,39.0,9,137843.8,1.0,1.0,1.0,117622.8,1,3.6888794541139363
15766205,Yin,652.0,Germany,38.0,2,103391.38,1.0,0.0,1.0,90878.13,0,3.6635616461296463
15771873,Buccho,652.0,Germany,37.0,2,103769.22,2.0,1.0,0.0,194099.12,0,3.6375861597263857
15616550,Chidiebele,652.0,Germany,44.0,10,116363.37,2.0,1.0,0.0,198059.16,0,3.8066624897703196
15768193,Trevisani,652.0,Germany,36.0,5,146050.97,2.0,0.0,0.0,86424.57,0,3.6109179126442243
15683553,O'Brien,652.0,France,33.0,5,0.0,2.0,0.0,0.0,116978.19,0,3.5263605246161616
15702298,Parkhill,652.0,Germany,41.0,8,125561.97,1.0,0.0,0.0,164040.94,1,3.7376696182833684
15569590,Yoo,652.0,Germany,42.0,1,98495.72,1.0,1.0,0.0,40014.76,1,3.7612001156935624
15760861,Phillipps,652.0,France,43.0,1,125211.92,1.0,1.0,1.0,113410.49,0,3.784189633918261
15630053,Tsao,652.0,France,45.0,5,127864.4,1.0,1.0,0.0,87107.57,0,3.828641396489095
15647091,Endrizzi,652.0,Germany,19.0,0,75888.2,1.0,0.0,0.0,45613.75,0,2.995732273553991
15623944,T'ien,652.0,Spain,62.0,4,0.0,1.0,1.0,0.0,1643.11,1,4.204692619390966
15804771,Velazquez,652.0,France,51.0,4,40685.92,1.0,1.0,1.0,46775.28,0,3.9512437185814275
15651280,Hunter,652.0,Germany,35.0,5,136857.0,1.0,0.0,0.0,84509.57,0,3.58351893845611
15773469,Clark,652.0,Germany,27.0,9,152328.88,2.0,0.0,0.0,126494.82,0,3.332204510175204
15702014,Jeffrey,652.0,Spain,33.0,1,56084.69,2.0,0.0,0.0,178798.13,0,3.5263605246161616
15751208,Pirozzi,652.0,Spain,56.0,8,78707.16,1.0,1.0,1.0,99398.36,0,4.04305126783455
15592461,Jackson,652.0,Germany,26.0,4,109166.37,1.0,1.0,1.0,92840.67,0,3.295836866004329
15789484,Hammond,652.0,Germany,36.0,6,169831.46,2.0,1.0,1.0,27758.36,0,3.6109179126442243
15696061,Brownless,652.0,Germany,34.0,1,101633.04,1.0,1.0,0.0,110431.51,0,3.5553480614894135
15641582,Chibugo,652.0,Germany,43.0,10,123180.01,2.0,1.0,1.0,196673.28,0,3.784189633918261
15638424,Glauert,652.0,Germany,35.0,5,150725.53,2.0,0.0,1.0,113656.85,0,3.58351893845611
15755648,Pisano,652.0,France,21.0,8,98373.26,1.0,1.0,0.0,18203.0,0,3.091042453358316
15703793,Konovalova,652.0,Germany,58.0,2,133745.44,3.5,1.0,0.0,28373.86,1,4.07753744390572
15620344,McKee,652.0,France,29.0,6,0.0,1.0,1.0,0.0,33953.87,0,3.4011973816621555
15812518,Palermo,652.0,Spain,37.0,0,163607.18,1.0,0.0,1.0,44203.55,0,3.6375861597263857
15779052,Ballard,652.0,Germany,25.0,5,157780.84,2.0,1.0,1.0,58426.81,0,3.258096538021482
15770811,Wallace,652.0,France,36.0,9,0.0,2.0,0.0,1.0,145562.4,0,3.6109179126442243
15780961,Cavenagh,652.0,France,21.0,1,178718.19,2.0,1.0,0.0,22388.0,0,3.091042453358316
15614049,Hu,652.0,France,55.0,8,0.0,2.0,1.0,1.0,139161.64,0,4.02535169073515
15662085,Read,652.0,France,32.0,9,0.0,1.0,1.0,1.0,148210.64,0,3.4965075614664802
15575185,Bushell,652.0,Spain,33.0,5,77253.22,1.0,0.0,1.0,194239.63,0,3.5263605246161616
15803136,Postle,652.0,Germany,41.0,10,122189.66,2.0,1.0,0.0,98301.61,0,3.7376696182833684
15706021,Buley,652.0,France,34.0,1,96645.54,2.0,0.0,0.0,171413.66,0,3.5553480614894135
15663706,Leonard,652.0,France,32.0,2,0.0,1.0,1.0,0.0,136458.19,1,3.4965075614664802
15641732,Mills,652.0,France,36.0,3,0.0,2.0,0.0,0.0,26019.59,0,3.6109179126442243
15701164,Onyeorulu,652.0,France,34.0,4,90307.62,1.0,1.0,1.0,159235.29,0,3.5553480614894135
15738751,Beit,652.0,France,46.0,4,0.0,2.0,1.0,0.0,1907.66,0,3.8501476017100584
15805254,Ndukaku,652.0,Spain,62.0,10,0.0,2.0,1.0,1.0,114675.75,0,4.330733340286331
15762418,Gant,652.0,Spain,22.0,3,121681.82,1.0,1.0,0.0,128643.35,1,3.1354942159291497
15625759,Rowley,652.0,France,30.0,9,0.0,2.0,1.0,0.0,151869.35,0,3.4339872044851463
15622897,Sharpe,652.0,France,46.0,4,0.0,3.0,1.0,0.0,93251.42,1,3.8501476017100584
15767954,Osborne,652.0,Germany,28.0,3,81623.67,2.0,1.0,1.0,156791.36,0,3.367295829986474
15757535,Heap,652.0,Spain,44.0,5,0.0,3.0,1.0,1.0,174205.22,1,3.8066624897703196
15731511,Ritchie,652.0,France,45.0,7,118626.55,2.0,1.0,0.0,147132.46,0,3.828641396489095
15809248,Cole,652.0,France,36.0,10,0.0,2.0,1.0,0.0,109614.57,0,3.6109179126442243
15640635,Capon,652.0,France,29.0,8,0.0,2.0,1.0,1.0,172290.61,0,3.4011973816621555
15676966,Capon,652.0,Spain,42.0,4,0.0,2.0,0.0,1.0,85982.47,0,3.7612001156935624
15699461,Fiorentini,652.0,Spain,35.0,10,176273.95,1.0,0.0,1.0,121277.78,0,3.58351893845611
15738721,Graham,652.0,Spain,41.0,9,102827.44,1.0,0.0,1.0,64595.25,0,3.7376696182833684
15693683,Yuille,652.0,Germany,29.0,8,97086.4,2.0,1.0,1.0,197276.13,0,3.4011973816621555
15604348,Allard,652.0,Spain,22.0,8,0.0,2.0,0.0,0.0,99645.04,0,3.1354942159291497
15633059,Fanucci,652.0,France,34.0,9,0.0,2.0,0.0,0.0,6534.18,0,3.5553480614894135
15808582,Fu,652.0,France,40.0,6,0.0,1.0,1.0,1.0,161848.03,0,3.713572066704308
15743192,Hung,652.0,France,44.0,6,0.0,2.0,0.0,0.0,167162.43,0,3.8066624897703196
15580146,Hung,652.0,France,31.0,9,82674.15,1.0,1.0,0.0,41970.72,0,3.4657359027997265
15776605,Bradley,652.0,Spain,36.0,7,0.0,2.0,1.0,0.0,60536.56,0,3.6109179126442243
15804919,Dunbabin,652.0,Spain,62.0,1,0.0,1.0,1.0,1.0,177655.68,1,4.189654742026425
15613854,Mauldon,652.0,Spain,46.0,4,107073.27,2.0,1.0,1.0,30984.59,1,3.8501476017100584
15599195,Stiger,652.0,Germany,32.0,1,88938.62,1.0,1.0,1.0,10054.53,0,3.4965075614664802
15812878,Parsons,652.0,Germany,36.0,2,99806.85,1.0,0.0,1.0,36976.52,0,3.6109179126442243
15602312,Walkom,652.0,Spain,33.0,5,150092.8,1.0,0.0,0.0,71862.79,0,3.5263605246161616
15744689,T'ang,652.0,Germany,35.0,9,92833.89,1.0,1.0,0.0,99449.86,1,3.58351893845611
15803526,Eremenko,652.0,Germany,30.0,3,90536.81,1.0,0.0,1.0,63082.88,0,3.4339872044851463
15665790,Rowntree,652.0,Germany,39.0,7,108055.1,2.0,1.0,0.0,27231.26,0,3.6888794541139363
15715951,Thorpe,652.0,France,42.0,2,100238.35,1.0,0.0,0.0,86797.41,0,3.7612001156935624
15591100,Chiemela,652.0,Spain,36.0,9,106190.55,1.0,0.0,1.0,22994.32,0,3.6109179126442243
15609618,Fanucci,652.0,Germany,28.0,9,154475.54,2.0,0.0,1.0,101300.94,1,3.367295829986474
15675522,Ko,652.0,Germany,30.0,9,132351.29,2.0,1.0,1.0,74169.13,0,3.4339872044851463
15705512,Welch,652.0,Germany,37.0,6,167864.4,1.0,1.0,0.0,115638.29,0,3.6375861597263857
15698028,Duncan,652.0,France,41.0,1,0.0,2.0,1.0,0.0,31766.3,0,3.7376696182833684
15661670,Chidozie,652.0,Germany,31.0,8,107818.63,1.0,1.0,0.0,199725.39,1,3.4657359027997265
15600781,Wu,652.0,Germany,34.0,4,185173.81,2.0,1.0,0.0,120834.48,0,3.5553480614894135
15682472,Culbreth,652.0,France,34.0,8,129433.34,2.0,0.0,0.0,38131.77,0,3.5553480614894135
15580203,Kennedy,652.0,Spain,39.0,6,120193.42,1.0,0.0,0.0,100130.95,0,3.6888794541139363
15690673,Cameron,652.0,France,39.0,6,0.0,2.0,1.0,0.0,141069.88,0,3.6888794541139363
15760085,Calabresi,652.0,Germany,48.0,10,126384.42,1.0,1.0,1.0,198129.36,0,3.8918202981106265
15779659,Zetticci,652.0,France,28.0,3,0.0,1.0,0.0,0.0,183646.41,0,3.367295829986474
15627360,Fuller,652.0,France,42.0,9,152603.45,1.0,1.0,0.0,110265.24,1,3.7612001156935624
15671137,MacDonald,652.0,France,52.0,1,0.0,1.0,0.0,1.0,8636.05,1,3.970291913552122
15782688,Piccio,652.0,Germany,56.0,0,148507.24,1.0,1.0,0.0,46824.08,1,4.04305126783455
15575492,Kennedy,652.0,France,41.0,7,0.0,2.0,1.0,0.0,171378.77,0,3.7376696182833684
15591607,Fernie,652.0,France,24.0,9,101827.07,1.0,1.0,0.0,167256.35,0,3.2188758248682006
15740404,He,652.0,France,34.0,3,0.0,2.0,1.0,1.0,124226.16,0,3.5553480614894135
15718369,Kaodilinakachukwu,652.0,Germany,33.0,9,130862.43,1.0,1.0,1.0,114935.21,0,3.5263605246161616
15677871,Cocci,652.0,France,38.0,9,122570.87,1.0,1.0,1.0,35608.88,0,3.6635616461296463
15642004,Alekseeva,652.0,France,25.0,1,0.0,2.0,0.0,1.0,16459.37,0,3.258096538021482
15712543,Chinweike,652.0,Germany,39.0,7,124828.46,2.0,1.0,1.0,124411.08,0,3.6888794541139363
15584518,Arthur,652.0,Germany,50.0,5,144895.05,2.0,1.0,1.0,34941.23,0,3.9318256327243257
15802381,Li,652.0,Germany,34.0,5,63663.93,1.0,0.0,1.0,167784.28,0,3.5553480614894135
15610156,Ma,652.0,France,40.0,2,133463.1,1.0,0.0,1.0,93165.34,0,3.713572066704308
15594408,Chia,652.0,Spain,48.0,2,213146.2,1.0,1.0,0.0,75161.25,1,3.8918202981106265
15640905,Vasin,652.0,Spain,35.0,1,129490.36,2.0,0.0,1.0,8590.83,1,3.58351893845611
15698932,Groves,652.0,Germany,44.0,10,137452.09,1.0,1.0,0.0,189543.9,0,3.8066624897703196
15724944,Tien,652.0,France,34.0,7,0.0,2.0,1.0,1.0,180427.24,0,3.5553480614894135
15628145,Forwood,652.0,France,43.0,5,125851.93,1.0,1.0,1.0,193318.33,0,3.784189633918261
15713483,Greeves,652.0,Spain,52.0,2,0.0,1.0,1.0,0.0,159123.82,1,3.970291913552122
15612350,Taylor,652.0,France,31.0,5,40915.55,1.0,1.0,0.0,126213.84,1,3.4657359027997265
15800703,Madukwe,652.0,Spain,21.0,5,113157.22,1.0,1.0,1.0,54141.5,0,3.091042453358316
15705707,Bennelong,652.0,Spain,29.0,8,138296.94,2.0,1.0,0.0,141075.51,0,3.4011973816621555
15754105,Olisanugo,652.0,France,37.0,5,106967.18,1.0,0.0,0.0,24495.03,0,3.6375861597263857
15703264,Chukwufumnanya,652.0,France,44.0,9,120681.63,1.0,1.0,0.0,74836.34,0,3.8066624897703196
15794413,Harris,652.0,France,32.0,0,0.0,2.0,0.0,1.0,878.87,0,3.4965075614664802
15650237,Morgan,652.0,Spain,32.0,7,0.0,2.0,1.0,0.0,89520.75,0,3.4965075614664802
15759618,Alexeeva,652.0,France,48.0,9,0.0,1.0,1.0,0.0,149892.79,1,3.8918202981106265
15811589,Metcalfe,652.0,Spain,42.0,8,0.0,2.0,1.0,0.0,180800.42,0,3.7612001156935624
15689044,Humphries,652.0,France,37.0,2,127609.59,1.0,1.0,0.0,98646.22,0,3.6375861597263857
15709368,Milne,652.0,France,43.0,6,0.0,2.0,1.0,1.0,109041.53,0,3.784189633918261
15679145,Chou,652.0,Spain,57.0,7,0.0,1.0,1.0,0.0,17941.16,1,4.060443010546419
15655007,Li,652.0,France,33.0,7,0.0,2.0,0.0,0.0,82996.47,0,3.5263605246161616
15623595,Clayton,652.0,Spain,28.0,2,0.0,2.0,1.0,1.0,92067.35,0,3.367295829986474
15589975,Maclean,652.0,France,62.0,6,97259.25,1.0,0.0,1.0,104719.66,0,4.304065093204169
15804017,Chigolum,652.0,Germany,33.0,4,123246.7,1.0,0.0,0.0,112687.57,0,3.5263605246161616
15692132,Wilkinson,652.0,Spain,22.0,6,101060.25,1.0,0.0,1.0,84699.56,0,3.1354942159291497
15641122,Wei,652.0,France,30.0,2,0.0,2.0,1.0,0.0,83473.82,0,3.4339872044851463
15630910,Treacy,652.0,France,49.0,7,108007.36,1.0,0.0,0.0,47125.11,0,3.912023005428146
15680772,Hu,652.0,Spain,36.0,2,0.0,2.0,1.0,1.0,106977.8,0,3.6109179126442243
15658929,Taverner,652.0,Spain,29.0,0,133702.89,1.0,1.0,0.0,55582.54,1,3.4011973816621555
15585388,Sherman,652.0,Germany,31.0,9,125189.75,2.0,1.0,1.0,139874.43,0,3.4657359027997265
15724623,Taubman,652.0,Germany,24.0,7,113034.22,1.0,1.0,0.0,162503.48,1,3.2188758248682006
15588537,Robinson,652.0,Spain,41.0,9,109013.23,1.0,1.0,0.0,196499.96,0,3.7376696182833684
15574692,Pinto,652.0,Spain,39.0,2,0.0,2.0,1.0,0.0,40721.24,1,3.6888794541139363
15611325,Wood,652.0,Germany,24.0,9,57929.81,2.0,0.0,0.0,53134.3,0,3.2188758248682006
15587562,Hawkins,652.0,France,29.0,4,130114.39,1.0,1.0,0.0,164017.89,0,3.4011973816621555
15613172,Sun,652.0,Germany,27.0,5,95826.49,2.0,1.0,0.0,155996.96,0,3.332204510175204
15651022,Yost,652.0,Germany,44.0,10,129608.57,1.0,1.0,0.0,5472.7,1,3.8066624897703196
15586310,Ting,652.0,France,30.0,4,169462.09,1.0,1.0,0.0,112187.11,0,3.4339872044851463
15625524,Rowe,652.0,France,40.0,5,0.0,2.0,1.0,1.0,146457.83,0,3.713572066704308
15755209,Fu,652.0,Spain,35.0,7,133868.21,1.0,1.0,1.0,27286.1,0,3.58351893845611
15645248,Ho,652.0,France,30.0,0,0.0,2.0,1.0,1.0,130553.47,0,3.4339872044851463
15790355,Okechukwu,652.0,Germany,36.0,5,190479.48,2.0,0.0,0.0,179351.89,0,3.6109179126442243
15762615,Campbell,652.0,Spain,40.0,8,101993.12,1.0,0.0,1.0,94774.12,0,3.713572066704308
15625426,Ashbolt,652.0,Germany,55.0,3,161608.81,1.0,1.0,0.0,8080.85,1,4.02535169073515
15716334,Rozier,652.0,Spain,45.0,2,122311.21,1.0,1.0,1.0,19482.5,0,3.828641396489095
15789669,Hsia,652.0,France,62.0,2,0.0,2.0,1.0,1.0,48071.61,0,4.189654742026425
15621075,Ogbonnaya,652.0,Germany,45.0,1,162150.42,2.0,1.0,0.0,174531.27,0,3.828641396489095
15810845,T'ang,652.0,France,42.0,2,0.0,2.0,1.0,1.0,55470.78,0,3.7612001156935624
15719377,Cocci,652.0,France,50.0,4,0.0,1.0,1.0,1.0,8546.87,1,3.9318256327243257
15654506,Chang,652.0,France,32.0,8,0.0,2.0,1.0,0.0,95857.18,0,3.4965075614664802
15771977,T'ao,652.0,France,39.0,1,99010.67,1.0,1.0,0.0,194945.8,0,3.6888794541139363
15708710,Ford,652.0,Spain,37.0,0,0.0,1.0,0.0,1.0,131521.72,0,3.6375861597263857
15726676,Marshall,652.0,Spain,30.0,5,0.0,2.0,0.0,1.0,196108.51,0,3.4339872044851463
15587421,Tsai,652.0,Germany,34.0,7,111388.18,2.0,1.0,0.0,148564.76,0,3.5553480614894135
15726931,Onwumelu,652.0,France,41.0,8,56214.85,2.0,0.0,0.0,92982.61,1,3.7376696182833684
15771086,Graham,652.0,France,36.0,3,84327.77,2.0,1.0,0.0,17675.36,0,3.6109179126442243
15756850,Golovanov,652.0,France,40.0,1,0.0,2.0,0.0,0.0,114996.43,0,3.713572066704308
15702741,Potts,652.0,France,32.0,8,93012.89,1.0,1.0,0.0,86957.42,0,3.4965075614664802
15679200,Crawford,652.0,Spain,29.0,9,61710.44,2.0,1.0,0.0,128077.8,0,3.4011973816621555
15594815,Aleshire,652.0,France,35.0,3,174790.15,1.0,1.0,1.0,600.36,0,3.58351893845611
15635905,Moran,652.0,Spain,32.0,6,0.0,2.0,1.0,1.0,43001.46,0,3.4965075614664802
15777892,Samsonova,652.0,Germany,37.0,3,107720.64,1.0,1.0,1.0,158591.12,0,3.6375861597263857
15656176,Jenkins,652.0,France,57.0,10,0.0,2.0,1.0,1.0,47847.19,0,4.060443010546419
15811127,Volkov,652.0,France,35.0,6,96423.84,1.0,1.0,0.0,10488.44,0,3.58351893845611
15604482,Chiemezie,652.0,Spain,30.0,2,141040.01,1.0,1.0,1.0,5978.2,0,3.4339872044851463
15622911,Jude,652.0,France,42.0,4,105420.18,1.0,0.0,1.0,121409.06,0,3.7612001156935624
15600974,He,652.0,Spain,50.0,5,0.0,1.0,0.0,1.0,146145.93,1,3.9318256327243257
15727868,Onuora,652.0,France,38.0,2,129022.06,2.0,1.0,1.0,14374.86,1,3.6635616461296463
15627801,Ginikanwa,652.0,Spain,33.0,3,176666.62,1.0,1.0,0.0,94670.77,0,3.5263605246161616
15773039,Ku,652.0,France,37.0,3,0.0,1.0,1.0,1.0,179670.31,0,3.6375861597263857
15755262,McDonald,652.0,Spain,41.0,3,89763.84,1.0,0.0,0.0,199304.74,1,3.7376696182833684
15679531,Collins,652.0,France,34.0,5,134954.53,1.0,1.0,1.0,151954.39,0,3.5553480614894135
15684181,Hackett,652.0,France,45.0,5,0.0,1.0,1.0,0.0,142513.5,1,3.828641396489095
15612087,Dike,652.0,France,45.0,2,106376.85,1.0,0.0,1.0,158264.62,0,3.828641396489095
15752047,Trevisano,652.0,Germany,33.0,2,161814.64,2.0,1.0,0.0,169381.9,0,3.5263605246161616
15624592,Tan,652.0,France,31.0,8,0.0,2.0,1.0,1.0,169915.02,0,3.4657359027997265
15573152,Glassman,652.0,France,41.0,9,0.0,2.0,0.0,0.0,88852.47,0,3.7376696182833684
15594917,Miller,652.0,France,34.0,1,63095.01,1.0,1.0,1.0,40645.81,0,3.5553480614894135
15785542,Kornilova,652.0,Germany,26.0,4,118287.01,2.0,0.0,0.0,60427.3,0,3.295836866004329
15723488,Watson,652.0,Germany,47.0,7,106854.21,1.0,0.0,1.0,157959.02,1,3.8712010109078907
15680920,Marchesi,652.0,France,46.0,7,49512.55,1.0,1.0,0.0,133007.34,0,3.8501476017100584
15786308,Millar,652.0,Spain,33.0,9,0.0,2.0,0.0,0.0,176576.62,0,3.5263605246161616
15659366,Shih,652.0,France,43.0,1,105799.32,2.0,1.0,0.0,34888.04,1,3.784189633918261
15774854,Fuller,652.0,France,54.0,8,0.0,1.0,1.0,1.0,28737.71,1,4.007333185232471
15725311,Hay,652.0,France,31.0,9,114722.05,2.0,1.0,1.0,98178.57,0,3.4657359027997265
15787155,Yang,652.0,Spain,30.0,7,0.0,1.0,0.0,1.0,125010.24,0,3.4339872044851463
15727829,McIntyre,652.0,France,42.0,2,0.0,2.0,1.0,1.0,167984.61,0,3.7612001156935624
15733247,Stevenson,652.0,France,33.0,10,0.0,1.0,1.0,0.0,4861.72,1,3.5263605246161616
15568748,Poole,652.0,Germany,45.0,6,99564.22,1.0,1.0,1.0,108872.45,1,3.828641396489095
15699029,Bagley,652.0,France,37.0,4,170557.91,2.0,1.0,0.0,198252.88,0,3.6375861597263857
15774393,Ch'ien,652.0,France,30.0,9,0.0,2.0,1.0,1.0,26960.31,0,3.4339872044851463
15676895,Cattaneo,652.0,Germany,39.0,6,74596.15,3.0,1.0,1.0,85746.52,1,3.6888794541139363
15637753,O'Sullivan,652.0,Germany,50.0,2,96888.39,1.0,1.0,0.0,77206.25,1,3.9318256327243257
15605461,Lucas,652.0,Germany,29.0,3,130830.22,1.0,1.0,0.0,61048.53,0,3.4011973816621555
15808473,Ringrose,652.0,France,62.0,1,0.0,2.0,0.0,1.0,111981.19,0,4.290459441148391
15627000,Freeman,652.0,France,40.0,0,0.0,2.0,1.0,0.0,62232.6,0,3.713572066704308
15787174,Sergeyev,652.0,France,37.0,1,0.0,2.0,0.0,1.0,156105.03,0,3.6375861597263857
15723886,Fiore,652.0,Germany,20.0,3,119714.25,2.0,0.0,1.0,150135.38,0,3.044522437723423
15704769,Smith,652.0,France,62.0,5,113978.97,2.0,0.0,1.0,93146.11,0,4.219507705176107
15772896,Dumetochukwu,652.0,Germany,42.0,6,100160.75,1.0,1.0,0.0,33462.94,1,3.7612001156935624
15711540,Pacheco,652.0,France,29.0,2,0.0,1.0,1.0,1.0,144375.0,0,3.4011973816621555
15764866,Synnot,652.0,Germany,43.0,3,116220.5,3.0,1.0,0.0,55803.96,1,3.784189633918261
15794056,Johnston,652.0,France,46.0,2,0.0,3.0,1.0,0.0,89048.46,1,3.8501476017100584
15795149,Stevens,652.0,France,28.0,2,81173.83,2.0,0.0,1.0,162812.16,0,3.367295829986474
15812009,Grant,652.0,Spain,38.0,4,0.0,2.0,1.0,0.0,136259.65,0,3.6635616461296463
15651001,Tsao,652.0,Germany,39.0,5,116803.8,1.0,1.0,0.0,124052.97,0,3.6888794541139363
15813844,Barnes,652.0,France,37.0,8,105961.68,2.0,0.0,1.0,74158.8,0,3.6375861597263857
15596175,McIntosh,652.0,Germany,62.0,6,117411.6,1.0,1.0,1.0,45071.09,1,4.219507705176107
15576269,Madison,652.0,Spain,34.0,7,0.0,2.0,1.0,0.0,62030.06,0,3.5553480614894135
15797219,Ifesinachi,652.0,France,40.0,10,123497.58,1.0,1.0,0.0,131953.23,1,3.713572066704308
15685500,Glazkov,652.0,Germany,26.0,7,152400.51,2.0,1.0,0.0,79414.0,0,3.295836866004329
15599792,Dimauro,652.0,France,26.0,1,0.0,2.0,1.0,1.0,199638.56,0,3.295836866004329
15657566,Wieck,652.0,Germany,24.0,8,103097.85,1.0,1.0,1.0,157577.29,0,3.2188758248682006
15772423,Liao,652.0,Germany,54.0,8,126418.14,1.0,1.0,0.0,134420.75,1,4.007333185232471
15628112,Hughes,652.0,Germany,36.0,5,77846.9,1.0,0.0,0.0,99805.99,0,3.6109179126442243
15753754,Morrison,652.0,Spain,34.0,1,0.0,2.0,1.0,1.0,97932.68,0,3.5553480614894135
15793726,Matveyeva,652.0,France,62.0,0,0.0,2.0,0.0,1.0,170968.99,0,4.382026634673881
15694717,Ku,652.0,Germany,37.0,2,79731.91,1.0,1.0,1.0,57558.95,0,3.6375861597263857
15665834,Cheatham,652.0,Spain,28.0,8,0.0,1.0,0.0,0.0,176713.47,0,3.367295829986474
15765297,Yao,652.0,Spain,41.0,0,0.0,2.0,0.0,1.0,34283.23,0,3.7376696182833684
15636684,Kirkland,652.0,France,34.0,10,0.0,2.0,1.0,1.0,198637.34,0,3.5553480614894135
15592979,Rose,652.0,Germany,34.0,6,37266.67,2.0,0.0,0.0,156917.12,0,3.5553480614894135
15750803,Jess,652.0,France,30.0,6,127992.25,1.0,1.0,1.0,50457.2,0,3.4339872044851463
15607178,Welch,652.0,Germany,38.0,3,54901.01,1.0,1.0,1.0,140075.55,0,3.6635616461296463
15713853,Ifeajuna,652.0,Germany,42.0,9,108748.08,2.0,1.0,1.0,65323.11,0,3.7612001156935624
15673481,Morton,652.0,Spain,48.0,6,99906.19,1.0,1.0,0.0,64323.24,0,3.8918202981106265
15686776,Rossi,652.0,France,32.0,6,184686.41,2.0,1.0,0.0,14956.44,0,3.4965075614664802
15673693,Reppert,652.0,France,26.0,0,110654.02,1.0,0.0,1.0,111879.21,0,3.295836866004329
15700696,Kang,652.0,Spain,31.0,9,79019.8,1.0,1.0,1.0,18606.23,0,3.4657359027997265
15813163,Ch'iu,652.0,Spain,36.0,9,99240.51,1.0,1.0,0.0,123137.01,0,3.6109179126442243
15653857,Wallis,652.0,France,34.0,2,0.0,2.0,1.0,1.0,148528.24,0,3.5553480614894135
15777076,Clark,652.0,France,36.0,7,0.0,2.0,1.0,0.0,13898.31,0,3.6109179126442243
15717398,Fielding,652.0,Spain,39.0,7,0.0,1.0,0.0,0.0,81259.25,1,3.6888794541139363
15799217,Zetticci,652.0,Germany,35.0,7,52436.2,1.0,1.0,0.0,161051.75,0,3.58351893845611
15787071,Dulhunty,652.0,Spain,41.0,9,0.0,2.0,0.0,1.0,191599.67,0,3.7376696182833684
15619955,Bevington,652.0,Germany,34.0,3,100337.96,3.0,1.0,0.0,48559.19,1,3.5553480614894135
15796505,Boyle,652.0,Germany,34.0,1,149297.19,2.0,1.0,1.0,186339.74,0,3.5553480614894135
15725166,Newton,652.0,France,30.0,8,0.0,2.0,1.0,0.0,33159.37,0,3.4339872044851463
15800116,Bowman,652.0,Germany,28.0,4,145605.44,1.0,0.0,1.0,93883.53,0,3.367295829986474
15758685,Dubinina,652.0,Spain,37.0,7,0.0,2.0,1.0,1.0,110899.3,0,3.6375861597263857
15694456,Toscani,652.0,France,62.0,3,0.0,1.0,1.0,1.0,11199.04,1,4.143134726391533
15767339,Chiazagomekpere,652.0,France,53.0,10,0.0,2.0,1.0,0.0,189992.97,0,3.9889840465642745
15683562,Allen,652.0,France,35.0,6,84026.86,1.0,0.0,1.0,164255.69,0,3.58351893845611
15782210,K'ung,652.0,France,46.0,1,0.0,1.0,1.0,0.0,152167.79,1,3.8501476017100584
15668893,Wilsmore,652.0,France,39.0,8,0.0,2.0,1.0,1.0,33949.67,0,3.6888794541139363
15669169,Hargreaves,652.0,Spain,29.0,10,0.0,2.0,1.0,1.0,68143.93,0,3.4011973816621555
15643024,Huang,652.0,Germany,35.0,4,138718.92,1.0,1.0,1.0,47251.79,1,3.58351893845611
15699389,Ch'ien,652.0,France,42.0,7,118274.71,1.0,1.0,1.0,25885.72,0,3.7612001156935624
15708608,Wallwork,652.0,France,22.0,8,174185.98,2.0,0.0,1.0,192633.85,0,3.1354942159291497
15626144,Chu,652.0,France,40.0,7,113208.86,2.0,1.0,0.0,34577.36,0,3.713572066704308
15573112,Kang,652.0,Spain,29.0,5,103907.28,1.0,1.0,0.0,161229.84,0,3.4011973816621555
15790678,Davidson,652.0,France,32.0,8,119023.28,1.0,1.0,0.0,100816.29,0,3.4965075614664802
15727556,O'Donnell,652.0,Spain,26.0,5,166297.89,1.0,1.0,1.0,181694.44,0,3.295836866004329
15697307,Nnachetam,652.0,Spain,34.0,10,0.0,2.0,1.0,0.0,79078.91,0,3.5553480614894135
15652266,Chidiebele,652.0,Germany,42.0,9,63227.0,1.0,0.0,1.0,137316.32,0,3.7612001156935624
15607098,Ahmed,652.0,Spain,41.0,5,94521.17,2.0,1.0,0.0,194926.86,0,3.7376696182833684
15655774,Booth,652.0,France,27.0,7,0.0,2.0,1.0,0.0,51285.49,0,3.332204510175204
15590241,Chuang,652.0,Spain,34.0,9,112822.26,1.0,0.0,0.0,150401.53,1,3.5553480614894135
15785819,Shao,652.0,France,38.0,3,0.0,2.0,1.0,1.0,112491.96,0,3.6635616461296463
15723654,Tsao,652.0,France,25.0,2,135903.33,1.0,1.0,0.0,73656.38,0,3.258096538021482
15774510,Tien,652.0,France,31.0,4,125169.26,1.0,1.0,1.0,106636.89,0,3.4657359027997265
15684173,Chang,652.0,Spain,44.0,7,0.0,3.0,1.0,0.0,155853.52,1,3.8066624897703196
15650068,Johnson,652.0,France,58.0,0,149117.31,1.0,1.0,1.0,162599.51,0,4.07753744390572
15811490,French,652.0,France,33.0,5,0.0,2.0,1.0,1.0,103737.82,0,3.5263605246161616
15803976,Efremov,652.0,France,31.0,10,0.0,2.0,1.0,0.0,160990.27,0,3.4657359027997265
15682541,Hartley,652.0,Spain,36.0,6,132311.71,1.0,0.0,0.0,15462.84,0,3.6109179126442243
15695699,Calabrese,652.0,France,35.0,8,0.0,2.0,1.0,0.0,10334.05,0,3.58351893845611
15624188,Chiu,652.0,France,33.0,6,0.0,2.0,1.0,1.0,190686.16,0,3.5263605246161616
15812191,Brennan,652.0,France,33.0,4,118082.89,1.0,0.0,0.0,94440.45,0,3.5263605246161616
15636673,Onwuatuegwu,652.0,France,31.0,1,119266.69,1.0,1.0,1.0,28257.63,0,3.4657359027997265
15594898,Hewitt,652.0,France,43.0,2,0.0,1.0,1.0,1.0,170034.95,1,3.784189633918261
15660211,Shih,652.0,Germany,35.0,7,156847.29,2.0,1.0,0.0,31824.29,0,3.58351893845611
15773972,Balashov,652.0,France,50.0,4,137104.47,1.0,1.0,0.0,127166.49,1,3.9318256327243257
15746726,Doyle,652.0,Germany,31.0,8,78398.69,1.0,1.0,0.0,44937.01,0,3.4657359027997265
15712287,Pokrovskii,652.0,France,62.0,4,0.0,2.0,1.0,1.0,188603.07,0,4.394449154672439
15702919,Collins,652.0,Germany,30.0,6,63669.42,1.0,1.0,0.0,145111.37,0,3.4339872044851463
15674398,Russo,652.0,France,38.0,3,0.0,2.0,0.0,0.0,171463.83,0,3.6635616461296463
15797960,Skinner,652.0,Germany,59.0,0,135296.33,1.0,1.0,0.0,182822.5,0,4.0943445622221
15631868,Robertson,652.0,Spain,36.0,2,153804.44,1.0,1.0,1.0,87213.33,0,3.6109179126442243
15581539,Atkinson,652.0,Spain,37.0,3,0.0,2.0,0.0,0.0,57175.32,0,3.6375861597263857
15662736,Doyle,652.0,France,49.0,2,147069.78,1.0,1.0,0.0,120540.83,1,3.912023005428146
15666252,Ritchie,652.0,Spain,42.0,9,0.0,2.0,1.0,1.0,28714.34,0,3.7612001156935624
15677512,McEncroe,652.0,Spain,22.0,3,0.0,1.0,1.0,0.0,85426.28,0,3.1354942159291497
15626114,Pearson,652.0,France,24.0,4,95741.75,1.0,1.0,0.0,46170.75,0,3.2188758248682006
15810834,Gordon,652.0,Spain,57.0,2,145965.33,1.0,1.0,1.0,64448.36,0,4.060443010546419
15678910,Ts'ai,652.0,France,30.0,8,141441.75,1.0,1.0,1.0,16278.97,0,3.4339872044851463
15694408,Lung,652.0,France,40.0,1,139290.41,1.0,1.0,0.0,182855.42,1,3.713572066704308
15585215,Yuan,652.0,France,31.0,4,0.0,2.0,0.0,0.0,50404.72,0,3.4657359027997265
15682757,Pardey,652.0,France,30.0,3,0.0,2.0,1.0,0.0,107640.25,0,3.4339872044851463
15736601,Tai,652.0,France,35.0,4,144428.87,1.0,1.0,0.0,134132.65,0,3.58351893845611
15601848,Scott,652.0,France,35.0,2,0.0,2.0,1.0,0.0,103480.69,0,3.58351893845611
15736008,Hunter,652.0,France,46.0,9,95441.27,1.0,1.0,0.0,108761.05,1,3.8501476017100584
15669064,Mazzanti,652.0,Germany,35.0,1,144848.74,1.0,1.0,1.0,179012.3,0,3.58351893845611
15624528,L?,652.0,Germany,26.0,7,116244.14,2.0,1.0,1.0,95145.14,0,3.295836866004329
15598493,Beach,652.0,France,50.0,7,0.0,2.0,0.0,1.0,72143.44,0,3.9318256327243257
15601274,Hsieh,652.0,Spain,40.0,1,146502.07,1.0,1.0,0.0,19162.89,0,3.713572066704308
15702669,Faulkner,652.0,Germany,44.0,2,117028.6,2.0,0.0,1.0,144680.18,0,3.8066624897703196
15728669,Knowles,652.0,Germany,30.0,8,112013.81,1.0,1.0,0.0,177772.03,1,3.4339872044851463
15742668,Day,652.0,Spain,37.0,6,108269.37,1.0,1.0,0.0,5597.94,0,3.6375861597263857
15697441,Hsueh,652.0,France,29.0,7,182123.79,1.0,1.0,0.0,116828.51,1,3.4011973816621555
15740476,Tsao,652.0,Germany,32.0,3,150923.74,2.0,0.0,1.0,174652.51,0,3.4965075614664802
15648064,Kennedy,652.0,France,33.0,2,0.0,2.0,1.0,0.0,2010.98,0,3.5263605246161616
15636624,Nwabugwu,652.0,Spain,39.0,5,165272.13,1.0,1.0,0.0,14109.85,1,3.6888794541139363
15807923,Young,652.0,Germany,39.0,10,115301.31,1.0,1.0,0.0,43527.4,1,3.6888794541139363
15745844,Kerr,652.0,Germany,40.0,6,129502.49,2.0,0.0,1.0,86099.23,1,3.713572066704308
15786170,Tien,652.0,France,31.0,4,118342.26,1.0,0.0,0.0,161574.19,0,3.4657359027997265
15681081,Marrero,652.0,Spain,47.0,5,0.0,2.0,1.0,1.0,38970.14,0,3.8712010109078907
15684484,White,652.0,France,22.0,8,0.0,2.0,0.0,0.0,127587.22,0,3.1354942159291497
15785869,Pisano,652.0,France,25.0,7,0.0,2.0,1.0,0.0,30380.12,0,3.258096538021482
15763859,Brown,652.0,France,43.0,7,0.0,2.0,1.0,0.0,90908.95,0,3.784189633918261
15658935,Freeman,652.0,Germany,34.0,9,106937.05,2.0,1.0,0.0,138275.01,0,3.5553480614894135
15747358,Russell,652.0,Germany,59.0,3,170331.37,1.0,1.0,1.0,32171.79,0,4.0943445622221
15735203,Seleznyov,652.0,Germany,32.0,1,114510.85,1.0,1.0,1.0,126143.23,0,3.4965075614664802
15576256,Yusupova,652.0,France,39.0,5,0.0,2.0,1.0,1.0,129892.93,0,3.6888794541139363
15659420,Foley,652.0,Spain,32.0,3,107594.11,2.0,1.0,1.0,102416.84,0,3.4965075614664802
15593365,Shih,652.0,Spain,39.0,2,81273.13,1.0,1.0,1.0,18719.67,0,3.6888794541139363
15777352,Ikedinachukwu,652.0,Spain,32.0,7,169399.6,1.0,1.0,0.0,61936.22,0,3.4965075614664802
15812007,Power,652.0,Spain,25.0,6,0.0,2.0,1.0,1.0,78358.94,0,3.258096538021482
15625461,Amos,652.0,France,45.0,1,187841.99,2.0,1.0,1.0,147224.27,0,3.828641396489095
15739438,Reed,652.0,France,30.0,0,0.0,2.0,1.0,0.0,160979.66,0,3.4339872044851463
15611759,Simmons,652.0,Spain,57.0,8,126776.3,2.0,1.0,1.0,132298.49,0,4.060443010546419
15661629,Ricci,652.0,Spain,34.0,9,126436.29,1.0,1.0,0.0,174248.52,1,3.5553480614894135
15633950,Yen,652.0,France,41.0,1,101960.74,1.0,1.0,1.0,123547.28,0,3.7376696182833684
15592386,Campbell,652.0,France,58.0,3,0.0,2.0,0.0,1.0,32790.02,0,4.07753744390572
15803716,West,652.0,Spain,28.0,3,0.0,2.0,0.0,1.0,181543.67,0,3.367295829986474
15696674,Robinson,652.0,Germany,45.0,2,150842.93,1.0,0.0,1.0,2319.96,1,3.828641396489095
15706365,Bianchi,652.0,France,50.0,9,102535.57,1.0,1.0,1.0,189543.19,0,3.9318256327243257
15745088,Chen,652.0,Germany,29.0,9,99027.61,2.0,1.0,0.0,10940.4,0,3.4011973816621555
15676715,Madukaego,652.0,France,62.0,9,0.0,2.0,1.0,1.0,199493.38,0,4.23410650459726
15613085,Ibrahimova,652.0,Spain,33.0,3,0.0,1.0,1.0,1.0,188193.25,0,3.5263605246161616
15633537,Nolan,652.0,Germany,42.0,9,87271.41,2.0,1.0,0.0,172572.64,0,3.7612001156935624
15594720,Scott,652.0,Germany,35.0,8,102742.91,2.0,1.0,1.0,189339.6,0,3.58351893845611
15684042,Blair,652.0,Germany,34.0,2,40105.51,2.0,0.0,1.0,53512.16,0,3.5553480614894135
15583303,Monaldo,652.0,France,29.0,2,152265.43,1.0,1.0,0.0,34004.44,0,3.4011973816621555
15611579,Sutherland,652.0,Spain,42.0,4,141947.67,1.0,1.0,1.0,10598.29,0,3.7612001156935624
15774696,Cole,652.0,Germany,62.0,1,106307.91,2.0,0.0,1.0,113428.77,0,4.330733340286331
15694506,Briggs,652.0,Germany,31.0,0,107884.81,2.0,1.0,1.0,183487.98,0,3.4657359027997265
15688074,Gregory,652.0,Germany,31.0,1,125013.72,1.0,1.0,1.0,187658.09,0,3.4657359027997265
15759537,Bianchi,652.0,Germany,35.0,7,58469.37,2.0,1.0,1.0,172459.39,0,3.58351893845611
15758449,Angelo,652.0,France,39.0,8,0.0,1.0,0.0,1.0,21016.0,0,3.6888794541139363
15583456,Gardiner,652.0,Germany,45.0,10,117231.63,3.0,1.0,1.0,122381.02,1,3.828641396489095
15667871,Kerr,652.0,Spain,35.0,4,152390.26,1.0,1.0,0.0,128123.66,0,3.58351893845611
15677371,Ko,652.0,Spain,30.0,2,34013.63,1.0,1.0,0.0,19570.63,0,3.4339872044851463
15629677,Distefano,652.0,Spain,39.0,2,0.0,3.0,0.0,0.0,188150.6,1,3.6888794541139363
15713578,Farrell,652.0,France,50.0,9,0.0,2.0,1.0,1.0,111020.24,0,3.9318256327243257
15591509,Milano,652.0,France,36.0,7,101583.11,2.0,1.0,0.0,123775.15,0,3.6109179126442243
15568240,Ting,652.0,Germany,30.0,10,77168.87,2.0,0.0,1.0,146700.22,0,3.4339872044851463
15622993,Boyd,652.0,Germany,28.0,8,124695.72,2.0,1.0,0.0,145251.35,0,3.367295829986474
15689294,Onyemaechi,652.0,Germany,44.0,3,105934.96,1.0,1.0,0.0,82463.69,0,3.8066624897703196
15720910,Black,652.0,France,62.0,9,0.0,1.0,1.0,1.0,15928.49,0,4.204692619390966
15721181,Oliver,652.0,Spain,46.0,6,0.0,2.0,1.0,0.0,45886.33,0,3.8501476017100584
15776433,Greco,652.0,Spain,62.0,2,0.0,2.0,1.0,1.0,186489.95,0,4.143134726391533
15748936,Whitehead,652.0,Spain,45.0,2,0.0,2.0,0.0,1.0,162922.65,0,3.828641396489095
15717225,Ikemefuna,652.0,France,21.0,10,161525.96,2.0,1.0,0.0,9262.77,0,3.091042453358316
15685226,Morrison,652.0,Germany,29.0,7,147199.07,1.0,1.0,1.0,84932.4,0,3.4011973816621555
15785611,Onyeoruru,652.0,Germany,38.0,3,183102.29,1.0,1.0,1.0,71557.12,0,3.6635616461296463
15573456,Cunningham,652.0,Spain,46.0,9,127209.0,2.0,1.0,0.0,77405.95,1,3.8501476017100584
15684548,Demidov,652.0,Spain,38.0,8,0.0,2.0,0.0,0.0,417.41,1,3.6635616461296463
15620505,Celis,652.0,Spain,24.0,0,97378.54,1.0,1.0,1.0,71405.17,0,3.2188758248682006
15807432,Cheng,652.0,Germany,37.0,2,136925.09,2.0,0.0,1.0,153400.24,0,3.6375861597263857
15584766,Knight,652.0,France,33.0,3,54503.55,1.0,1.0,1.0,371.05,0,3.5263605246161616
15612187,Morin,652.0,Germany,32.0,8,155726.85,1.0,1.0,0.0,67789.99,0,3.4965075614664802
15762218,Mills,652.0,France,39.0,9,0.0,2.0,0.0,1.0,145894.9,0,3.6888794541139363
15646372,Outhwaite,652.0,France,62.0,1,135842.41,1.0,1.0,0.0,183840.51,1,4.204692619390966
15690452,Tung,652.0,France,52.0,1,63349.75,1.0,1.0,0.0,108887.44,0,3.970291913552122
15747795,Pai,652.0,Germany,38.0,4,129499.42,1.0,1.0,1.0,154071.27,0,3.6635616461296463
15781589,Carpenter,652.0,Spain,52.0,8,0.0,2.0,0.0,1.0,179291.85,0,3.970291913552122
15732674,Fennell,652.0,Spain,36.0,6,70438.01,2.0,0.0,1.0,56937.43,0,3.6109179126442243
15642291,Fontaine,652.0,France,23.0,8,0.0,2.0,1.0,1.0,112239.03,0,3.1780538303479458
15692761,Pratt,652.0,France,36.0,9,0.0,1.0,1.0,0.0,45909.87,0,3.6109179126442243
15578045,Mitchell,652.0,Spain,49.0,9,141434.04,1.0,0.0,0.0,173779.25,1,3.912023005428146
15745354,Franklin,652.0,Spain,37.0,4,0.0,2.0,1.0,0.0,125696.26,0,3.6375861597263857
15701376,K'ung,652.0,Germany,37.0,10,152958.29,2.0,1.0,1.0,159585.61,0,3.6375861597263857
15691625,Ko,652.0,Germany,41.0,3,138306.34,1.0,1.0,0.0,106761.47,0,3.7376696182833684
15566594,McKenzie,652.0,Spain,23.0,10,0.0,2.0,0.0,0.0,129590.18,0,3.1780538303479458
15760431,Pino,652.0,France,38.0,1,0.0,2.0,1.0,1.0,80006.65,0,3.6635616461296463
15686302,Fisk,652.0,Spain,31.0,3,124328.84,1.0,1.0,1.0,140451.52,0,3.4657359027997265
15801559,Chiang,652.0,Germany,41.0,9,181461.48,3.0,1.0,1.0,187929.43,1,3.7376696182833684
15810432,Moseley,652.0,Spain,35.0,8,0.0,2.0,1.0,0.0,167155.36,0,3.58351893845611
15809616,Hsiung,652.0,Spain,26.0,8,0.0,2.0,0.0,0.0,191420.71,0,3.295836866004329
15720559,Heath,652.0,Germany,61.0,5,110368.03,1.0,0.0,0.0,11384.45,1,4.127134385045092
15695632,Dellucci,652.0,France,39.0,9,89588.35,1.0,1.0,1.0,94898.1,0,3.6888794541139363
15659843,Li,652.0,France,46.0,6,0.0,2.0,0.0,0.0,106781.59,0,3.8501476017100584
15615624,De Salis,652.0,France,28.0,6,0.0,2.0,0.0,0.0,159508.52,0,3.367295829986474
15810418,T'ang,652.0,Germany,60.0,3,115924.89,1.0,1.0,0.0,93524.19,1,4.110873864173311
15716186,Richardson,652.0,France,38.0,2,0.0,2.0,1.0,0.0,87168.46,0,3.6635616461296463
15674551,Fitch,652.0,Germany,40.0,7,111756.5,1.0,1.0,0.0,8128.32,1,3.713572066704308
15622834,Stevenson,652.0,France,35.0,4,0.0,1.0,1.0,0.0,125518.32,0,3.58351893845611
15566111,Estes,652.0,France,39.0,9,0.0,1.0,1.0,0.0,48963.59,0,3.6888794541139363
15784597,Lattimore,652.0,France,26.0,9,162923.85,1.0,1.0,0.0,98368.24,0,3.295836866004329
15652883,Chung,652.0,Germany,39.0,10,124576.65,2.0,1.0,0.0,148584.61,0,3.6888794541139363
15806964,Utz,652.0,France,45.0,0,80793.58,1.0,1.0,1.0,27474.81,0,3.828641396489095
15576313,Wei,652.0,Germany,40.0,9,71340.09,1.0,1.0,0.0,76192.21,0,3.713572066704308
15806467,Boyle,652.0,Germany,40.0,1,99282.63,1.0,0.0,0.0,134600.94,1,3.713572066704308
15597602,Nwachinemelu,652.0,Germany,57.0,3,137946.39,1.0,1.0,1.0,72467.99,1,4.060443010546419
15743040,Kuznetsova,652.0,Germany,41.0,2,127892.57,2.0,0.0,1.0,199645.45,0,3.7376696182833684
15705521,Pisani,652.0,Germany,33.0,0,101084.36,1.0,1.0,0.0,42749.85,0,3.5263605246161616
15595039,Manna,652.0,Germany,37.0,8,114754.08,1.0,1.0,0.0,136050.44,1,3.6375861597263857
15799384,Collier,652.0,France,33.0,8,0.0,1.0,0.0,0.0,73564.44,0,3.5263605246161616
15581197,Ricci,652.0,France,51.0,3,99286.98,1.0,0.0,1.0,85578.63,0,3.9512437185814275
15693737,Carr,652.0,Germany,30.0,4,79871.02,2.0,1.0,0.0,129826.89,0,3.4339872044851463
15624623,Hs?,652.0,France,35.0,10,104088.59,2.0,0.0,0.0,119666.0,0,3.58351893845611
15783501,Findlay,652.0,France,38.0,2,168190.33,2.0,1.0,0.0,68052.08,0,3.6635616461296463
15690134,Hughes,652.0,Germany,42.0,3,85679.25,1.0,1.0,1.0,164104.74,0,3.7612001156935624
15782735,Chukwuemeka,652.0,France,35.0,3,0.0,1.0,0.0,0.0,80190.36,0,3.58351893845611
15611088,Genovese,652.0,France,31.0,9,0.0,2.0,1.0,0.0,84126.75,0,3.4657359027997265
15672145,Swift,652.0,France,34.0,7,121551.58,2.0,1.0,1.0,70179.0,0,3.5553480614894135
15732628,Ugoji,652.0,France,46.0,2,122220.19,1.0,1.0,1.0,118024.1,0,3.8501476017100584
15787470,Parkinson,652.0,Spain,47.0,3,116528.15,1.0,0.0,0.0,145704.19,1,3.8712010109078907
15803406,Ross,652.0,France,26.0,1,77780.29,1.0,0.0,1.0,183049.41,0,3.295836866004329
15730460,Oleary,652.0,France,37.0,2,0.0,1.0,0.0,0.0,120906.83,0,3.6375861597263857
15644572,Turnbull,652.0,France,40.0,4,125832.2,1.0,1.0,1.0,100433.83,0,3.713572066704308
15694860,Uspensky,652.0,France,38.0,6,68065.8,1.0,0.0,0.0,138777.0,1,3.6635616461296463
15658169,Cook,652.0,Spain,47.0,6,127299.34,2.0,1.0,0.0,124694.99,0,3.8712010109078907
15794396,Newbold,652.0,Germany,38.0,7,174937.64,1.0,1.0,0.0,40084.32,0,3.6635616461296463
15785798,Uchechukwu,652.0,France,40.0,9,0.0,2.0,0.0,1.0,119232.33,0,3.713572066704308
15710825,Ch'en,652.0,Spain,31.0,7,110071.1,1.0,0.0,0.0,43921.36,0,3.4657359027997265
15668444,He,652.0,Spain,44.0,3,139432.37,1.0,1.0,0.0,62222.81,0,3.8066624897703196
15726631,Hilton,652.0,France,39.0,6,127357.76,1.0,0.0,1.0,56577.0,0,3.6888794541139363
15733797,Sal,652.0,France,36.0,5,0.0,2.0,1.0,0.0,164253.35,0,3.6109179126442243
15747960,Eluemuno,652.0,France,33.0,3,0.0,1.0,1.0,1.0,7666.73,0,3.5263605246161616
15634632,Titus,652.0,France,38.0,3,0.0,2.0,1.0,0.0,68487.51,0,3.6635616461296463
15707362,Yin,652.0,Germany,43.0,1,95556.31,1.0,0.0,1.0,199273.98,1,3.784189633918261
15662976,Lettiere,652.0,Spain,37.0,8,0.0,1.0,1.0,1.0,186062.36,0,3.6375861597263857
15732778,Templeman,652.0,Germany,29.0,1,111681.98,2.0,1.0,1.0,195711.16,0,3.4011973816621555
15718443,Chibuzo,652.0,France,39.0,3,0.0,2.0,1.0,0.0,36692.17,0,3.6888794541139363
15670039,Sun,652.0,Spain,25.0,3,108738.71,2.0,1.0,0.0,106920.57,0,3.258096538021482
15773792,Evans,652.0,France,32.0,4,133950.37,1.0,1.0,1.0,48725.68,1,3.4965075614664802
15613786,Ogbonnaya,652.0,Spain,26.0,4,0.0,2.0,1.0,1.0,167036.94,0,3.295836866004329
15726032,Enyinnaya,652.0,France,33.0,9,89968.69,1.0,1.0,0.0,68777.26,0,3.5263605246161616
15663252,Olisanugo,652.0,Spain,32.0,9,0.0,2.0,1.0,1.0,18924.92,0,3.4965075614664802
15593782,Brookes,652.0,Germany,38.0,5,130878.75,3.0,1.0,0.0,71905.77,1,3.6635616461296463
15633283,Padovano,652.0,France,35.0,8,0.0,2.0,1.0,0.0,64833.28,0,3.58351893845611
15749167,Fisk,652.0,France,35.0,3,0.0,2.0,1.0,1.0,184843.77,0,3.58351893845611
15759298,Shih,652.0,Spain,27.0,10,134169.62,1.0,1.0,1.0,176730.02,0,3.332204510175204
15683625,Hare,652.0,France,37.0,1,149762.08,1.0,1.0,0.0,20629.4,1,3.6375861597263857
15635367,Muir,652.0,France,26.0,2,93844.69,1.0,1.0,0.0,28415.36,0,3.295836866004329
15681705,Fanucci,652.0,France,28.0,8,0.0,2.0,1.0,0.0,77231.27,0,3.367295829986474
15603156,Elewechi,652.0,France,33.0,1,0.0,2.0,1.0,0.0,102750.7,0,3.5263605246161616
15591986,Johnston,652.0,Germany,46.0,6,141078.37,1.0,0.0,0.0,34580.8,1,3.8501476017100584
15798888,Pisano,652.0,Germany,31.0,1,117992.59,1.0,1.0,1.0,183598.77,0,3.4657359027997265
15809722,Ankudinov,652.0,France,40.0,8,100812.33,2.0,1.0,0.0,147358.27,0,3.713572066704308
15677538,Nwokike,652.0,France,38.0,7,0.0,1.0,1.0,1.0,108469.2,0,3.6635616461296463
15797736,Smith,652.0,France,29.0,4,80262.6,1.0,1.0,1.0,20612.82,0,3.4011973816621555
15695585,Atkins,652.0,Spain,34.0,6,156478.62,1.0,0.0,1.0,181196.76,0,3.5553480614894135
15744398,Burns,652.0,France,23.0,5,0.0,2.0,1.0,0.0,160249.1,0,3.1780538303479458
15750658,Obiuto,652.0,France,37.0,8,0.0,3.0,0.0,0.0,110783.28,0,3.6375861597263857
15578186,Pirozzi,652.0,Germany,37.0,9,115217.99,2.0,1.0,0.0,144995.33,0,3.6375861597263857
15676519,George,652.0,Spain,61.0,9,0.0,2.0,1.0,0.0,150227.85,1,4.127134385045092
15637954,Lewis,652.0,France,35.0,0,155470.55,1.0,1.0,1.0,53718.28,0,3.58351893845611
15758639,Moran,652.0,France,37.0,7,0.0,2.0,1.0,0.0,75248.3,0,3.6375861597263857
15613772,Dalrymple,652.0,France,39.0,3,135096.77,1.0,1.0,1.0,14353.43,1,3.6888794541139363
15731744,Carslaw,652.0,France,30.0,2,0.0,2.0,0.0,1.0,130486.57,0,3.4339872044851463
15807709,Kirby,652.0,Germany,55.0,9,180075.22,1.0,1.0,1.0,100127.71,0,4.02535169073515
15714689,Houghton,652.0,Spain,29.0,1,97541.24,1.0,1.0,1.0,196356.17,0,3.4011973816621555
15699005,Martin,652.0,France,41.0,2,156067.05,1.0,1.0,1.0,9983.88,0,3.7376696182833684
15624170,Tan,652.0,France,38.0,4,81550.94,2.0,0.0,1.0,118974.77,0,3.6635616461296463
15725679,Hsia,652.0,France,47.0,6,0.0,1.0,0.0,0.0,194998.34,1,3.8712010109078907
15585865,Westerberg,652.0,France,38.0,2,170061.92,2.0,0.0,0.0,134901.34,1,3.6635616461296463
15804256,Hale,652.0,Germany,36.0,8,92310.54,2.0,1.0,1.0,72924.56,0,3.6109179126442243
15662403,Kryukova,652.0,France,32.0,6,169089.38,2.0,1.0,0.0,101057.95,0,3.4965075614664802
15733616,Sopuluchukwu,652.0,France,40.0,5,80613.93,1.0,1.0,1.0,142838.64,0,3.713572066704308
15591995,Barry,652.0,Germany,26.0,8,121581.56,2.0,1.0,1.0,127059.04,0,3.295836866004329
15677020,Selezneva,652.0,France,58.0,8,0.0,1.0,0.0,1.0,116503.92,1,4.07753744390572
15727688,Chizuoke,652.0,Spain,32.0,4,0.0,2.0,1.0,1.0,54405.79,0,3.4965075614664802
15715941,Lueck,652.0,France,54.0,5,0.0,2.0,1.0,1.0,88721.84,0,4.007333185232471
15714485,Udinese,652.0,France,60.0,5,85891.55,1.0,1.0,0.0,74135.48,1,4.110873864173311
15730059,Udobata,652.0,Spain,44.0,9,77637.35,2.0,1.0,1.0,111346.22,0,3.8066624897703196
15715527,Freeman,652.0,Spain,41.0,4,0.0,1.0,0.0,0.0,194902.16,0,3.7376696182833684
15576623,Outlaw,652.0,France,31.0,5,0.0,2.0,1.0,0.0,31474.27,0,3.4657359027997265
15805565,Obiuto,652.0,Germany,30.0,7,116927.89,1.0,1.0,0.0,21198.39,0,3.4339872044851463
15677307,Lo,652.0,Germany,40.0,6,137326.65,1.0,1.0,0.0,186976.6,0,3.713572066704308
15773890,Okechukwu,652.0,France,22.0,5,0.0,2.0,1.0,1.0,117202.19,0,3.1354942159291497
15598883,King,652.0,Spain,37.0,2,0.0,2.0,1.0,1.0,143739.29,0,3.6375861597263857
15568506,Forbes,652.0,Germany,31.0,10,67238.98,2.0,1.0,1.0,161811.23,0,3.4657359027997265
15761043,Macleod,652.0,Germany,38.0,6,86569.76,2.0,1.0,0.0,98090.91,0,3.6635616461296463
15782236,Gibbs,652.0,Spain,34.0,5,0.0,2.0,0.0,0.0,71095.41,0,3.5553480614894135
15593601,Isayev,652.0,France,34.0,6,133598.4,1.0,1.0,1.0,13107.24,0,3.5553480614894135
15682048,Pisano,652.0,France,51.0,3,136188.78,1.0,1.0,1.0,67110.59,1,3.9512437185814275
15746902,Belstead,652.0,Spain,38.0,9,0.0,2.0,1.0,0.0,88225.02,0,3.6635616461296463
15752081,Vassiliev,652.0,France,56.0,10,0.0,3.0,0.0,1.0,62256.87,1,4.04305126783455
15781307,Schneider,652.0,Germany,37.0,7,120092.52,2.0,1.0,0.0,135925.72,0,3.6375861597263857
15775912,Mazzanti,652.0,France,48.0,4,101238.24,2.0,0.0,1.0,177815.87,1,3.8918202981106265
15745417,Knipe,652.0,France,58.0,6,89685.92,1.0,0.0,1.0,126471.13,0,4.07753744390572
15671256,Macartney,652.0,France,35.0,1,211774.31,1.0,1.0,0.0,188574.12,1,3.58351893845611
15653547,Madukwe,652.0,France,56.0,7,131317.48,1.0,1.0,1.0,119175.45,0,4.04305126783455
15595766,Watts,652.0,Spain,37.0,5,93722.73,2.0,1.0,1.0,139093.73,0,3.6375861597263857
15742358,Humphreys,652.0,Germany,32.0,8,101160.99,1.0,1.0,1.0,115916.55,0,3.4965075614664802
15763274,Wu,652.0,France,48.0,3,120320.54,1.0,0.0,0.0,96463.25,0,3.8918202981106265
15786063,Chin,652.0,France,31.0,2,0.0,2.0,1.0,1.0,112349.51,0,3.4657359027997265
15600258,Chesnokova,652.0,France,43.0,2,0.0,2.0,1.0,1.0,165303.79,0,3.784189633918261
15573318,Kung,652.0,France,26.0,8,0.0,2.0,1.0,0.0,166031.08,0,3.295836866004329
15653849,Lu,652.0,Germany,48.0,3,152827.99,1.0,1.0,0.0,38411.79,1,3.8918202981106265
15694272,Nkemakolam,652.0,France,30.0,1,64097.75,1.0,1.0,1.0,77783.35,0,3.4339872044851463
15736112,Walton,652.0,Spain,57.0,2,119035.35,2.0,1.0,1.0,29871.79,0,4.060443010546419
15749851,Brookes,652.0,Spain,26.0,4,135219.57,1.0,0.0,1.0,59747.63,0,3.295836866004329
15663478,Baldwin,652.0,France,32.0,6,93694.42,1.0,1.0,1.0,79919.13,0,3.4965075614664802
15592300,Mai,652.0,Spain,35.0,10,59408.63,1.0,1.0,0.0,76773.53,0,3.58351893845611
15567832,Shih,652.0,France,40.0,7,114354.95,1.0,1.0,0.0,54018.93,0,3.713572066704308
15776780,He,652.0,France,59.0,1,0.0,1.0,1.0,0.0,70649.64,1,4.0943445622221
15592846,Fiorentini,652.0,Germany,35.0,10,128173.9,2.0,1.0,0.0,59093.39,0,3.58351893845611
15739803,Lucciano,652.0,Spain,34.0,9,0.0,2.0,1.0,0.0,127569.8,0,3.5553480614894135
15794142,Ferreira,652.0,Germany,62.0,5,114931.35,3.0,0.0,1.0,18260.98,1,4.143134726391533
15762729,Ukaegbunam,652.0,Germany,28.0,1,111071.36,1.0,1.0,0.0,73275.96,1,3.367295829986474
15667896,De Luca,652.0,France,37.0,8,151226.18,2.0,1.0,1.0,136129.49,0,3.6375861597263857
15626578,Milne,652.0,France,26.0,9,0.0,2.0,1.0,1.0,153237.59,0,3.295836866004329
15776223,Davide,652.0,France,42.0,4,64740.12,1.0,1.0,1.0,106841.12,0,3.7612001156935624
15705953,Kodilinyechukwu,652.0,Spain,51.0,0,169312.13,1.0,1.0,0.0,109078.35,1,3.9512437185814275
15802593,Little,652.0,France,49.0,7,0.0,3.0,0.0,1.0,87822.14,1,3.912023005428146
15615457,Burns,652.0,Spain,44.0,2,112652.08,2.0,1.0,0.0,126644.98,0,3.8066624897703196
15708916,Paterson,652.0,France,38.0,0,0.0,2.0,1.0,0.0,47414.15,0,3.6635616461296463
15720187,Han,652.0,Germany,30.0,7,143964.36,2.0,1.0,0.0,41879.99,0,3.4339872044851463
15595440,Kryukova,652.0,France,49.0,7,122451.46,2.0,1.0,1.0,75808.1,0,3.912023005428146
15600651,Ijendu,652.0,France,24.0,1,0.0,3.0,1.0,1.0,47911.03,0,3.2188758248682006
15750141,Reichard,652.0,Germany,36.0,3,65253.07,2.0,1.0,0.0,28737.78,0,3.6109179126442243
15657284,Day,652.0,Germany,47.0,6,106901.94,1.0,1.0,1.0,2079.2,1,3.8712010109078907
15763063,Price,652.0,Spain,25.0,10,128509.63,1.0,1.0,0.0,121562.33,0,3.258096538021482
15709324,Bruce,652.0,France,34.0,7,0.0,2.0,1.0,0.0,55003.79,0,3.5553480614894135
15711309,Sumrall,652.0,Germany,33.0,3,129834.67,1.0,1.0,0.0,193131.42,0,3.5263605246161616
15775318,Lu,652.0,Spain,51.0,3,154962.99,3.0,0.0,1.0,191932.27,1,3.9512437185814275
15705515,Lazarev,652.0,Germany,40.0,5,138241.9,2.0,1.0,0.0,159418.1,0,3.713572066704308
15634844,Miller,652.0,Germany,41.0,3,91536.93,1.0,1.0,0.0,191468.78,1,3.7376696182833684
15717046,Wentworth-Shields,652.0,Spain,53.0,3,0.0,2.0,1.0,1.0,38913.68,0,3.9889840465642745
15571816,Ritchie,652.0,Spain,62.0,5,0.0,1.0,1.0,1.0,705.18,0,4.2626798770413155
15670080,Mackenzie,652.0,Germany,29.0,7,105204.01,1.0,0.0,1.0,138490.03,0,3.4011973816621555
15800440,Power,652.0,Spain,61.0,1,152968.73,1.0,0.0,1.0,82970.69,0,4.127134385045092
15665678,Tan,652.0,Spain,36.0,8,158261.68,1.0,1.0,1.0,76744.72,0,3.6109179126442243
15665956,Pendergrass,652.0,France,46.0,1,0.0,1.0,1.0,0.0,71244.59,1,3.8501476017100584
15788126,Evans,652.0,Spain,38.0,6,121021.05,1.0,1.0,1.0,12182.15,0,3.6635616461296463
15811773,Hsia,652.0,France,36.0,4,0.0,2.0,1.0,1.0,141210.5,0,3.6109179126442243
15651674,Billson,652.0,Spain,54.0,2,0.0,1.0,0.0,0.0,191763.07,1,4.007333185232471
15689614,Teng,652.0,Spain,62.0,1,137715.66,1.0,1.0,1.0,37938.74,0,4.1588830833596715
15795564,Moretti,652.0,Germany,31.0,5,121192.22,2.0,1.0,1.0,74890.58,0,3.4657359027997265
15706647,Jordan,652.0,France,31.0,7,0.0,3.0,1.0,1.0,166698.18,0,3.4657359027997265
15728505,Ts'ao,652.0,France,44.0,1,100486.18,2.0,1.0,1.0,62678.53,0,3.8066624897703196
15730076,Osborne,652.0,France,45.0,1,0.0,1.0,1.0,0.0,67740.08,1,3.828641396489095
15622003,Carslaw,652.0,France,35.0,9,92566.53,2.0,1.0,0.0,161519.77,0,3.58351893845611
15607312,Ch'ang,652.0,Spain,49.0,10,0.0,2.0,1.0,1.0,159835.78,1,3.912023005428146
15644753,Hung,652.0,Spain,40.0,3,110929.96,1.0,1.0,1.0,30876.84,0,3.713572066704308
15653620,Gordon,652.0,France,27.0,8,0.0,2.0,1.0,1.0,14858.1,0,3.332204510175204
15761986,Obialo,652.0,Spain,32.0,3,138901.61,1.0,1.0,0.0,75685.97,0,3.4965075614664802
15633922,Gray,652.0,France,30.0,4,123217.66,2.0,0.0,1.0,144183.1,0,3.4339872044851463
15734674,Lin,652.0,France,41.0,6,0.0,1.0,1.0,0.0,65170.66,0,3.7376696182833684
15658032,Hopkins,652.0,France,39.0,2,0.0,2.0,1.0,1.0,82526.92,0,3.6888794541139363
15692671,Dobson,652.0,Spain,36.0,8,0.0,2.0,1.0,0.0,169161.46,0,3.6109179126442243
15737741,McKay,652.0,Spain,33.0,2,108431.87,2.0,0.0,1.0,109291.39,1,3.5263605246161616
15576352,Revell,652.0,Spain,57.0,3,0.0,2.0,0.0,1.0,6057.81,0,4.060443010546419
15753719,Rickards,652.0,Germany,30.0,9,72392.41,1.0,1.0,0.0,77077.14,0,3.4339872044851463
15803689,Begum,652.0,Germany,51.0,1,119741.77,2.0,0.0,0.0,54954.51,1,3.9512437185814275
15718057,Onyinyechukwuka,652.0,France,51.0,2,100946.71,1.0,0.0,0.0,179614.8,1,3.9512437185814275
15722010,Zuyev,652.0,Spain,53.0,9,170491.84,1.0,1.0,0.0,35588.07,1,3.9889840465642745
15680998,Nwankwo,652.0,France,44.0,5,0.0,1.0,1.0,1.0,117356.14,0,3.8066624897703196
15614782,Hao,652.0,France,36.0,1,0.0,1.0,1.0,0.0,160696.72,0,3.6109179126442243
15591047,Ma,652.0,Spain,47.0,6,157296.02,2.0,0.0,0.0,147278.43,1,3.8712010109078907
15788291,Okwuadigbo,652.0,Germany,38.0,7,144606.22,1.0,1.0,1.0,56594.36,1,3.6635616461296463
15604044,Mitchell,652.0,France,38.0,8,134811.3,1.0,1.0,0.0,1299.75,0,3.6635616461296463
15679587,Chan,652.0,France,34.0,9,115897.12,1.0,1.0,1.0,25095.03,0,3.5553480614894135
15775153,Buchi,652.0,Spain,32.0,4,82034.0,1.0,0.0,0.0,146326.45,0,3.4965075614664802
15603925,Greco,652.0,Spain,26.0,4,174318.13,2.0,0.0,1.0,38296.21,0,3.295836866004329
15680970,Lombardi,652.0,Germany,41.0,2,114206.84,1.0,1.0,0.0,164061.6,0,3.7376696182833684
15697183,Uchenna,652.0,Spain,43.0,9,0.0,2.0,1.0,0.0,107811.28,0,3.784189633918261
15567446,Coffman,652.0,Germany,39.0,9,111574.41,1.0,1.0,1.0,30838.51,0,3.6888794541139363
15637476,Alexandrova,652.0,Germany,57.0,5,162448.69,1.0,0.0,0.0,9221.78,1,4.060443010546419
15714939,Fallaci,652.0,Germany,34.0,4,148249.54,1.0,0.0,1.0,33738.27,0,3.5553480614894135
15683503,Hudson,652.0,France,43.0,8,0.0,3.0,0.0,1.0,110916.15,1,3.784189633918261
15645569,Mai,652.0,Spain,26.0,7,123709.46,2.0,1.0,1.0,169654.57,0,3.295836866004329
15782569,Stout,652.0,France,62.0,9,0.0,1.0,0.0,1.0,69829.4,0,4.290459441148391
15592387,Burke,652.0,France,30.0,5,0.0,1.0,1.0,0.0,54926.51,1,3.4339872044851463
15609286,Chadwick,652.0,France,37.0,10,150525.8,1.0,1.0,1.0,94728.49,0,3.6375861597263857
15814035,Lawrence,652.0,France,29.0,9,0.0,1.0,1.0,1.0,80393.27,0,3.4011973816621555
15661249,Bellucci,652.0,France,53.0,4,0.0,2.0,0.0,1.0,111307.98,0,3.9889840465642745
15629117,Harper,652.0,France,28.0,10,0.0,2.0,1.0,0.0,19834.32,0,3.367295829986474
15607170,Boyle,652.0,France,35.0,5,0.0,2.0,1.0,1.0,78397.24,0,3.58351893845611
15586585,Duncan,652.0,Germany,51.0,2,111018.98,1.0,1.0,0.0,86410.28,0,3.9512437185814275
15686611,Moss,652.0,France,30.0,10,129755.99,1.0,0.0,0.0,172749.65,0,3.4339872044851463
15603203,Avdeyeva,652.0,France,27.0,6,0.0,2.0,1.0,0.0,1002.39,0,3.332204510175204
15619857,Crawford,652.0,France,62.0,2,129555.7,1.0,1.0,1.0,13601.79,0,4.174387269895637
15805062,Lynton,652.0,Spain,38.0,1,87202.38,1.0,1.0,1.0,77866.91,0,3.6635616461296463
15660271,Duncan,652.0,Germany,26.0,8,146133.39,1.0,1.0,1.0,175296.76,0,3.295836866004329
15745295,Gether,652.0,Spain,31.0,0,0.0,1.0,1.0,0.0,121751.04,1,3.4657359027997265
15719352,Davidson,652.0,Spain,39.0,6,170184.99,2.0,1.0,0.0,89593.26,0,3.6888794541139363
15766575,Larionova,652.0,Germany,62.0,8,140745.33,1.0,1.0,0.0,193437.89,1,4.143134726391533
15594594,Loggia,652.0,Spain,42.0,7,139070.51,1.0,1.0,1.0,86945.0,0,3.7612001156935624
15646161,Steinhoff,652.0,Spain,37.0,8,0.0,2.0,1.0,1.0,183318.79,0,3.6375861597263857
15682585,Guerra,652.0,France,35.0,9,114193.24,1.0,1.0,0.0,71154.1,0,3.58351893845611
15603134,Pai,652.0,Spain,40.0,10,167878.5,1.0,0.0,1.0,151887.16,0,3.713572066704308
15636444,Craig,652.0,Germany,53.0,5,141616.55,2.0,1.0,1.0,75888.65,0,3.9889840465642745
15773456,Lazareva,652.0,Germany,36.0,3,145747.67,2.0,0.0,1.0,89566.74,0,3.6109179126442243
15745307,Ch'iu,652.0,Spain,48.0,2,129120.64,1.0,0.0,1.0,26475.79,0,3.8918202981106265
15604119,Alderete,652.0,Spain,35.0,7,110349.82,1.0,0.0,0.0,126355.8,0,3.58351893845611
15626900,Kung,652.0,France,29.0,1,141325.56,1.0,1.0,1.0,93839.3,0,3.4011973816621555
15605447,Palermo,652.0,France,49.0,2,78653.84,1.0,1.0,0.0,7698.6,0,3.912023005428146
15589030,Ts'ai,652.0,France,47.0,1,0.0,2.0,1.0,1.0,145593.85,0,3.8712010109078907
15692463,Rahman,652.0,Spain,28.0,3,142253.65,1.0,1.0,0.0,45042.56,0,3.367295829986474
15712403,McMillan,652.0,France,61.0,1,0.0,1.0,1.0,0.0,61108.56,1,4.127134385045092
15811762,Pickering,652.0,Germany,54.0,6,115988.86,1.0,1.0,0.0,57553.98,1,4.007333185232471
15718673,Mirams,652.0,Spain,33.0,10,75592.43,1.0,1.0,0.0,62674.42,0,3.5263605246161616
15724282,Tsao,652.0,Germany,44.0,3,164113.04,2.0,1.0,1.0,12120.79,0,3.8066624897703196
15738181,Douglas,652.0,France,31.0,6,67996.23,2.0,0.0,0.0,50129.87,1,3.4657359027997265
15633648,Jideofor,652.0,Spain,51.0,5,0.0,2.0,1.0,0.0,55022.43,0,3.9512437185814275
15603323,Bell,652.0,Spain,33.0,1,0.0,2.0,0.0,0.0,117834.91,0,3.5263605246161616
15583725,Mairinger,652.0,France,48.0,1,138778.15,1.0,0.0,1.0,168840.23,0,3.8918202981106265
15588350,McIntyre,652.0,France,43.0,10,147832.15,1.0,0.0,1.0,24234.11,0,3.784189633918261
15798398,Pagnotto,652.0,France,36.0,4,135438.4,1.0,0.0,0.0,190627.01,0,3.6109179126442243
15784844,K'ung,652.0,Spain,48.0,5,116060.08,1.0,1.0,0.0,156618.38,1,3.8918202981106265
15580684,Feng,652.0,France,29.0,5,112564.62,1.0,1.0,0.0,42334.38,0,3.4011973816621555
15809663,Donaldson,652.0,France,27.0,1,125406.58,1.0,1.0,1.0,110784.42,0,3.332204510175204
15640078,Chambers,652.0,Germany,39.0,5,135134.99,1.0,1.0,0.0,173683.0,1,3.6888794541139363
15698786,Marcelo,652.0,France,39.0,9,133102.92,1.0,1.0,0.0,27046.46,1,3.6888794541139363
15569807,Ejimofor,652.0,France,34.0,8,42157.08,1.0,1.0,0.0,20598.59,1,3.5553480614894135
15730830,Dale,652.0,France,30.0,3,0.0,2.0,1.0,1.0,104991.28,0,3.4339872044851463
15805112,Pokrovsky,652.0,France,38.0,7,82259.29,1.0,1.0,0.0,8996.97,0,3.6635616461296463
15633064,Stonebraker,652.0,France,36.0,4,0.0,2.0,1.0,0.0,64420.5,0,3.6109179126442243
15703119,Liang,652.0,France,38.0,6,0.0,2.0,1.0,1.0,145700.22,0,3.6635616461296463
15730447,Anderson,652.0,France,49.0,4,0.0,2.0,1.0,1.0,196335.48,0,3.912023005428146
15813850,Christian,652.0,France,52.0,7,0.0,1.0,1.0,1.0,14781.12,0,3.970291913552122
15711889,Mao,652.0,France,42.0,3,150461.07,1.0,1.0,0.0,108139.23,0,3.7612001156935624
15664610,Campbell,652.0,Germany,48.0,4,133994.52,1.0,1.0,1.0,19287.06,1,3.8918202981106265
15751710,Ginikanwa,652.0,Spain,31.0,8,164870.81,2.0,1.0,1.0,9567.39,0,3.4657359027997265
15692926,Toscani,652.0,Germany,25.0,8,121702.73,1.0,1.0,1.0,132210.49,0,3.258096538021482
15813741,Nnachetam,652.0,Spain,25.0,6,193858.2,1.0,0.0,1.0,21600.11,0,3.258096538021482
15698474,Sagese,652.0,Germany,54.0,1,131039.97,2.0,1.0,1.0,199661.5,0,4.007333185232471
15568595,Fleming,652.0,France,62.0,9,113829.45,1.0,1.0,1.0,124341.49,0,4.174387269895637
15603065,Grubb,652.0,France,30.0,6,0.0,2.0,1.0,0.0,15766.1,0,3.4339872044851463
15592937,Napolitani,652.0,Germany,41.0,3,81877.38,1.0,1.0,1.0,33642.21,0,3.7376696182833684
15699637,Anenechi,652.0,Spain,57.0,8,116326.07,1.0,1.0,1.0,117704.65,0,4.060443010546419
15667215,Chandler,652.0,France,31.0,2,0.0,2.0,1.0,1.0,58803.28,0,3.4657359027997265
15788659,Howells,652.0,France,46.0,4,0.0,2.0,1.0,1.0,137537.22,0,3.8501476017100584
15763218,Akeroyd,652.0,France,41.0,1,0.0,2.0,0.0,1.0,131300.68,0,3.7376696182833684
15645772,Onwumelu,652.0,France,33.0,9,0.0,2.0,1.0,1.0,84174.81,0,3.5263605246161616
15725511,Wallace,652.0,France,31.0,3,127070.73,1.0,0.0,1.0,160941.78,0,3.4657359027997265
15575024,Uwaezuoke,652.0,France,29.0,3,0.0,2.0,1.0,1.0,143954.99,0,3.4011973816621555
15640825,Loyau,652.0,Spain,46.0,3,122549.64,1.0,1.0,1.0,56297.85,0,3.8501476017100584
15662397,Small,652.0,France,42.0,5,176099.13,1.0,1.0,1.0,8404.73,0,3.7612001156935624
15576368,Bledsoe,652.0,Germany,48.0,3,122388.38,2.0,0.0,0.0,30020.09,0,3.8918202981106265
15674991,Kao,652.0,France,42.0,9,0.0,2.0,0.0,1.0,58137.42,0,3.7612001156935624
15721024,Wickens,652.0,France,26.0,0,0.0,1.0,0.0,0.0,47472.68,0,3.295836866004329
15745621,Wertheim,652.0,Spain,32.0,6,118879.35,2.0,1.0,1.0,19131.71,0,3.4965075614664802
15642394,He,652.0,Spain,35.0,5,0.0,2.0,1.0,1.0,187288.5,0,3.58351893845611
15754605,Jarvis,652.0,France,39.0,5,0.0,2.0,1.0,1.0,17603.81,0,3.6888794541139363
15607040,P'an,652.0,Spain,38.0,4,88736.44,2.0,1.0,0.0,67020.03,0,3.6635616461296463
15715142,Repina,652.0,Germany,45.0,7,102703.62,1.0,0.0,1.0,147802.94,1,3.828641396489095
15810978,Pugliesi,652.0,Spain,62.0,1,0.0,2.0,1.0,1.0,41610.62,0,4.2626798770413155
15668886,Blakey,652.0,Spain,38.0,3,0.0,2.0,1.0,0.0,44255.65,0,3.6635616461296463
15780804,Nucci,652.0,France,55.0,5,97318.25,1.0,0.0,1.0,78416.14,0,4.02535169073515
15613880,Higinbotham,652.0,Spain,58.0,5,128468.69,1.0,0.0,1.0,137254.55,0,4.07753744390572
15775238,Achebe,652.0,Germany,41.0,4,133432.59,1.0,0.0,1.0,151303.48,0,3.7376696182833684
15786905,Russo,652.0,Germany,40.0,8,141782.57,2.0,0.0,0.0,86333.63,0,3.713572066704308
15747867,Trevisani,652.0,France,24.0,9,135125.28,1.0,0.0,0.0,89801.9,0,3.2188758248682006
15600337,Dobie,652.0,Spain,42.0,2,178820.91,1.0,0.0,0.0,29358.57,1,3.7612001156935624
15801277,Maccallum,652.0,France,31.0,2,112212.14,2.0,1.0,1.0,181600.72,0,3.4657359027997265
15579334,Watkins,652.0,Germany,45.0,5,126674.81,1.0,1.0,0.0,124118.71,1,3.828641396489095
15802741,Mitchel,652.0,France,51.0,7,136294.97,1.0,1.0,0.0,38867.46,1,3.9512437185814275
15720649,Ferdinand,652.0,France,36.0,5,66392.64,1.0,1.0,0.0,31106.67,0,3.6109179126442243
15589493,Otitodilinna,652.0,Germany,27.0,1,122552.34,2.0,1.0,0.0,67611.36,0,3.332204510175204
15688251,Mamelu,652.0,France,43.0,1,76408.85,2.0,1.0,0.0,77837.63,0,3.784189633918261
15665238,Beneventi,652.0,Germany,36.0,8,145071.24,1.0,0.0,0.0,6078.46,0,3.6109179126442243
15740900,Perrodin,652.0,France,34.0,6,0.0,2.0,1.0,1.0,177896.92,0,3.5553480614894135
15681068,Chinagorom,652.0,France,45.0,2,109730.22,1.0,1.0,1.0,123882.73,0,3.828641396489095
15748625,Napolitano,652.0,France,57.0,6,0.0,2.0,1.0,1.0,15304.08,0,4.060443010546419
15727299,Edgar,652.0,Spain,62.0,1,64119.38,1.0,1.0,1.0,76569.64,1,4.143134726391533
15620204,Walker,652.0,Germany,57.0,1,106138.33,2.0,1.0,1.0,120657.32,1,4.060443010546419
15669516,Steele,652.0,Spain,36.0,2,0.0,2.0,1.0,1.0,16436.56,0,3.6109179126442243
15736534,Elkins,652.0,Germany,33.0,0,181656.51,1.0,1.0,1.0,107667.91,0,3.5263605246161616
15803457,Hao,652.0,France,32.0,5,0.0,2.0,1.0,0.0,95611.47,0,3.4965075614664802
15659098,Toscano,652.0,France,30.0,7,95128.86,1.0,0.0,0.0,19799.26,0,3.4339872044851463
15603436,Savage,652.0,Spain,49.0,2,126615.94,2.0,0.0,1.0,123214.74,0,3.912023005428146
15566292,Okwuadigbo,652.0,Spain,36.0,1,0.0,2.0,0.0,1.0,71709.12,0,3.6109179126442243
15808621,Mordvinova,652.0,Germany,36.0,2,76190.48,2.0,1.0,1.0,149066.14,0,3.6109179126442243
15580148,Welch,652.0,Germany,40.0,5,168286.81,3.0,1.0,0.0,20451.99,1,3.713572066704308
15776231,Kent,652.0,Germany,35.0,4,88109.81,1.0,1.0,1.0,32825.5,0,3.58351893845611
15773809,Campbell,652.0,France,42.0,4,0.0,2.0,1.0,0.0,6232.31,0,3.7612001156935624
15649423,Cooper,652.0,France,35.0,8,0.0,2.0,0.0,1.0,10357.03,0,3.58351893845611
15734886,Mazzi,652.0,France,34.0,3,123971.51,2.0,1.0,0.0,147794.63,0,3.5553480614894135
15722548,Fisher,652.0,France,48.0,0,148116.48,1.0,0.0,0.0,116973.48,0,3.8918202981106265
15650288,Summers,652.0,Germany,35.0,6,116269.01,1.0,1.0,0.0,129964.94,0,3.58351893845611
15629448,Brady,652.0,Spain,38.0,1,120599.21,1.0,1.0,0.0,92816.86,0,3.6635616461296463
15716164,Nicholls,652.0,France,41.0,3,144260.5,1.0,1.0,0.0,172114.67,0,3.7376696182833684
15807609,Yuan,652.0,Spain,25.0,3,86605.5,3.0,1.0,0.0,16649.31,1,3.258096538021482
15578977,Robinson,652.0,France,34.0,9,0.0,2.0,1.0,0.0,144517.19,0,3.5553480614894135
15677369,Golubov,652.0,Germany,37.0,4,58629.97,1.0,0.0,0.0,182038.6,0,3.6375861597263857
15804072,Chen,652.0,Spain,42.0,5,0.0,2.0,0.0,0.0,24210.56,0,3.7612001156935624
15696859,Oldham,652.0,France,45.0,10,0.0,2.0,0.0,0.0,172175.9,0,3.828641396489095
15653780,Kambinachi,652.0,France,43.0,5,0.0,1.0,1.0,1.0,47578.45,0,3.784189633918261
15721658,Fleming,652.0,Spain,56.0,2,209767.31,2.0,1.0,1.0,150694.42,1,4.04305126783455
15578761,Cunningham,652.0,Spain,42.0,6,129634.25,2.0,1.0,1.0,177683.02,1,3.7612001156935624
15736879,Obinna,652.0,France,23.0,1,0.0,2.0,0.0,0.0,66088.83,0,3.1780538303479458
15571973,Chinwemma,652.0,France,38.0,2,169824.46,1.0,1.0,0.0,169291.7,0,3.6635616461296463
15626742,Carpenter,652.0,France,36.0,3,97530.25,1.0,1.0,1.0,117140.41,0,3.6109179126442243
15672692,Yin,652.0,France,42.0,10,145988.65,2.0,1.0,1.0,79510.37,0,3.7612001156935624
15673570,Olsen,652.0,France,37.0,9,0.0,2.0,0.0,1.0,77108.66,0,3.6375861597263857
15767432,Ts'ai,652.0,France,25.0,7,0.0,3.0,1.0,1.0,9679.28,0,3.258096538021482
15654238,Jen,652.0,France,40.0,5,137494.28,1.0,1.0,0.0,81753.92,0,3.713572066704308
15612525,Preston,652.0,France,57.0,1,0.0,1.0,0.0,0.0,131372.38,1,4.060443010546419
15812750,Ozioma,652.0,France,24.0,6,147360.0,1.0,1.0,1.0,25310.82,0,3.2188758248682006
15790757,Cody,652.0,France,25.0,10,0.0,2.0,0.0,0.0,187925.75,0,3.258096538021482
15723873,Ponomarev,652.0,Spain,31.0,3,125167.02,1.0,0.0,0.0,98820.39,0,3.4657359027997265
15744607,Martin,652.0,Germany,43.0,9,121152.05,2.0,1.0,0.0,64166.7,1,3.784189633918261
15612966,Milani,652.0,Germany,60.0,7,128981.07,1.0,0.0,1.0,176924.21,1,4.110873864173311
15784209,Tang,652.0,France,47.0,6,0.0,1.0,1.0,1.0,90055.08,0,3.8712010109078907
15794278,Romani,652.0,Spain,62.0,6,151858.98,1.0,1.0,1.0,72814.31,0,4.219507705176107
15766741,McIntyre,652.0,France,36.0,2,114628.4,1.0,0.0,1.0,168290.06,0,3.6109179126442243
15661036,Davis,652.0,France,46.0,6,0.0,2.0,1.0,0.0,161767.38,0,3.8501476017100584
15705639,Onyemauchechukwu,652.0,France,28.0,8,95059.02,2.0,1.0,0.0,44420.18,0,3.367295829986474
15637414,Gell,652.0,France,24.0,7,128736.39,1.0,0.0,1.0,37147.61,0,3.2188758248682006
15716835,Rossi,652.0,France,24.0,8,156325.38,1.0,1.0,1.0,125381.02,0,3.2188758248682006
15696231,Chiwetelu,652.0,France,29.0,7,105405.97,1.0,1.0,1.0,149853.89,0,3.4011973816621555
15641675,Kirillova,652.0,France,49.0,2,88915.37,3.0,0.0,0.0,161435.02,1,3.912023005428146
15670755,Shaw,652.0,France,60.0,8,0.0,2.0,1.0,1.0,102925.76,0,4.110873864173311
15640059,Smith,652.0,France,40.0,5,0.0,2.0,1.0,1.0,70899.27,0,3.713572066704308
15787619,Hsieh,652.0,France,18.0,2,160980.03,1.0,0.0,0.0,145936.28,0,2.9444389791664403
15587535,Onyemauchechukwu,652.0,Spain,46.0,5,177619.71,1.0,1.0,0.0,54227.06,0,3.8501476017100584
15813034,Martin,652.0,Spain,38.0,2,62276.99,1.0,1.0,1.0,59280.79,0,3.6635616461296463
15698839,Okwudilichukwu,652.0,Germany,46.0,4,127559.97,2.0,1.0,1.0,126952.5,0,3.8501476017100584
15790314,Onuoha,652.0,France,41.0,0,0.0,2.0,0.0,1.0,130567.02,0,3.7376696182833684
15634245,Muecke,652.0,Germany,47.0,9,95523.16,1.0,1.0,0.0,73294.48,0,3.8712010109078907
15677305,Hsieh,652.0,France,35.0,7,107749.03,1.0,1.0,1.0,3937.37,0,3.58351893845611
15661526,Anderson,652.0,Germany,37.0,2,110777.26,2.0,1.0,0.0,2383.59,0,3.6375861597263857
15685997,Azubuike,652.0,Spain,39.0,5,166733.92,2.0,1.0,0.0,14279.44,0,3.6888794541139363
15660101,Nnonso,652.0,France,31.0,9,157120.86,2.0,1.0,0.0,141300.53,0,3.4657359027997265
15637979,Fuller,652.0,Germany,36.0,2,127160.78,2.0,1.0,0.0,78140.75,0,3.6109179126442243
15815364,Ashley,652.0,Spain,28.0,2,0.0,2.0,1.0,1.0,117431.1,0,3.367295829986474
15647099,Ts'ui,652.0,France,37.0,9,156091.97,1.0,1.0,0.0,72008.61,0,3.6375861597263857
15625944,Buccho,652.0,France,58.0,5,98668.18,1.0,1.0,1.0,60887.58,0,4.07753744390572
15583212,Chidozie,652.0,France,43.0,5,134022.06,1.0,1.0,0.0,194764.83,0,3.784189633918261
15582741,Maclean,652.0,France,35.0,5,124151.09,1.0,1.0,0.0,88705.14,1,3.58351893845611
15637876,Burns,652.0,Germany,36.0,6,77253.5,1.0,0.0,0.0,35817.97,1,3.6109179126442243
15622750,Chu,652.0,Germany,21.0,1,114292.48,1.0,1.0,0.0,31520.4,0,3.091042453358316
15672056,Kenenna,652.0,Germany,43.0,2,140080.32,3.0,1.0,1.0,157908.19,1,3.784189633918261
15812351,Beluchi,652.0,Spain,27.0,2,135277.96,1.0,1.0,0.0,142200.15,0,3.332204510175204
15810864,Williamson,652.0,France,62.0,2,0.0,2.0,0.0,1.0,182055.36,0,4.418840607796598
15677921,Bobrov,652.0,Germany,60.0,9,115920.62,2.0,0.0,0.0,157552.08,1,4.110873864173311
15724296,Kerr,652.0,Spain,41.0,2,119782.72,2.0,0.0,0.0,120284.67,0,3.7376696182833684
15685329,McKenzie,652.0,France,62.0,1,114715.71,1.0,0.0,1.0,24506.95,1,4.1588830833596715
15584091,Pitts,652.0,Germany,36.0,2,129748.54,2.0,0.0,0.0,47271.61,1,3.6109179126442243
15640442,Standish,652.0,France,31.0,4,129722.57,1.0,0.0,0.0,41176.6,0,3.4657359027997265
15639314,Cartwright,652.0,France,32.0,2,0.0,2.0,0.0,1.0,9468.64,0,3.4965075614664802
15685320,Johnstone,652.0,France,36.0,3,139180.2,1.0,0.0,0.0,123880.19,0,3.6109179126442243
15789158,Nikitina,652.0,Germany,49.0,6,113599.74,2.0,1.0,0.0,158887.09,1,3.912023005428146
15752137,McElroy,652.0,France,33.0,7,134944.0,1.0,1.0,1.0,117036.38,0,3.5263605246161616
15712551,Shen,652.0,Germany,58.0,7,116922.25,1.0,1.0,0.0,120415.61,1,4.07753744390572
15628936,Archer,652.0,Spain,28.0,9,118945.09,1.0,0.0,0.0,16064.25,1,3.367295829986474
15797227,Otutodilinna,652.0,France,28.0,8,0.0,2.0,1.0,1.0,52615.62,0,3.367295829986474
15769974,Shih,652.0,Spain,35.0,8,119182.73,1.0,0.0,0.0,121210.09,0,3.58351893845611
15737051,Denisov,652.0,France,27.0,8,0.0,2.0,1.0,0.0,192247.35,0,3.332204510175204
15585595,Owens,652.0,France,28.0,1,71264.02,2.0,0.0,1.0,68759.57,0,3.367295829986474
15654060,P'eng,652.0,France,41.0,2,0.0,2.0,0.0,1.0,75937.47,0,3.7376696182833684
15745196,Verco,652.0,France,35.0,8,0.0,2.0,0.0,0.0,84569.13,0,3.58351893845611
15571221,Bergamaschi,652.0,Germany,58.0,7,116313.57,1.0,1.0,1.0,190696.35,1,4.07753744390572
15660155,Lorenzo,652.0,Spain,36.0,5,92140.15,1.0,0.0,1.0,67468.67,0,3.6109179126442243
15605284,Outtrim,652.0,France,26.0,1,0.0,2.0,1.0,1.0,104435.94,0,3.295836866004329
15694366,Hou,652.0,Germany,42.0,2,177640.09,1.0,0.0,1.0,47166.55,0,3.7612001156935624
15600739,Galkin,652.0,Spain,35.0,0,0.0,2.0,1.0,0.0,119899.52,0,3.58351893845611
15653253,Pagnotto,652.0,Spain,48.0,8,167997.6,1.0,1.0,1.0,173498.45,0,3.8918202981106265
15763431,Echezonachukwu,652.0,France,36.0,2,82275.35,2.0,1.0,1.0,93249.26,0,3.6109179126442243
15643696,Young,652.0,France,49.0,3,0.0,2.0,1.0,1.0,142917.54,0,3.912023005428146
15707473,Summers,652.0,Germany,48.0,6,111962.99,1.0,1.0,0.0,111755.8,0,3.8918202981106265
15769504,Munro,652.0,Germany,34.0,1,131736.88,1.0,1.0,1.0,108543.21,0,3.5553480614894135
15776807,Brennan,652.0,France,29.0,1,0.0,1.0,1.0,0.0,180345.44,0,3.4011973816621555
15686870,Ball,652.0,Germany,36.0,8,108239.11,2.0,0.0,0.0,99444.02,0,3.6109179126442243
15668747,Virgo,652.0,France,46.0,9,98444.19,1.0,0.0,1.0,109563.28,0,3.8501476017100584
15766908,Trevisani,652.0,Germany,32.0,3,114540.38,1.0,1.0,0.0,92568.07,0,3.4965075614664802
15570134,Padovano,652.0,France,35.0,6,187530.66,2.0,1.0,1.0,37976.36,0,3.58351893845611
15567367,Tao,652.0,Germany,42.0,9,133636.16,1.0,0.0,1.0,103315.74,0,3.7612001156935624
15747542,Perez,652.0,France,52.0,7,0.0,2.0,1.0,1.0,173952.5,0,3.970291913552122
15762238,Fraser,652.0,Germany,44.0,0,84745.03,2.0,0.0,1.0,34673.98,0,3.8066624897703196
15681554,Alley,652.0,Germany,31.0,7,120599.38,2.0,1.0,1.0,46163.44,0,3.4657359027997265
15712825,Howells,652.0,Spain,29.0,9,0.0,2.0,0.0,1.0,140676.98,0,3.4011973816621555
15640280,Cameron,652.0,France,39.0,4,127771.35,2.0,0.0,1.0,151738.54,0,3.6888794541139363
15756026,Hooper,652.0,Spain,46.0,9,0.0,1.0,0.0,0.0,14679.81,1,3.8501476017100584
15613319,Rice,652.0,France,33.0,0,0.0,1.0,0.0,0.0,175544.02,0,3.5263605246161616
15798906,Cox,652.0,France,62.0,5,0.0,2.0,1.0,1.0,181964.6,0,4.248495242049359
15708917,Martin,652.0,Germany,53.0,10,167772.96,1.0,1.0,1.0,136886.86,0,3.9889840465642745
15778463,Ikenna,652.0,France,37.0,6,95845.6,1.0,1.0,0.0,122218.23,0,3.6375861597263857
15699430,Davide,652.0,France,35.0,10,0.0,2.0,1.0,0.0,180439.75,0,3.58351893845611
15649992,Alexander,652.0,Spain,62.0,7,134714.7,2.0,0.0,1.0,190419.81,0,4.189654742026425
15578980,Piazza,652.0,Spain,33.0,3,0.0,2.0,1.0,1.0,58685.59,0,3.5263605246161616
15775306,Ni,652.0,Germany,28.0,8,122384.22,3.0,1.0,1.0,89017.38,1,3.367295829986474
15641655,Black,652.0,France,26.0,2,0.0,2.0,0.0,0.0,50051.42,0,3.295836866004329
15619708,Harker,652.0,France,25.0,5,157993.15,2.0,1.0,0.0,146041.45,0,3.258096538021482
15734565,Hughes,652.0,France,29.0,8,0.0,2.0,1.0,0.0,191166.09,0,3.4011973816621555
15806438,Chiabuotu,652.0,Germany,42.0,2,123331.36,1.0,0.0,0.0,103516.08,1,3.7612001156935624
15591969,Kuo,652.0,Spain,27.0,9,75263.16,1.0,1.0,1.0,164825.04,0,3.332204510175204
15747807,Gallagher,652.0,France,43.0,6,137824.03,2.0,1.0,0.0,172557.77,0,3.784189633918261
15596939,Calabresi,652.0,Germany,36.0,4,132578.92,2.0,1.0,0.0,84320.94,0,3.6109179126442243
15716155,Shaw,652.0,France,36.0,5,156021.31,1.0,0.0,0.0,122662.98,0,3.6109179126442243
15765311,Zhirov,652.0,Spain,34.0,8,0.0,1.0,1.0,0.0,72085.1,0,3.5553480614894135
15757811,Lloyd,652.0,Spain,62.0,9,137453.43,1.0,0.0,1.0,110932.24,1,4.248495242049359
15603830,Palmer,652.0,Spain,36.0,4,0.0,2.0,1.0,0.0,143635.36,0,3.6109179126442243
15660602,Ch'eng,652.0,Germany,33.0,8,164284.72,2.0,1.0,1.0,3710.34,0,3.5263605246161616
15660535,Avent,652.0,France,47.0,5,0.0,2.0,1.0,1.0,179843.33,0,3.8712010109078907
15666633,Huang,652.0,Spain,56.0,1,0.0,2.0,1.0,1.0,10643.38,0,4.04305126783455
15596914,Shaw,652.0,Germany,31.0,2,112373.49,2.0,1.0,1.0,131167.98,0,3.4657359027997265
15639788,Yuan,652.0,France,39.0,10,0.0,2.0,1.0,0.0,10553.31,0,3.6888794541139363
15695846,Hawkins,652.0,France,34.0,6,0.0,2.0,1.0,1.0,130928.22,0,3.5553480614894135
15726234,Trentini,652.0,Spain,41.0,5,0.0,1.0,0.0,1.0,157003.99,0,3.7376696182833684
15797964,Cameron,652.0,Germany,29.0,1,154333.82,1.0,1.0,1.0,138527.56,0,3.4011973816621555
15625881,Koehler,652.0,Germany,37.0,3,111432.77,2.0,1.0,1.0,167032.49,0,3.6375861597263857
15780628,Wu,652.0,France,30.0,6,0.0,2.0,0.0,0.0,41642.29,0,3.4339872044851463
15575883,Manna,652.0,France,34.0,2,137390.11,2.0,1.0,0.0,9677.0,0,3.5553480614894135
15585036,Okoli,652.0,Spain,37.0,3,0.0,2.0,1.0,1.0,147012.22,0,3.6375861597263857
15589488,Ch'eng,652.0,Germany,56.0,5,111642.08,1.0,1.0,1.0,80553.87,0,4.04305126783455
15585888,Nwokezuike,652.0,Spain,48.0,3,0.0,1.0,0.0,1.0,30730.95,1,3.8918202981106265
15727915,Artemiev,652.0,France,36.0,4,83543.37,1.0,0.0,0.0,140134.43,0,3.6109179126442243
15707567,Esposito,652.0,Germany,50.0,6,145338.76,1.0,0.0,0.0,91936.1,1,3.9318256327243257
15737792,Abbie,652.0,France,31.0,1,186796.37,1.0,0.0,0.0,178252.63,0,3.4657359027997265
15599433,Fanucci,652.0,Germany,35.0,8,58641.43,1.0,0.0,1.0,198674.08,0,3.58351893845611
15672012,Jen,652.0,Spain,41.0,5,0.0,1.0,1.0,0.0,28266.9,1,3.7376696182833684
15806983,Moss,652.0,France,44.0,3,137148.68,1.0,1.0,0.0,92381.01,0,3.8066624897703196
15592222,Lo,652.0,France,49.0,7,80001.23,1.0,0.0,0.0,135180.11,0,3.912023005428146
15608968,Averyanov,652.0,Germany,21.0,6,86402.52,2.0,0.0,0.0,27330.59,0,3.091042453358316
15586959,Unaipon,652.0,France,42.0,5,0.0,2.0,1.0,0.0,125305.34,0,3.7612001156935624
15646558,Clamp,652.0,Spain,51.0,1,122874.74,1.0,1.0,1.0,149648.45,0,3.9512437185814275
15725811,Lim,652.0,France,25.0,0,97544.29,1.0,0.0,1.0,59887.15,0,3.258096538021482
15572265,Wu,652.0,Germany,46.0,1,170826.55,2.0,1.0,0.0,45041.32,0,3.8501476017100584
15794048,Wan,652.0,Germany,48.0,1,97133.92,2.0,0.0,0.0,113316.77,1,3.8918202981106265
15677610,Chambers,652.0,Germany,41.0,8,153895.65,1.0,1.0,1.0,39087.42,0,3.7376696182833684
15745012,Pettit,652.0,France,43.0,6,0.0,2.0,1.0,1.0,7330.59,0,3.784189633918261
15601589,Baresi,652.0,France,57.0,8,0.0,2.0,0.0,1.0,95463.29,0,4.060443010546419
15686436,Newbery,652.0,Spain,32.0,4,0.0,2.0,1.0,0.0,167848.02,0,3.4965075614664802
15693864,Iheanacho,652.0,Germany,49.0,5,134956.02,1.0,1.0,0.0,93953.84,1,3.912023005428146
15760550,Duncan,652.0,Spain,39.0,7,143637.58,2.0,0.0,1.0,174227.66,0,3.6888794541139363
15686137,Barry,652.0,Spain,32.0,9,147506.25,1.0,1.0,1.0,135399.21,0,3.4965075614664802
15809087,Landry,652.0,France,62.0,1,0.0,2.0,1.0,0.0,195635.3,1,4.174387269895637
15807663,McGregor,652.0,France,43.0,8,190227.46,1.0,1.0,0.0,97508.04,1,3.784189633918261
15809100,Nucci,652.0,France,32.0,2,172448.77,1.0,1.0,0.0,188083.77,1,3.4965075614664802
15794916,Pirogov,652.0,France,41.0,7,113980.21,1.0,1.0,1.0,116704.25,0,3.7376696182833684
15614215,Oguejiofor,652.0,France,53.0,6,0.0,2.0,0.0,1.0,97614.87,0,3.9889840465642745
15805449,Ugochukwu,652.0,France,38.0,4,0.0,2.0,0.0,0.0,186884.04,0,3.6635616461296463
15686983,Rohu,652.0,Germany,25.0,10,76968.12,2.0,0.0,1.0,131501.72,0,3.258096538021482
15808017,Cary,652.0,France,38.0,1,88293.13,2.0,1.0,1.0,24302.95,0,3.6635616461296463
15756804,O'Loghlen,652.0,France,48.0,1,170833.46,1.0,1.0,0.0,110510.28,1,3.8918202981106265
15646810,Quinn,652.0,Germany,44.0,6,108122.39,2.0,1.0,0.0,108488.33,1,3.8066624897703196
15710424,Page,652.0,France,36.0,4,0.0,1.0,1.0,1.0,197015.2,0,3.6109179126442243
15799422,Evans,652.0,France,40.0,8,0.0,1.0,1.0,1.0,27689.77,0,3.713572066704308
15692750,McGregor,652.0,Germany,45.0,7,129818.39,3.0,1.0,0.0,9217.55,1,3.828641396489095
15794549,Andrews,652.0,France,35.0,2,163943.89,2.0,1.0,1.0,15068.18,0,3.58351893845611
15803764,Stanley,652.0,France,28.0,7,0.0,2.0,1.0,0.0,7797.01,0,3.367295829986474
15674840,Chiazagomekpere,652.0,France,38.0,5,101430.3,2.0,0.0,1.0,4400.32,0,3.6635616461296463
15653762,Chidiebele,652.0,France,39.0,9,117301.66,1.0,0.0,0.0,182025.95,0,3.6888794541139363
15581229,Gregory,652.0,Germany,32.0,1,173340.83,1.0,0.0,1.0,122763.95,0,3.4965075614664802
15800228,Bednall,652.0,Spain,42.0,4,0.0,2.0,1.0,1.0,38152.01,0,3.7612001156935624
15656333,Jen,652.0,France,33.0,3,134348.57,1.0,1.0,0.0,63163.99,0,3.5263605246161616
15697497,She,652.0,France,45.0,9,105525.65,2.0,1.0,1.0,73418.29,0,3.828641396489095
15585362,Simmons,652.0,France,60.0,6,0.0,1.0,1.0,0.0,17978.68,1,4.110873864173311
15571928,Fraser,652.0,France,43.0,4,0.0,3.0,1.0,0.0,115136.51,1,3.784189633918261
15785519,May,652.0,France,36.0,6,106192.1,1.0,1.0,0.0,149575.59,0,3.6109179126442243
15743007,Seabrook,652.0,France,45.0,4,45144.43,1.0,1.0,0.0,60917.24,1,3.828641396489095
15777211,Herrera,652.0,France,62.0,7,92113.61,1.0,1.0,1.0,142548.33,0,4.189654742026425
15721935,Kincaid,652.0,France,25.0,7,0.0,2.0,1.0,1.0,157878.67,0,3.258096538021482
15591711,Sleeman,652.0,Spain,38.0,0,128366.44,1.0,1.0,0.0,12796.43,0,3.6635616461296463
15625021,Hung,652.0,France,42.0,2,0.0,2.0,1.0,1.0,18657.77,0,3.7612001156935624
15702968,Artemieva,652.0,Germany,62.0,3,106545.53,1.0,1.0,1.0,134589.58,0,4.31748811353631
15600462,Barwell,652.0,France,43.0,8,145618.37,1.0,0.0,1.0,10350.74,0,3.784189633918261
15768104,Wright,652.0,Spain,37.0,8,141541.25,1.0,0.0,0.0,66013.27,0,3.6375861597263857
15780140,Bellucci,652.0,Germany,32.0,2,57017.06,2.0,1.0,1.0,5907.11,0,3.4965075614664802
15585255,Moore,652.0,France,42.0,9,0.0,1.0,1.0,0.0,74077.91,0,3.7612001156935624
15772781,Ball,652.0,France,51.0,3,0.0,3.0,1.0,1.0,77294.56,1,3.9512437185814275
15669987,Sung,652.0,Germany,35.0,8,125884.95,2.0,1.0,0.0,54359.02,1,3.58351893845611
15697000,Mello,652.0,Germany,32.0,5,61825.5,1.0,1.0,1.0,156124.93,0,3.4965075614664802
15733119,Mistry,652.0,France,35.0,8,0.0,2.0,1.0,0.0,94820.85,0,3.58351893845611
15782390,T'ien,652.0,France,40.0,6,0.0,1.0,1.0,0.0,155155.25,0,3.713572066704308
15654700,Fallaci,652.0,France,40.0,2,102967.41,1.0,1.0,0.0,128702.1,1,3.713572066704308
15632210,Hill,652.0,Germany,25.0,2,171770.55,1.0,1.0,0.0,22745.5,0,3.258096538021482
15642041,Burns,652.0,Germany,40.0,1,93051.64,2.0,1.0,0.0,71865.31,1,3.713572066704308
15709737,Hunter,652.0,France,36.0,7,161064.64,2.0,0.0,1.0,84294.82,0,3.6109179126442243
15792388,Li,652.0,France,48.0,7,90612.34,1.0,1.0,1.0,149139.13,0,3.8918202981106265
15786014,Ku,652.0,France,28.0,5,145105.64,2.0,1.0,0.0,185489.11,0,3.367295829986474
15794580,Ch'en,652.0,France,58.0,4,0.0,1.0,0.0,0.0,176407.15,1,4.07753744390572
15675964,Chukwukadibia,652.0,France,45.0,9,0.0,1.0,1.0,1.0,92027.69,1,3.828641396489095
15814275,Zikoranachidimma,652.0,France,33.0,6,174912.72,1.0,1.0,1.0,43932.54,0,3.5263605246161616
15724848,Oluchukwu,652.0,France,46.0,1,104947.72,1.0,1.0,0.0,115789.25,1,3.8501476017100584
15754713,Rivera,652.0,Spain,31.0,10,135213.71,1.0,1.0,1.0,125777.28,0,3.4657359027997265
15693814,Niu,652.0,Spain,25.0,7,0.0,2.0,1.0,0.0,18461.9,0,3.258096538021482
15599660,Bennett,652.0,France,36.0,6,116229.85,2.0,1.0,1.0,79633.38,0,3.6109179126442243
15746490,Wollstonecraft,652.0,Spain,53.0,6,111201.41,1.0,1.0,1.0,121542.29,0,3.9889840465642745
15566091,Thomsen,652.0,Spain,32.0,4,0.0,1.0,1.0,0.0,94739.2,0,3.4965075614664802
15655961,Palermo,652.0,Germany,27.0,1,131899.0,1.0,1.0,0.0,93302.29,0,3.332204510175204
15710404,Chinwendu,652.0,France,35.0,10,124525.52,1.0,1.0,1.0,193793.78,0,3.58351893845611
15775625,McKenzie,652.0,France,47.0,6,0.0,1.0,1.0,0.0,74835.65,0,3.8712010109078907
15792328,James,652.0,France,39.0,6,0.0,1.0,1.0,1.0,56999.9,1,3.6888794541139363
15719856,Lamb,652.0,France,45.0,3,47134.75,1.0,1.0,1.0,57236.44,0,3.828641396489095
15593773,Olejuru,652.0,Spain,35.0,3,0.0,2.0,0.0,0.0,81483.64,0,3.58351893845611
15733114,Hay,652.0,Spain,45.0,9,0.0,2.0,1.0,0.0,26752.56,0,3.828641396489095
15797748,Lu,652.0,France,44.0,5,0.0,2.0,0.0,1.0,9200.54,0,3.8066624897703196
15743411,Chiawuotu,652.0,Spain,61.0,1,0.0,1.0,1.0,0.0,22447.85,1,4.127134385045092
15753337,Yeates,652.0,France,51.0,5,0.0,3.0,1.0,0.0,189122.89,1,3.9512437185814275
15601026,Gallagher,652.0,Germany,19.0,1,138657.08,1.0,1.0,1.0,16161.82,0,2.995732273553991
15658485,Heath,652.0,France,34.0,9,70302.48,1.0,1.0,1.0,68600.36,0,3.5553480614894135
15636731,Ts'ai,652.0,Germany,36.0,1,101609.01,2.0,1.0,1.0,447.73,0,3.6109179126442243
15628303,Thurgood,652.0,Spain,35.0,3,0.0,1.0,1.0,1.0,15650.73,0,3.58351893845611
15633461,Pai,652.0,Germany,38.0,5,130170.82,1.0,1.0,1.0,149599.62,0,3.6635616461296463
15677135,Lorenzo,652.0,Germany,61.0,8,133802.29,2.0,1.0,1.0,90304.01,0,4.127134385045092
15590876,Knupp,652.0,France,24.0,7,106234.02,1.0,0.0,0.0,115676.38,0,3.2188758248682006
15790782,Baryshnikov,652.0,Spain,39.0,6,132628.98,1.0,0.0,0.0,38812.67,0,3.6888794541139363
15700476,Azubuike,652.0,Germany,41.0,9,103522.75,2.0,1.0,1.0,34338.21,0,3.7376696182833684
15634141,Shephard,652.0,Germany,42.0,8,192390.52,2.0,1.0,0.0,823.36,0,3.7612001156935624
15737795,Scott,652.0,Spain,36.0,1,0.0,1.0,0.0,1.0,135482.26,1,3.6109179126442243
15790299,Williamson,652.0,Spain,37.0,9,0.0,3.0,1.0,1.0,10656.89,0,3.6375861597263857
15675316,Avdeeva,652.0,France,38.0,3,0.0,2.0,0.0,1.0,116467.35,0,3.6635616461296463
15613630,Tang,652.0,France,52.0,8,109922.61,1.0,1.0,1.0,96823.32,1,3.970291913552122
15662100,Hsu,652.0,Germany,44.0,5,128605.32,1.0,0.0,1.0,171096.2,0,3.8066624897703196
15668032,Buchanan,652.0,France,37.0,4,0.0,1.0,1.0,1.0,79881.39,0,3.6375861597263857
15599289,Yeh,652.0,France,37.0,10,68598.56,1.0,1.0,0.0,157862.82,0,3.6375861597263857
15754084,Palazzi,652.0,Spain,35.0,1,106518.52,1.0,1.0,1.0,127951.81,0,3.58351893845611
15676521,Y?an,652.0,France,31.0,8,0.0,2.0,0.0,0.0,191074.11,0,3.4657359027997265
15804586,Lin,652.0,France,46.0,6,0.0,1.0,1.0,0.0,157333.69,1,3.8501476017100584
15781465,Schofield,652.0,Germany,29.0,8,121326.42,1.0,1.0,0.0,133457.52,0,3.4011973816621555
15729362,Lombardi,652.0,France,36.0,8,67226.37,1.0,1.0,0.0,130789.6,0,3.6109179126442243
15709295,Wall,652.0,Spain,25.0,5,82931.85,2.0,1.0,1.0,128373.88,0,3.258096538021482
15745324,Milani,652.0,Spain,39.0,4,0.0,1.0,1.0,0.0,194273.2,1,3.6888794541139363
15741336,Ejimofor,652.0,France,38.0,5,118590.41,1.0,1.0,1.0,5684.17,1,3.6635616461296463
15783659,Blackburn,652.0,France,62.0,4,145981.87,1.0,1.0,1.0,131043.2,0,4.219507705176107
15620981,Wickham,652.0,France,48.0,3,73309.38,1.0,0.0,0.0,21228.34,1,3.8918202981106265
15630328,Bird,652.0,France,48.0,8,130796.33,2.0,1.0,1.0,43250.3,0,3.8918202981106265
15785899,Ch'en,652.0,Germany,33.0,8,151607.56,1.0,1.0,0.0,4389.4,0,3.5263605246161616
15606149,Wood,652.0,Germany,62.0,9,111577.01,1.0,0.0,1.0,189271.9,0,4.204692619390966
15671139,Brizendine,652.0,Spain,39.0,0,107042.74,1.0,1.0,1.0,102284.2,0,3.6888794541139363
15660429,Ch'in,652.0,Spain,42.0,2,156371.61,2.0,0.0,1.0,156774.94,1,3.7612001156935624
15571002,Yusupov,652.0,France,44.0,4,129605.99,1.0,0.0,0.0,69865.49,0,3.8066624897703196
15631681,Jibunoh,652.0,Spain,43.0,0,0.0,2.0,0.0,1.0,85523.24,0,3.784189633918261
15731522,Ts'ui,652.0,Spain,62.0,8,0.0,2.0,1.0,1.0,51219.8,0,4.219507705176107
15619529,Ndukaku,652.0,Spain,27.0,8,132576.25,1.0,0.0,0.0,7222.92,0,3.332204510175204
15628034,Wilder,652.0,France,37.0,6,129101.3,1.0,1.0,1.0,23971.33,0,3.6375861597263857
15686164,Maclean,652.0,Germany,31.0,1,108822.4,1.0,1.0,1.0,132173.31,0,3.4657359027997265
15582797,Ch'iu,652.0,Spain,35.0,4,137948.51,1.0,1.0,0.0,113639.64,0,3.58351893845611
15753831,Cox,652.0,Spain,32.0,7,100433.8,1.0,1.0,1.0,39768.59,0,3.4965075614664802
15731815,Nepean,652.0,Spain,62.0,4,96134.11,3.0,1.0,0.0,108732.96,1,4.1588830833596715
15580956,McNess,652.0,Germany,43.0,4,115888.04,1.0,1.0,1.0,117349.19,1,3.784189633918261
15602084,Coles,652.0,France,42.0,5,124626.07,1.0,1.0,1.0,78004.5,0,3.7612001156935624
15589805,Benson,652.0,France,34.0,6,139810.34,1.0,1.0,1.0,152417.79,0,3.5553480614894135
15720893,Gilbert,652.0,Spain,34.0,9,0.0,2.0,0.0,0.0,26057.08,0,3.5553480614894135
15641009,Wilhelm,652.0,France,37.0,3,84496.71,1.0,0.0,0.0,79972.09,0,3.6375861597263857
15605926,Sinclair,652.0,Germany,62.0,9,116854.71,2.0,0.0,1.0,107125.79,0,4.2626798770413155
15805955,L?,652.0,France,48.0,10,138333.03,1.0,1.0,1.0,47679.14,0,3.8918202981106265
15801488,Buckner,652.0,France,25.0,3,0.0,2.0,1.0,1.0,134509.47,0,3.258096538021482
15605918,Padovesi,652.0,Germany,43.0,5,78992.75,2.0,0.0,0.0,153265.31,0,3.784189633918261
15779711,Gray,652.0,Spain,38.0,7,97257.41,2.0,0.0,1.0,179883.04,0,3.6635616461296463
15705620,Lu,652.0,France,34.0,5,122453.37,2.0,1.0,0.0,138882.98,0,3.5553480614894135
15685357,Wright,652.0,Spain,36.0,8,112940.07,1.0,0.0,1.0,9855.81,0,3.6109179126442243
15570060,Palerma,652.0,France,43.0,8,132558.26,1.0,1.0,0.0,67046.83,1,3.784189633918261
15582616,Y?an,652.0,France,38.0,4,0.0,2.0,1.0,0.0,56388.63,0,3.6635616461296463
15799515,Wei,652.0,France,48.0,8,133297.24,1.0,1.0,0.0,77764.37,0,3.8918202981106265
15642937,Padovesi,652.0,France,46.0,7,0.0,2.0,1.0,0.0,130590.35,0,3.8501476017100584
15624729,Tsao,652.0,France,27.0,0,197041.8,1.0,0.0,0.0,151912.49,0,3.332204510175204
15566156,Franklin,652.0,Germany,44.0,0,71497.79,2.0,0.0,0.0,151083.8,0,3.8066624897703196
15792360,Clark,652.0,France,32.0,7,0.0,2.0,1.0,1.0,777.37,0,3.4965075614664802
15807008,McGregor,652.0,Germany,35.0,6,128100.28,1.0,0.0,0.0,69454.24,1,3.58351893845611
15704770,Pan,652.0,France,25.0,1,124532.78,2.0,0.0,1.0,11723.57,0,3.258096538021482
15756475,Kenniff,652.0,Germany,31.0,9,82293.82,2.0,1.0,1.0,91565.25,0,3.4657359027997265
15655339,Spencer,652.0,France,36.0,1,142120.91,1.0,1.0,0.0,79616.37,0,3.6109179126442243
15613749,Lees,652.0,Spain,34.0,0,151839.26,1.0,1.0,0.0,102299.81,1,3.5553480614894135
15664521,David,652.0,Spain,31.0,7,149620.88,2.0,1.0,1.0,104533.51,0,3.4657359027997265
15681206,Hsing,652.0,France,49.0,3,168197.66,1.0,1.0,0.0,140765.57,1,3.912023005428146
15745527,Burke,652.0,France,37.0,5,93147.0,2.0,1.0,0.0,66214.13,0,3.6375861597263857
15806926,Watson,652.0,France,35.0,2,97440.02,2.0,1.0,1.0,139816.1,0,3.58351893845611
15724563,Hawkins,652.0,Germany,42.0,3,65046.08,2.0,0.0,1.0,140139.28,0,3.7612001156935624
15782899,Ginn,652.0,Spain,28.0,7,95357.49,1.0,0.0,0.0,102297.15,0,3.367295829986474
15623521,Sozonov,652.0,Spain,43.0,9,123105.88,2.0,1.0,0.0,145765.83,0,3.784189633918261
15810218,Sun,652.0,Spain,29.0,9,0.0,3.0,0.0,1.0,83912.24,0,3.4011973816621555
15645621,Hunter,652.0,Spain,44.0,3,0.0,2.0,0.0,1.0,78439.73,0,3.8066624897703196
15608114,Manfrin,652.0,Spain,62.0,7,121286.27,1.0,0.0,1.0,6776.92,0,4.143134726391533
15659557,Artamonova,652.0,Germany,28.0,4,167738.82,2.0,1.0,1.0,9903.42,0,3.367295829986474
15787772,Hansen,652.0,France,38.0,1,104091.29,1.0,0.0,0.0,91561.91,0,3.6635616461296463
15691111,Pai,652.0,Germany,42.0,8,121980.56,2.0,1.0,0.0,4027.02,0,3.7612001156935624
15592089,Larsen,652.0,France,43.0,10,0.0,2.0,1.0,1.0,116111.51,0,3.784189633918261
15633897,Owen,652.0,Germany,39.0,1,50880.98,2.0,1.0,1.0,184023.54,0,3.6888794541139363
15701301,Murphy,652.0,France,42.0,3,175159.9,2.0,0.0,0.0,67124.48,1,3.7612001156935624
15723685,Ekechukwu,652.0,Germany,26.0,7,105514.69,2.0,1.0,0.0,50070.59,0,3.295836866004329
15701602,Ayers,652.0,Germany,52.0,5,116497.31,3.0,0.0,0.0,53793.1,1,3.970291913552122
15739189,Johnson,652.0,Spain,33.0,6,0.0,2.0,1.0,0.0,45261.47,0,3.5263605246161616
15573086,Millar,652.0,France,42.0,7,99824.45,1.0,1.0,1.0,36721.4,0,3.7612001156935624
15569050,Farrell,652.0,France,45.0,6,0.0,1.0,1.0,0.0,130009.85,1,3.828641396489095
15750765,Sanders,652.0,Spain,62.0,0,0.0,1.0,1.0,1.0,175380.77,0,4.276666119016055
15799811,Herrera,652.0,France,40.0,10,0.0,1.0,1.0,0.0,127847.25,1,3.713572066704308
15698442,Eberechukwu,652.0,Spain,35.0,3,122964.88,1.0,1.0,1.0,138231.7,0,3.58351893845611
15655274,Bardin,652.0,France,29.0,4,0.0,2.0,0.0,1.0,48673.18,0,3.4011973816621555
15603594,Nwankwo,652.0,Spain,24.0,4,0.0,2.0,1.0,1.0,70668.77,0,3.2188758248682006
15585961,Talbot,652.0,Spain,43.0,3,0.0,2.0,0.0,1.0,199505.53,0,3.784189633918261
15686936,McGregor,652.0,France,37.0,5,89634.69,1.0,1.0,1.0,169583.18,1,3.6375861597263857
15770424,Onyeorulu,652.0,Germany,40.0,7,95710.11,2.0,1.0,0.0,49063.42,0,3.713572066704308
15587451,Goold,652.0,Germany,41.0,7,139706.31,1.0,1.0,0.0,63337.19,0,3.7376696182833684
15602010,Zikoranaudodimma,652.0,Germany,45.0,5,103909.86,1.0,1.0,0.0,60083.11,1,3.828641396489095
15600583,Garner,652.0,France,31.0,1,0.0,1.0,1.0,0.0,48606.71,0,3.4657359027997265
15654673,Onyinyechukwuka,652.0,France,49.0,6,173434.9,1.0,1.0,0.0,165580.93,1,3.912023005428146
15717164,Genovese,652.0,Spain,32.0,6,102238.01,2.0,1.0,1.0,194010.12,0,3.4965075614664802
15765014,Mai,652.0,France,48.0,1,179380.74,2.0,0.0,1.0,69263.1,0,3.8918202981106265
15682639,Marshall,652.0,France,32.0,3,0.0,2.0,1.0,1.0,88698.83,0,3.4965075614664802
15729279,Naylor,652.0,France,25.0,4,108691.95,1.0,1.0,0.0,63030.97,0,3.258096538021482
15759805,Pinto,652.0,France,32.0,4,0.0,2.0,1.0,0.0,59668.81,0,3.4965075614664802
15767864,Fulton,652.0,France,33.0,6,0.0,2.0,0.0,0.0,184230.23,0,3.5263605246161616
15769948,Palerma,652.0,Germany,35.0,0,133377.8,1.0,0.0,1.0,64050.19,0,3.58351893845611
15686345,McCaffrey,652.0,Spain,34.0,9,0.0,2.0,1.0,1.0,81853.98,0,3.5553480614894135
15688071,Collins,652.0,Spain,53.0,10,0.0,1.0,1.0,1.0,154642.91,0,3.9889840465642745
15681174,Zuev,652.0,France,39.0,1,116537.6,1.0,0.0,0.0,145679.6,0,3.6888794541139363
15667521,Crawford,652.0,France,22.0,3,0.0,2.0,0.0,0.0,30781.77,0,3.1354942159291497
15750243,Genovese,652.0,Spain,40.0,4,0.0,2.0,0.0,1.0,81622.52,0,3.713572066704308
15695475,Maclean,652.0,France,29.0,1,130131.08,2.0,0.0,1.0,196474.35,0,3.4011973816621555
15689176,Fabro,652.0,France,46.0,3,0.0,2.0,0.0,1.0,176276.1,0,3.8501476017100584
15652955,Price,652.0,Spain,30.0,0,0.0,1.0,1.0,0.0,35113.08,0,3.4339872044851463
15668958,Chatfield,652.0,France,30.0,2,107316.09,1.0,1.0,0.0,64299.82,0,3.4339872044851463
15631054,Volkova,652.0,France,24.0,1,0.0,2.0,1.0,1.0,180969.55,0,3.2188758248682006
15581479,Archer,652.0,France,30.0,1,83181.29,1.0,1.0,1.0,138176.78,0,3.4339872044851463
15577478,Ch'iu,652.0,France,62.0,3,0.0,1.0,1.0,1.0,86733.61,0,4.290459441148391
15780870,McKay,652.0,Spain,62.0,3,153946.14,1.0,1.0,1.0,7418.92,0,4.219507705176107
15692317,Craig,652.0,France,30.0,5,0.0,2.0,1.0,0.0,166376.54,0,3.4339872044851463
15593969,Abramovich,652.0,Spain,39.0,7,135483.17,1.0,1.0,0.0,140881.2,1,3.6888794541139363
15570417,Chien,652.0,France,35.0,1,0.0,2.0,1.0,0.0,4460.2,0,3.58351893845611
15779059,Timms,652.0,France,38.0,4,119624.54,2.0,1.0,1.0,110472.12,0,3.6635616461296463
15785980,Williford,652.0,Spain,34.0,6,121132.26,2.0,1.0,0.0,86460.28,0,3.5553480614894135
15644200,Hamilton,652.0,Spain,42.0,1,0.0,1.0,1.0,0.0,16500.66,1,3.7612001156935624
15793949,Cheng,652.0,France,48.0,4,0.0,1.0,1.0,0.0,114020.06,1,3.8918202981106265
15645103,Su,652.0,Germany,25.0,5,54817.55,1.0,1.0,0.0,131660.31,0,3.258096538021482
15705860,McKenzie,652.0,Germany,40.0,3,107949.45,1.0,1.0,0.0,52449.62,1,3.713572066704308
15623828,Akobundu,652.0,France,30.0,4,0.0,1.0,0.0,1.0,161465.31,0,3.4339872044851463
15715003,Ko,652.0,Spain,49.0,2,80816.45,1.0,1.0,1.0,20018.79,0,3.912023005428146
15623471,Marcelo,652.0,Germany,38.0,3,98205.77,1.0,1.0,0.0,176318.27,0,3.6635616461296463
15798348,Chukwuebuka,652.0,Spain,50.0,6,94684.27,1.0,1.0,1.0,50488.91,0,3.9318256327243257
15743016,MacDonald,652.0,Spain,22.0,7,141604.76,1.0,1.0,0.0,30379.6,0,3.1354942159291497
15769499,Lampungmeiua,652.0,Spain,62.0,3,0.0,2.0,1.0,1.0,161326.73,0,4.31748811353631
15798521,Tai,652.0,Spain,33.0,3,0.0,2.0,1.0,0.0,45348.08,0,3.5263605246161616
15706534,Enyinnaya,652.0,France,47.0,1,122949.14,1.0,0.0,0.0,180251.68,1,3.8712010109078907
15706186,McKenzie,652.0,Germany,33.0,8,81677.22,2.0,0.0,0.0,34925.56,0,3.5263605246161616
15812197,Kline,652.0,France,38.0,7,80293.98,1.0,0.0,0.0,126555.74,0,3.6635616461296463
15650933,Ma,652.0,Spain,48.0,8,155413.06,1.0,1.0,0.0,187921.3,0,3.8918202981106265
15692991,Wood,652.0,Spain,38.0,4,0.0,2.0,1.0,1.0,136390.88,0,3.6635616461296463
15631189,Riggs,652.0,Germany,38.0,9,67111.65,1.0,1.0,0.0,78566.64,1,3.6635616461296463
15762198,Capon,652.0,France,34.0,5,103818.43,1.0,1.0,1.0,166038.27,0,3.5553480614894135
15699598,Smith,652.0,France,20.0,4,0.0,2.0,1.0,1.0,140385.33,0,3.044522437723423
15692744,Davison,652.0,France,36.0,4,152169.12,2.0,0.0,0.0,38629.3,1,3.6109179126442243
15688963,Ingram,652.0,France,52.0,10,0.0,1.0,1.0,1.0,24998.75,1,3.970291913552122
15599131,Dilke,652.0,Germany,26.0,4,214346.96,2.0,1.0,0.0,128815.33,0,3.295836866004329
15680303,Gibson,652.0,France,57.0,6,0.0,1.0,1.0,0.0,19376.56,1,4.060443010546419
15628674,Iadanza,652.0,France,40.0,7,113348.14,1.0,1.0,0.0,31904.31,1,3.713572066704308
15648075,Hebert,652.0,Germany,47.0,5,170935.94,1.0,1.0,0.0,173179.79,1,3.8712010109078907
15586970,Pinto,652.0,Germany,52.0,8,103023.26,1.0,1.0,1.0,22485.64,0,3.970291913552122
15625698,Dumetochukwu,652.0,Spain,23.0,6,0.0,2.0,0.0,1.0,196668.51,0,3.1780538303479458
15790497,Ross,652.0,Spain,37.0,6,0.0,2.0,0.0,0.0,136506.86,0,3.6375861597263857
15682618,Jamieson,652.0,France,31.0,7,111855.04,2.0,1.0,1.0,36278.89,0,3.4657359027997265
15762937,Chiganu,652.0,Germany,32.0,6,140348.56,2.0,1.0,1.0,163254.39,0,3.4965075614664802
15750929,Burgess,652.0,Spain,39.0,8,0.0,2.0,1.0,0.0,99654.13,0,3.6888794541139363
15729832,Cheng,652.0,France,29.0,3,145512.84,1.0,1.0,0.0,20207.02,0,3.4011973816621555
15633650,Woods,652.0,Germany,41.0,8,146720.98,2.0,1.0,1.0,4195.84,0,3.7376696182833684
15748856,Liang,652.0,France,32.0,10,107209.73,1.0,1.0,1.0,112340.2,0,3.4965075614664802
15589195,Bluett,652.0,Germany,38.0,7,130933.74,1.0,0.0,1.0,2035.94,0,3.6635616461296463
15699911,Chapman,652.0,Spain,35.0,8,0.0,1.0,1.0,0.0,132295.95,0,3.58351893845611
15663438,Andrejew,652.0,Spain,36.0,0,89772.3,1.0,1.0,0.0,177383.68,1,3.6109179126442243
15692583,Udobata,652.0,France,32.0,5,0.0,2.0,1.0,0.0,90284.47,0,3.4965075614664802
15591257,Ejimofor,652.0,France,24.0,8,0.0,2.0,1.0,0.0,61349.37,0,3.2188758248682006
15646513,Spyer,652.0,France,42.0,5,0.0,1.0,1.0,0.0,196466.83,1,3.7612001156935624
15708063,Walker,652.0,France,36.0,2,100749.5,3.0,0.0,0.0,70758.37,1,3.6109179126442243
15696098,Palermo,652.0,France,31.0,10,0.0,2.0,1.0,0.0,13892.57,0,3.4657359027997265
15645517,Philip,652.0,Spain,22.0,2,0.0,2.0,1.0,1.0,9684.52,0,3.1354942159291497
15649744,Fallaci,652.0,France,51.0,3,123981.31,2.0,1.0,1.0,40546.15,0,3.9512437185814275
15604304,Perry,652.0,Germany,34.0,4,91622.42,1.0,1.0,1.0,136603.42,0,3.5553480614894135
15784092,Henderson,652.0,France,36.0,7,126195.81,1.0,1.0,1.0,133172.48,0,3.6109179126442243
15585198,Bergamaschi,652.0,France,41.0,4,94267.9,1.0,0.0,1.0,152821.12,1,3.7376696182833684
15624347,Fokine,652.0,France,40.0,4,0.0,2.0,1.0,1.0,147715.83,0,3.713572066704308
15621687,Mackay,652.0,France,34.0,0,0.0,2.0,1.0,0.0,43169.15,0,3.5553480614894135
15689081,Wu,652.0,France,29.0,4,0.0,1.0,1.0,0.0,76755.99,1,3.4011973816621555
15813168,Maslova,652.0,Germany,39.0,3,100717.85,3.0,1.0,1.0,73406.04,1,3.6888794541139363
15604295,Wei,652.0,France,36.0,6,0.0,2.0,1.0,0.0,176728.28,0,3.6109179126442243
15724127,McLean,652.0,France,26.0,4,141581.71,2.0,0.0,0.0,98309.27,0,3.295836866004329
15673055,Sung,652.0,Spain,38.0,7,0.0,2.0,1.0,1.0,6203.66,0,3.6635616461296463
15768201,Paterson,652.0,France,39.0,2,148586.64,1.0,1.0,1.0,176791.27,0,3.6888794541139363
15782219,Fanucci,652.0,Spain,29.0,9,0.0,2.0,1.0,0.0,50679.48,0,3.4011973816621555
15746410,Thompson,652.0,Spain,38.0,7,0.0,2.0,1.0,0.0,150580.88,0,3.6635616461296463
15780144,Tisdall,652.0,Germany,32.0,2,123403.85,2.0,1.0,0.0,80120.19,0,3.4965075614664802
15590476,Onochie,652.0,France,28.0,7,0.0,2.0,1.0,0.0,151645.96,0,3.367295829986474
15624293,Mironova,652.0,France,46.0,3,106511.85,1.0,1.0,0.0,55072.32,0,3.8501476017100584
15618182,Ndubueze,652.0,France,38.0,2,0.0,2.0,0.0,0.0,115068.99,0,3.6635616461296463
15660316,Stephenson,652.0,Germany,34.0,1,135549.9,1.0,0.0,0.0,149471.13,1,3.5553480614894135
15678886,Golubev,652.0,Germany,38.0,7,110555.37,2.0,1.0,0.0,46522.68,0,3.6635616461296463
15616330,Liao,652.0,France,31.0,4,0.0,2.0,1.0,0.0,189995.86,0,3.4657359027997265
15592229,Mullan,652.0,France,52.0,0,185891.54,1.0,1.0,1.0,46369.57,1,3.970291913552122
15798424,Glover,652.0,Germany,59.0,1,130854.59,1.0,1.0,1.0,30722.52,1,4.0943445622221
15714750,Northey,652.0,France,42.0,3,92578.14,2.0,0.0,0.0,70810.6,0,3.7612001156935624
15648800,Paterson,652.0,Germany,21.0,8,132312.06,1.0,1.0,0.0,106663.46,1,3.091042453358316
15626147,Maclean,652.0,France,62.0,8,144976.5,1.0,0.0,0.0,175836.03,1,4.143134726391533
15626608,Howarde,652.0,Spain,48.0,5,87070.23,1.0,0.0,1.0,85646.41,0,3.8918202981106265
15723250,Teng,652.0,France,42.0,8,0.0,2.0,1.0,1.0,101485.72,0,3.7612001156935624
15592583,Colman,652.0,France,47.0,1,115414.19,3.0,0.0,0.0,191734.67,1,3.8712010109078907
15759381,Johnson,652.0,Spain,61.0,7,91070.43,1.0,1.0,1.0,101839.77,0,4.127134385045092
15585241,Butcher,652.0,Spain,29.0,2,117412.19,2.0,1.0,0.0,4888.91,0,3.4011973816621555
15589358,Stanley,652.0,Germany,31.0,4,90018.45,2.0,1.0,0.0,193132.98,0,3.4657359027997265
15672704,Jackson,652.0,France,24.0,4,0.0,2.0,1.0,0.0,193518.76,0,3.2188758248682006
15789955,Hu,652.0,Germany,56.0,1,112414.81,2.0,0.0,0.0,93982.02,1,4.04305126783455
15596800,Hill,652.0,Germany,33.0,1,158456.76,1.0,1.0,1.0,197000.92,1,3.5263605246161616
15627305,Pan,652.0,Spain,35.0,7,0.0,1.0,1.0,0.0,106837.06,1,3.58351893845611
15645316,Han,652.0,Germany,58.0,1,149641.53,1.0,1.0,1.0,115161.28,0,4.07753744390572
15593973,Wilkie,652.0,Spain,33.0,8,122528.18,1.0,1.0,0.0,196260.3,0,3.5263605246161616
15647301,Bray,652.0,Germany,45.0,3,143734.01,2.0,1.0,1.0,96404.38,0,3.828641396489095
15750258,Ann,652.0,France,32.0,2,155663.31,1.0,1.0,0.0,97658.66,0,3.4965075614664802
15685309,Souter,652.0,France,35.0,7,0.0,1.0,1.0,1.0,49108.23,1,3.58351893845611
15628205,Greco,652.0,Germany,34.0,1,101736.66,1.0,0.0,1.0,195651.66,0,3.5553480614894135
15733974,Mao,652.0,Spain,37.0,9,125822.21,1.0,1.0,0.0,111698.0,0,3.6375861597263857
15762110,Anderson,652.0,France,37.0,0,0.0,2.0,1.0,1.0,171707.93,0,3.6375861597263857
15706899,Ma,652.0,France,34.0,4,0.0,2.0,1.0,1.0,66721.98,0,3.5553480614894135
15732660,Black,652.0,France,27.0,2,0.0,1.0,1.0,1.0,57876.05,0,3.332204510175204
15656121,Medvedeva,652.0,Germany,31.0,6,157791.07,2.0,0.0,0.0,177994.81,0,3.4657359027997265
15614220,Benson,652.0,France,22.0,5,0.0,2.0,0.0,1.0,105125.65,0,3.1354942159291497
15645269,Duncan,652.0,France,42.0,4,0.0,2.0,1.0,0.0,17439.66,0,3.7612001156935624
15698510,Onwudiwe,652.0,Germany,42.0,9,181627.14,2.0,1.0,0.0,172668.39,0,3.7612001156935624
15569247,Mitchell,652.0,Spain,57.0,1,109679.72,1.0,0.0,1.0,753.37,0,4.060443010546419
15566251,Ferrari,652.0,France,37.0,5,96652.86,1.0,1.0,0.0,98686.4,1,3.6375861597263857
15716134,Russo,652.0,France,40.0,5,190008.32,2.0,1.0,1.0,107047.92,0,3.713572066704308
15763625,Hazon,652.0,Spain,41.0,9,0.0,2.0,1.0,0.0,152153.74,0,3.7376696182833684
15605965,Henderson,652.0,France,43.0,9,0.0,2.0,1.0,1.0,34338.04,0,3.784189633918261
15694821,Hardy,652.0,Germany,43.0,4,148962.76,1.0,0.0,1.0,173878.87,1,3.784189633918261
15601688,Piccio,652.0,France,28.0,8,0.0,1.0,1.0,0.0,159254.29,0,3.367295829986474
15575581,Dickson,652.0,Germany,30.0,3,131344.52,2.0,1.0,0.0,54776.64,0,3.4339872044851463
15671209,Holden,652.0,Germany,29.0,5,101713.84,3.0,1.0,0.0,134594.99,0,3.4011973816621555
15616529,Hsieh,652.0,Spain,34.0,3,0.0,1.0,1.0,1.0,41724.72,0,3.5553480614894135
15773906,Doherty,652.0,France,38.0,4,0.0,2.0,0.0,0.0,110527.71,0,3.6635616461296463
15722993,Page,652.0,France,27.0,6,137963.07,1.0,0.0,0.0,8996.79,0,3.332204510175204
15752463,Samuel,652.0,Spain,29.0,4,129938.07,1.0,0.0,1.0,190200.53,0,3.4011973816621555
15589754,Malloy,652.0,Germany,45.0,2,151421.44,1.0,0.0,1.0,115333.43,0,3.828641396489095
15669899,Fitts,652.0,Germany,45.0,7,135643.0,1.0,0.0,0.0,143619.52,1,3.828641396489095
15766887,Iadanza,652.0,Spain,39.0,2,122773.5,2.0,1.0,1.0,58467.08,0,3.6888794541139363
15768006,Wu,652.0,France,34.0,3,152303.8,1.0,1.0,0.0,12128.69,0,3.5553480614894135
15741295,Yefimova,652.0,France,49.0,3,0.0,2.0,1.0,1.0,49872.33,0,3.912023005428146
15811327,Pan,652.0,Spain,54.0,1,79415.67,1.0,0.0,1.0,139735.54,0,4.007333185232471
15690007,Ts'ui,652.0,Germany,58.0,9,125801.03,2.0,1.0,0.0,60891.8,1,4.07753744390572
15690664,Liang,652.0,Spain,37.0,10,0.0,2.0,1.0,0.0,100862.54,0,3.6375861597263857
15719348,Tsao,652.0,France,35.0,8,0.0,1.0,1.0,0.0,76640.29,1,3.58351893845611
15781802,Abramov,652.0,France,41.0,6,104817.41,1.0,1.0,0.0,126013.58,1,3.7376696182833684
15752731,Millar,652.0,France,30.0,9,0.0,1.0,1.0,0.0,87347.82,0,3.4339872044851463
15600997,Demuth,652.0,Germany,32.0,5,67495.04,2.0,0.0,1.0,77370.37,0,3.4965075614664802
15750776,Genovese,652.0,France,36.0,0,164850.54,1.0,1.0,1.0,62722.44,0,3.6109179126442243
15723907,Lawless,652.0,Germany,49.0,5,154776.42,2.0,0.0,0.0,196257.68,0,3.912023005428146
15633419,Brooks,652.0,Germany,28.0,1,143124.63,2.0,1.0,0.0,81723.8,0,3.367295829986474
15702430,Ignatyeva,652.0,France,35.0,10,0.0,1.0,1.0,1.0,31299.71,0,3.58351893845611
15710456,Balmain,652.0,France,27.0,2,0.0,2.0,1.0,0.0,63495.86,0,3.332204510175204
15650351,Millar,652.0,France,38.0,8,102133.38,1.0,1.0,1.0,166520.96,0,3.6635616461296463
15590820,Ecuyer,652.0,Spain,26.0,6,79932.41,1.0,0.0,0.0,150242.44,0,3.295836866004329
15640454,Parkhill,652.0,Germany,40.0,0,120711.73,1.0,0.0,0.0,27345.18,1,3.713572066704308
15697789,Li Fonti,652.0,Germany,43.0,3,122717.53,2.0,1.0,1.0,87000.39,0,3.784189633918261
15808182,Beneventi,652.0,Spain,36.0,3,92363.3,2.0,1.0,0.0,44912.7,0,3.6109179126442243
15588670,Despeissis,652.0,Spain,40.0,5,203715.15,1.0,1.0,0.0,179978.68,1,3.713572066704308
15721292,Atkins,652.0,Spain,39.0,5,0.0,2.0,1.0,0.0,145759.7,0,3.6888794541139363
15604217,Williams,652.0,France,34.0,9,0.0,2.0,0.0,0.0,14121.61,0,3.5553480614894135
15651369,Wright,652.0,France,21.0,1,0.0,2.0,1.0,0.0,66232.23,0,3.091042453358316
15782454,Hancock,652.0,France,49.0,4,0.0,1.0,1.0,1.0,190296.76,1,3.912023005428146
15814032,Hsieh,652.0,Germany,31.0,1,93460.47,2.0,0.0,0.0,172782.69,0,3.4657359027997265
15570326,Wilkins,652.0,France,34.0,6,0.0,2.0,1.0,1.0,99128.13,0,3.5553480614894135
15624428,Longo,652.0,Germany,24.0,7,40224.7,1.0,1.0,1.0,178341.33,0,3.2188758248682006
15755638,Mancini,652.0,France,43.0,5,168069.73,1.0,1.0,1.0,146992.24,1,3.784189633918261
15600992,Madukaego,652.0,France,36.0,1,0.0,2.0,1.0,1.0,151314.98,0,3.6109179126442243
15755649,Winter-Irving,652.0,Germany,47.0,7,130538.77,1.0,1.0,0.0,92915.84,0,3.8712010109078907
15795228,Stewart,652.0,France,37.0,3,132623.6,1.0,1.0,1.0,58974.0,0,3.6375861597263857
15589257,Grant,652.0,France,35.0,3,103465.02,2.0,1.0,1.0,174627.06,0,3.58351893845611
15719302,Brennan,652.0,France,50.0,9,126547.8,1.0,1.0,1.0,79579.94,1,3.9318256327243257
15639882,She,652.0,France,30.0,2,128262.72,2.0,1.0,0.0,50771.16,0,3.4339872044851463
15791279,Murray,652.0,France,40.0,5,169742.64,1.0,1.0,1.0,153537.55,1,3.713572066704308
15636935,Rischbieth,652.0,France,29.0,1,0.0,2.0,1.0,1.0,132975.39,0,3.4011973816621555
15686909,Lung,652.0,Germany,27.0,3,150795.81,1.0,0.0,1.0,85208.93,0,3.332204510175204
15589572,Otutodilichukwu,652.0,Spain,61.0,4,129855.72,2.0,1.0,0.0,170214.82,1,4.127134385045092
15779947,Thomas,652.0,Spain,28.0,6,146098.43,3.0,1.0,0.0,100615.14,1,3.367295829986474
15573769,Fiorentini,652.0,France,24.0,7,0.0,2.0,1.0,0.0,186105.99,0,3.2188758248682006
15578866,Hughes,652.0,France,43.0,2,0.0,1.0,1.0,1.0,55119.53,0,3.784189633918261
15739131,Whitworth,652.0,Germany,28.0,4,65643.3,1.0,1.0,0.0,28760.99,0,3.367295829986474
15813444,McIntosh,652.0,Spain,34.0,6,0.0,2.0,1.0,0.0,171021.44,0,3.5553480614894135
15678058,Ayers,652.0,France,38.0,9,104584.16,1.0,1.0,0.0,176678.72,0,3.6635616461296463
15769169,Trentino,652.0,France,41.0,7,0.0,1.0,0.0,1.0,28667.56,0,3.7376696182833684
15804602,Boyd,652.0,Germany,30.0,6,99785.28,2.0,0.0,0.0,197238.03,0,3.4339872044851463
15651052,McMasters,652.0,Germany,46.0,2,127655.22,1.0,1.0,0.0,139994.68,1,3.8501476017100584
15724334,Alekseyeva,652.0,France,22.0,5,0.0,1.0,1.0,0.0,151169.83,0,3.1354942159291497
15569451,Miller,652.0,France,35.0,2,101257.16,1.0,1.0,1.0,118113.64,0,3.58351893845611
15650098,Baranova,652.0,France,40.0,7,0.0,2.0,1.0,1.0,34453.17,0,3.713572066704308
15724307,Mitchell,652.0,France,62.0,10,121313.88,1.0,0.0,1.0,64872.33,0,4.343805421853684
15599268,Yobachi,652.0,Spain,32.0,5,0.0,2.0,1.0,0.0,10956.82,0,3.4965075614664802
15594864,Huang,652.0,Germany,30.0,4,81523.38,1.0,1.0,1.0,36885.85,0,3.4339872044851463
15616451,Genovese,652.0,France,47.0,6,128252.66,1.0,1.0,1.0,168053.4,0,3.8712010109078907
15715667,Sorokina,652.0,France,32.0,7,0.0,2.0,0.0,0.0,155227.0,0,3.4965075614664802
15658969,Gray,652.0,France,51.0,7,0.0,3.0,1.0,0.0,38409.79,1,3.9512437185814275
15738174,Ervin,652.0,France,32.0,5,0.0,2.0,0.0,1.0,75279.39,0,3.4965075614664802
15813590,Vance,652.0,Spain,42.0,6,0.0,2.0,1.0,0.0,158302.59,1,3.7612001156935624
15624229,Noble,652.0,France,22.0,4,0.0,2.0,1.0,1.0,11525.72,0,3.1354942159291497
15674148,Milanesi,652.0,Spain,33.0,6,0.0,1.0,1.0,0.0,94993.04,1,3.5263605246161616
15625080,Parkin,652.0,Spain,54.0,8,0.0,1.0,1.0,0.0,173912.29,1,4.007333185232471
15682528,Cremonesi,652.0,France,33.0,5,0.0,1.0,0.0,1.0,41139.05,0,3.5263605246161616
15696900,Burns,652.0,Germany,29.0,3,145541.56,2.0,1.0,1.0,58019.95,0,3.4011973816621555
15730038,Docherty,652.0,France,23.0,5,0.0,1.0,0.0,0.0,164128.41,1,3.1780538303479458
15812272,Ugonna,652.0,Germany,44.0,5,124601.58,2.0,1.0,1.0,46998.13,1,3.8066624897703196
15654654,L?,652.0,Germany,33.0,7,115182.84,2.0,1.0,1.0,177279.41,0,3.5263605246161616
15697625,Bevan,652.0,France,37.0,2,163789.49,2.0,1.0,0.0,75832.53,0,3.6375861597263857
15616280,Hsia,652.0,France,46.0,1,65733.41,1.0,1.0,0.0,61094.53,0,3.8501476017100584
15654229,O'Neill,652.0,Spain,47.0,1,0.0,2.0,0.0,1.0,30117.44,0,3.8712010109078907
15628298,Johnstone,652.0,Spain,47.0,8,128486.11,1.0,1.0,0.0,179227.12,0,3.8712010109078907
15733387,Pham,652.0,Spain,53.0,6,109663.47,1.0,1.0,1.0,52110.45,0,3.9889840465642745
15775572,Bergamaschi,652.0,Germany,42.0,6,88324.31,2.0,1.0,0.0,75248.75,0,3.7612001156935624
15613844,Murphy,652.0,France,28.0,7,146445.24,2.0,1.0,0.0,184317.74,0,3.367295829986474
15578515,Osinachi,652.0,France,38.0,3,0.0,2.0,1.0,0.0,158553.1,0,3.6635616461296463
15607598,Muravyov,652.0,Spain,31.0,6,0.0,2.0,1.0,1.0,95686.42,0,3.4657359027997265
15742480,Igwebuike,652.0,Germany,36.0,2,109949.05,2.0,0.0,1.0,71682.54,0,3.6109179126442243
15749482,Zack,652.0,Spain,30.0,4,78653.05,1.0,1.0,0.0,1790.48,0,3.4339872044851463
15607537,Crawford,652.0,Germany,46.0,9,107850.82,1.0,1.0,0.0,139431.0,1,3.8501476017100584
15575410,Chidiegwu,652.0,Germany,39.0,4,83765.35,2.0,1.0,0.0,118358.54,0,3.6888794541139363
15684865,Lucchesi,652.0,France,62.0,7,143773.07,1.0,1.0,1.0,130827.88,0,4.204692619390966
15600700,Pan,652.0,Germany,62.0,6,116227.27,1.0,1.0,1.0,119404.63,0,4.1588830833596715
15774155,Trevisani,652.0,Germany,33.0,0,103471.52,1.0,1.0,1.0,162703.0,0,3.5263605246161616
15634267,Yudin,652.0,France,42.0,5,0.0,2.0,1.0,0.0,172665.21,0,3.7612001156935624
15619626,Wade,652.0,France,24.0,3,137492.35,2.0,0.0,1.0,170142.09,0,3.2188758248682006
15660422,Chung,652.0,France,28.0,7,0.0,2.0,1.0,0.0,73977.23,0,3.367295829986474
15617934,Septimus,652.0,France,36.0,9,129829.59,1.0,1.0,1.0,60906.12,0,3.6109179126442243
15760774,Hargraves,652.0,France,21.0,1,146329.57,2.0,1.0,1.0,194867.27,0,3.091042453358316
15813132,Chukwukadibia,652.0,Germany,30.0,4,114027.7,1.0,1.0,1.0,193716.56,0,3.4339872044851463
15593331,Sidorov,652.0,Germany,25.0,6,146580.69,1.0,0.0,1.0,14633.35,0,3.258096538021482
15616709,Bunton,652.0,Germany,38.0,0,132122.42,2.0,0.0,0.0,31730.32,0,3.6635616461296463
15658052,Cameron,652.0,France,44.0,10,81553.93,1.0,1.0,0.0,20063.63,1,3.8066624897703196
15721189,Kung,652.0,France,62.0,7,0.0,2.0,1.0,1.0,99792.82,0,4.204692619390966
15711288,Hay,652.0,France,24.0,6,0.0,2.0,1.0,0.0,37654.31,0,3.2188758248682006
15770030,Conti,652.0,Spain,28.0,3,0.0,2.0,1.0,1.0,192449.02,0,3.367295829986474
15803681,Sims,652.0,France,26.0,4,0.0,2.0,1.0,1.0,181208.47,0,3.295836866004329
15702789,Carter,652.0,Germany,32.0,5,175214.71,1.0,1.0,1.0,155165.61,0,3.4965075614664802
15814930,McGregor,652.0,Germany,40.0,10,125534.51,1.0,1.0,0.0,121504.18,1,3.713572066704308
15658306,Lo,652.0,France,62.0,4,97705.99,1.0,1.0,1.0,61569.07,0,4.23410650459726
15699523,Chu,652.0,Germany,55.0,4,126817.65,2.0,1.0,0.0,123269.71,0,4.02535169073515
15610383,Dumetolisa,652.0,France,46.0,1,46870.43,3.5,1.0,0.0,31272.14,1,3.8501476017100584
15615032,Peng,652.0,Spain,46.0,3,0.0,2.0,1.0,1.0,62825.03,0,3.8501476017100584
15781989,Drake-Brockman,652.0,France,42.0,9,120094.93,1.0,1.0,0.0,184056.45,0,3.7612001156935624
15647402,Wan,652.0,France,38.0,3,0.0,2.0,1.0,1.0,48924.73,0,3.6635616461296463
15740494,Cameron,652.0,France,33.0,3,0.0,2.0,1.0,0.0,191111.02,0,3.5263605246161616
15701265,Tretiakov,652.0,Germany,36.0,1,104356.94,2.0,0.0,1.0,54184.06,0,3.6109179126442243
15743532,Ball,652.0,Germany,27.0,5,147004.34,1.0,1.0,0.0,64381.33,1,3.332204510175204
15794870,Sal,652.0,Germany,38.0,6,73023.17,2.0,1.0,0.0,78770.86,0,3.6635616461296463
15747591,Chung,652.0,Spain,40.0,1,173432.55,1.0,0.0,1.0,116766.79,0,3.713572066704308
15726557,Lai,652.0,France,42.0,7,165679.92,1.0,0.0,0.0,32916.29,0,3.7612001156935624
15732199,Gether,652.0,Spain,31.0,9,104678.62,1.0,0.0,1.0,50972.6,0,3.4657359027997265
15662291,Davidson,652.0,France,55.0,8,116973.26,3.0,1.0,0.0,122066.5,1,4.02535169073515
15749050,Justice,652.0,France,36.0,3,0.0,1.0,1.0,0.0,65996.9,0,3.6109179126442243
15781586,Osonduagwuike,652.0,Germany,38.0,2,126732.85,1.0,1.0,1.0,79577.38,0,3.6635616461296463
15617078,Ewing,652.0,France,44.0,6,148481.09,1.0,1.0,0.0,130529.13,0,3.8066624897703196
15723339,Chin,652.0,France,38.0,4,137654.05,2.0,1.0,1.0,172629.67,0,3.6635616461296463
15671322,Chiang,652.0,Germany,30.0,7,115315.04,1.0,1.0,0.0,15216.53,0,3.4339872044851463
15793854,Ahmed,652.0,France,42.0,2,99095.73,1.0,1.0,1.0,17512.53,0,3.7612001156935624
15756539,Marshall,652.0,Germany,39.0,7,165610.41,2.0,0.0,0.0,131852.01,0,3.6888794541139363
15612064,Tsou,652.0,France,33.0,5,0.0,2.0,1.0,0.0,181945.52,1,3.5263605246161616
15625916,Chien,652.0,Spain,32.0,6,161628.66,1.0,1.0,0.0,91482.5,0,3.4965075614664802
15683195,Ubanwa,652.0,France,32.0,9,146605.27,1.0,1.0,1.0,77119.45,0,3.4965075614664802
15690182,Kapustin,652.0,Germany,37.0,5,113488.68,1.0,1.0,0.0,95611.74,1,3.6375861597263857
15721719,Calabresi,652.0,France,42.0,7,77002.2,2.0,1.0,1.0,80428.42,0,3.7612001156935624
15641690,Hsiao,652.0,Spain,62.0,7,0.0,2.0,0.0,1.0,163714.92,0,4.219507705176107
15634896,Grant,652.0,France,39.0,6,0.0,2.0,0.0,1.0,27375.15,0,3.6888794541139363
15671590,H?,652.0,Spain,25.0,4,0.0,2.0,1.0,1.0,73873.65,0,3.258096538021482
15779182,Chia,652.0,Spain,46.0,8,182364.53,1.0,0.0,0.0,139266.48,1,3.8501476017100584
15778287,Ugoji,652.0,France,35.0,8,0.0,2.0,1.0,1.0,131772.51,0,3.58351893845611
15609510,Gregory,652.0,France,45.0,7,149364.58,1.0,0.0,1.0,173454.07,0,3.828641396489095
15742229,Mackay,652.0,France,59.0,7,127450.14,1.0,0.0,1.0,67552.71,0,4.0943445622221
15658532,Nnamutaezinwa,652.0,Spain,62.0,5,162278.32,1.0,1.0,1.0,34765.33,0,4.1588830833596715
15590993,Findlay,652.0,Spain,37.0,5,152212.88,2.0,0.0,0.0,120219.14,0,3.6375861597263857
15565701,Ferri,652.0,Spain,39.0,9,161993.89,1.0,0.0,0.0,90212.38,0,3.6888794541139363
15597239,Ku,652.0,Spain,39.0,7,131468.44,1.0,1.0,0.0,164975.82,0,3.6888794541139363
15688880,Amechi,652.0,Germany,40.0,10,102980.44,1.0,1.0,0.0,1285.81,1,3.713572066704308
15813917,Kirk,652.0,Germany,31.0,9,143321.97,1.0,1.0,0.0,83679.46,0,3.4657359027997265
15679611,Andrews,652.0,Spain,37.0,2,130404.92,1.0,0.0,0.0,34548.74,0,3.6375861597263857
15636589,Murray,652.0,France,41.0,7,0.0,2.0,1.0,1.0,74275.08,0,3.7376696182833684
15687752,Griffin,652.0,France,30.0,2,87505.47,2.0,0.0,1.0,7278.57,0,3.4339872044851463
15584363,Longstaff,652.0,France,30.0,0,133634.02,1.0,1.0,1.0,162053.92,0,3.4339872044851463
15737748,McWilliam,652.0,Spain,33.0,3,151233.62,1.0,0.0,0.0,199336.63,0,3.5263605246161616
15803365,Coffee,652.0,Spain,55.0,2,70263.83,1.0,0.0,1.0,62347.71,0,4.02535169073515
15793247,Hancock,652.0,France,34.0,5,0.0,2.0,1.0,1.0,91711.66,0,3.5553480614894135
15572360,Clark,652.0,France,30.0,10,57657.49,1.0,0.0,0.0,79240.9,0,3.4339872044851463
15795166,Creswell,652.0,Germany,42.0,8,153572.31,2.0,1.0,1.0,76679.6,0,3.7612001156935624
15724620,Dodds,652.0,France,37.0,1,134752.08,1.0,1.0,0.0,162511.55,0,3.6375861597263857
15800856,Ewen,652.0,Spain,34.0,3,83132.09,1.0,1.0,1.0,21360.88,0,3.5553480614894135
15671097,Carter,652.0,France,31.0,2,0.0,2.0,1.0,0.0,54487.43,0,3.4657359027997265
15683930,Ch'iu,652.0,Germany,32.0,9,134096.53,2.0,1.0,0.0,53931.05,1,3.4965075614664802
15749004,Tsao,652.0,France,31.0,0,118100.59,2.0,1.0,0.0,103165.15,0,3.4657359027997265
15800434,Burgess,652.0,Germany,52.0,10,76915.4,1.0,0.0,0.0,146359.81,1,3.970291913552122
15709117,Fanucci,652.0,Spain,46.0,3,81576.75,1.0,1.0,1.0,28370.95,1,3.8501476017100584
15638806,Blackburn,652.0,Spain,49.0,2,0.0,2.0,0.0,0.0,10023.15,0,3.912023005428146
15662294,Bennett,652.0,France,33.0,10,118327.17,2.0,1.0,1.0,192928.82,0,3.5263605246161616
15690079,Boniwell,652.0,Spain,30.0,8,124857.69,2.0,0.0,0.0,50485.7,0,3.4339872044851463
15759317,Vasilieva,652.0,Germany,27.0,2,90971.85,1.0,1.0,1.0,131662.47,0,3.332204510175204
15750497,Longo,652.0,France,37.0,7,153147.75,1.0,1.0,1.0,152235.3,0,3.6375861597263857
15596181,Kwemto,652.0,France,38.0,8,65942.26,1.0,1.0,1.0,68093.23,1,3.6635616461296463
15576602,Lawrence,652.0,France,38.0,3,0.0,2.0,1.0,1.0,80061.31,0,3.6635616461296463
15644833,Duncan,652.0,France,54.0,2,0.0,1.0,1.0,0.0,149583.67,1,4.007333185232471
15734634,Bocharova,652.0,Spain,27.0,5,100912.19,1.0,0.0,0.0,7631.27,0,3.332204510175204
15808689,Morres,652.0,France,31.0,4,0.0,2.0,1.0,1.0,33082.81,0,3.4657359027997265
15720702,Shih,652.0,France,37.0,3,0.0,1.0,1.0,0.0,121883.87,1,3.6375861597263857
15665077,Vogel,652.0,France,43.0,5,0.0,3.0,1.0,1.0,100722.72,1,3.784189633918261
15763612,T'an,652.0,Germany,41.0,2,124439.49,2.0,0.0,1.0,47093.11,0,3.7376696182833684
15596493,Wisdom,652.0,France,47.0,7,0.0,2.0,1.0,1.0,177624.01,0,3.8712010109078907
15704483,Lorenzo,652.0,France,40.0,6,0.0,2.0,0.0,0.0,106149.48,0,3.713572066704308
15598846,Shahan,652.0,France,44.0,2,58781.76,1.0,1.0,0.0,16874.92,0,3.8066624897703196
15629244,Bryant,652.0,Spain,50.0,7,159453.64,2.0,0.0,0.0,54560.79,1,3.9318256327243257
15765537,Liang,652.0,Germany,26.0,2,142721.52,1.0,1.0,1.0,153605.75,0,3.295836866004329
15729975,Chidozie,652.0,France,46.0,8,167795.6,1.0,0.0,1.0,44390.38,0,3.8501476017100584
15682773,Hayward,652.0,France,38.0,3,128345.69,2.0,1.0,0.0,63218.85,0,3.6635616461296463
15688007,Liu,652.0,Spain,20.0,3,165260.98,1.0,1.0,1.0,41626.78,0,3.044522437723423
15574331,Alexeeva,652.0,Germany,62.0,3,118233.81,1.0,0.0,1.0,24765.53,1,4.143134726391533
15645572,Calabresi,652.0,France,40.0,6,0.0,1.0,1.0,0.0,28280.8,1,3.713572066704308
15742854,Lettiere,652.0,Spain,46.0,8,0.0,2.0,1.0,0.0,89043.19,0,3.8501476017100584
15575417,Chou,652.0,Germany,37.0,7,143452.74,2.0,1.0,1.0,17294.12,0,3.6375861597263857
15796721,Nnamutaezinwa,652.0,France,38.0,3,145018.49,2.0,1.0,1.0,126702.41,0,3.6635616461296463
15734942,Nnamutaezinwa,652.0,Germany,38.0,8,82407.51,1.0,1.0,0.0,13123.41,0,3.6635616461296463
15664772,Greece,652.0,Germany,28.0,1,79460.98,2.0,1.0,1.0,167973.63,0,3.367295829986474
15576683,Yin,652.0,Spain,43.0,9,0.0,1.0,1.0,0.0,125870.79,1,3.784189633918261
15682563,Larionova,652.0,Spain,38.0,5,126473.99,1.0,1.0,0.0,91972.49,0,3.6635616461296463
15650889,Golubev,652.0,Germany,30.0,10,133537.1,2.0,1.0,0.0,155593.74,0,3.4339872044851463
15612108,Norman,652.0,France,52.0,5,164978.01,1.0,1.0,1.0,67788.49,0,3.970291913552122
15761132,Capon,652.0,Spain,46.0,7,128029.72,1.0,1.0,1.0,62615.35,0,3.8501476017100584
15645511,Chukwudi,652.0,Spain,43.0,2,97403.18,1.0,1.0,1.0,107415.02,1,3.784189633918261
15609824,Fedorov,652.0,France,41.0,7,176845.41,3.0,1.0,0.0,166526.26,1,3.7376696182833684
15640268,Avdeeva,652.0,Spain,62.0,4,0.0,1.0,1.0,1.0,120107.1,0,4.276666119016055
15645778,Reid,652.0,Spain,42.0,3,81589.04,1.0,1.0,0.0,188227.8,0,3.7612001156935624
15691104,Kennedy,652.0,Germany,40.0,6,119507.58,2.0,1.0,0.0,91560.63,1,3.713572066704308
15714567,Chan,652.0,Spain,26.0,6,0.0,2.0,0.0,0.0,166495.2,0,3.295836866004329
15777826,Wofford,652.0,France,30.0,5,94443.77,1.0,1.0,1.0,165614.4,0,3.4339872044851463
15668445,Mai,652.0,France,37.0,2,0.0,2.0,1.0,1.0,86372.24,0,3.6375861597263857
15576162,King,652.0,France,32.0,7,92199.84,1.0,1.0,1.0,2755.53,0,3.4965075614664802
15778135,T'ao,652.0,Spain,43.0,3,0.0,1.0,1.0,0.0,83594.51,0,3.784189633918261
15613141,Hsu,652.0,France,41.0,3,135756.96,1.0,1.0,1.0,103706.41,0,3.7376696182833684
15635435,White,652.0,France,54.0,9,120633.42,1.0,0.0,0.0,5924.38,1,4.007333185232471
15596552,Stephens,652.0,Germany,48.0,5,134542.73,1.0,1.0,1.0,58203.67,1,3.8918202981106265
15623644,Frolov,652.0,Spain,29.0,7,0.0,2.0,1.0,0.0,49361.84,0,3.4011973816621555
15683403,Lombardi,652.0,Spain,52.0,7,0.0,1.0,0.0,1.0,73585.18,1,3.970291913552122
15615029,Munro,652.0,Spain,39.0,6,0.0,1.0,1.0,1.0,95135.27,0,3.6888794541139363
15769005,Hayward,652.0,France,49.0,4,154344.49,2.0,1.0,1.0,38794.57,0,3.912023005428146
15746326,Fields,652.0,France,43.0,3,0.0,2.0,0.0,1.0,198926.36,0,3.784189633918261
15722364,Onwumelu,652.0,France,43.0,9,189026.53,2.0,1.0,1.0,56099.86,0,3.784189633918261
15704954,Suffolk,652.0,France,37.0,0,120764.08,1.0,1.0,1.0,117023.08,0,3.6375861597263857
15694409,Tsao,652.0,Germany,22.0,3,97975.82,2.0,0.0,1.0,62083.0,0,3.1354942159291497
15754068,Judd,652.0,France,32.0,4,0.0,2.0,1.0,1.0,141822.8,0,3.4965075614664802
15683841,Hamilton,652.0,Germany,41.0,10,113270.2,2.0,1.0,1.0,185387.14,0,3.7376696182833684
15789095,T'ang,652.0,Spain,30.0,4,0.0,2.0,0.0,1.0,57461.13,0,3.4339872044851463
15719958,Degtyarev,652.0,Germany,39.0,3,124548.99,2.0,1.0,1.0,120380.12,0,3.6888794541139363
15689514,Kang,652.0,France,43.0,8,201696.07,1.0,1.0,0.0,133020.9,1,3.784189633918261
15621353,Hudson,652.0,Spain,37.0,7,0.0,2.0,1.0,0.0,13589.93,0,3.6375861597263857
15627232,Jibunoh,652.0,Germany,44.0,7,114203.47,1.0,1.0,1.0,77830.36,1,3.8066624897703196
15745843,Kinlaw,652.0,Spain,31.0,4,0.0,2.0,1.0,1.0,136610.02,0,3.4657359027997265
15722902,Chizuoke,652.0,Germany,50.0,8,125437.64,1.0,1.0,1.0,17160.94,1,3.9318256327243257
15791767,Lucciano,652.0,France,26.0,7,0.0,2.0,1.0,0.0,176843.53,0,3.295836866004329
15792722,Omeokachie,652.0,France,43.0,8,64897.75,1.0,1.0,0.0,114996.33,0,3.784189633918261
15723006,Gorbunova,652.0,France,38.0,8,0.0,2.0,0.0,1.0,196990.79,0,3.6635616461296463
15771942,Tikhonov,652.0,Germany,46.0,9,135555.66,1.0,1.0,0.0,133146.03,1,3.8501476017100584
15774738,Campa,652.0,France,44.0,3,107764.75,1.0,1.0,0.0,185667.72,0,3.8066624897703196
15574004,Mancini,652.0,France,27.0,6,117307.44,2.0,1.0,1.0,24020.49,0,3.332204510175204
15587233,Donoghue,652.0,France,41.0,8,73700.12,3.0,1.0,1.0,185750.02,1,3.7376696182833684
15808228,Tuan,652.0,Spain,44.0,6,60603.4,1.0,1.0,1.0,178045.97,0,3.8066624897703196
15682834,Johnstone,652.0,Spain,35.0,4,40169.88,2.0,1.0,1.0,199857.47,0,3.58351893845611
15571752,Romani,652.0,Germany,32.0,10,92041.87,1.0,1.0,1.0,43595.9,0,3.4965075614664802
15743067,Fuller,652.0,Germany,26.0,3,130483.95,1.0,1.0,0.0,122810.53,0,3.295836866004329
15714466,Baxter,652.0,France,41.0,5,0.0,3.0,1.0,0.0,3440.47,1,3.7376696182833684
15617982,Pirozzi,652.0,Spain,42.0,3,0.0,2.0,1.0,0.0,35989.41,0,3.7612001156935624
15696637,Sung,652.0,France,23.0,10,151097.28,1.0,0.0,1.0,17163.75,0,3.1780538303479458
15690647,Rogers,652.0,Spain,46.0,8,67563.31,1.0,1.0,0.0,44506.09,1,3.8501476017100584
15672756,Mills,652.0,France,35.0,8,112808.18,1.0,0.0,1.0,17848.3,0,3.58351893845611
15704586,Osonduagwuike,652.0,France,42.0,7,0.0,2.0,0.0,1.0,76209.56,0,3.7612001156935624
15674526,Byrne,652.0,France,62.0,4,86459.8,1.0,1.0,1.0,141476.56,0,4.204692619390966
15775295,McIntyre,652.0,France,40.0,0,118633.08,1.0,0.0,1.0,60032.46,1,3.713572066704308
15684196,Aitken,652.0,France,55.0,2,159441.27,1.0,1.0,0.0,100686.11,1,4.02535169073515
15727281,Macintyre,652.0,France,27.0,9,0.0,2.0,1.0,0.0,96429.29,0,3.332204510175204
15787835,Simpson,652.0,Germany,38.0,4,125212.65,2.0,1.0,1.0,15795.88,1,3.6635616461296463
15730540,Simpson,652.0,Spain,45.0,8,88656.37,2.0,1.0,0.0,116547.31,0,3.828641396489095
15646276,Metcalfe,652.0,France,32.0,2,146033.62,1.0,1.0,0.0,191260.74,0,3.4965075614664802
15582180,Lees,652.0,France,29.0,9,120268.13,1.0,1.0,1.0,173870.39,0,3.4011973816621555
15697095,Zetticci,652.0,Spain,46.0,7,0.0,2.0,1.0,0.0,117273.35,0,3.8501476017100584
15748797,Dale,652.0,Spain,33.0,0,0.0,1.0,1.0,0.0,92277.47,1,3.5263605246161616
15754796,Byrne,652.0,Germany,46.0,4,135070.58,2.0,1.0,1.0,44244.49,1,3.8501476017100584
15628947,Praed,652.0,France,38.0,3,0.0,2.0,0.0,0.0,78133.48,1,3.6635616461296463
15775546,Laurens,652.0,Spain,29.0,5,0.0,2.0,1.0,0.0,103402.88,0,3.4011973816621555
15670481,Woods,652.0,France,27.0,9,122550.05,2.0,0.0,1.0,137835.82,0,3.332204510175204
15619029,Bykov,652.0,Spain,43.0,2,0.0,2.0,1.0,0.0,20670.1,0,3.784189633918261
15613282,Vorobyova,652.0,France,29.0,8,130306.49,1.0,1.0,0.0,77469.38,0,3.4011973816621555
15721487,Pirogova,652.0,France,27.0,6,0.0,1.0,1.0,1.0,57572.38,0,3.332204510175204
15797276,Sturt,652.0,Spain,41.0,4,90350.77,1.0,1.0,0.0,75884.65,1,3.7376696182833684
15612494,Panicucci,652.0,France,44.0,6,128747.69,1.0,1.0,0.0,146955.71,1,3.8066624897703196
15629617,Cook,652.0,Spain,23.0,2,126873.52,1.0,0.0,1.0,67040.12,0,3.1780538303479458
15600821,Hardy,652.0,France,62.0,2,108424.19,1.0,1.0,1.0,178418.35,0,4.248495242049359
15579062,Chu,652.0,France,32.0,9,0.0,2.0,0.0,0.0,30807.02,0,3.4965075614664802
15814268,Franklin,652.0,France,40.0,5,84350.07,1.0,1.0,0.0,143835.76,0,3.713572066704308
15710164,P'eng,652.0,France,62.0,7,0.0,2.0,0.0,0.0,130883.9,1,4.304065093204169
15693904,Chiang,652.0,Germany,30.0,4,84958.6,2.0,0.0,1.0,194343.72,0,3.4339872044851463
15588986,Grant,652.0,Germany,29.0,4,99097.36,1.0,1.0,1.0,9796.69,0,3.4011973816621555
15797733,Udobata,652.0,Germany,30.0,10,136622.55,2.0,0.0,0.0,47310.24,0,3.4339872044851463
15620507,Siciliani,652.0,Germany,30.0,5,156771.68,1.0,1.0,1.0,141148.21,0,3.4339872044851463
15685150,Evans,652.0,Germany,28.0,7,167658.33,2.0,1.0,1.0,111138.25,0,3.367295829986474
15667651,Young,652.0,Spain,33.0,8,0.0,2.0,1.0,0.0,114182.07,0,3.5263605246161616
15774166,Mitchell,652.0,Germany,24.0,2,109483.54,2.0,0.0,1.0,127560.77,0,3.2188758248682006
15649280,Lucchese,652.0,Germany,40.0,9,134504.78,1.0,1.0,0.0,18082.06,0,3.713572066704308
15705657,Hewitt,652.0,France,44.0,2,114427.86,1.0,1.0,1.0,136330.26,0,3.8066624897703196
15753969,K'ung,652.0,Spain,45.0,5,83888.54,1.0,0.0,1.0,34121.81,0,3.828641396489095
15742378,Swaim,652.0,Germany,32.0,5,110029.77,1.0,1.0,0.0,56246.69,0,3.4965075614664802
15794874,Quinones,652.0,Spain,41.0,9,127523.75,1.0,0.0,1.0,191417.42,0,3.7376696182833684
15589221,Kennedy,652.0,Germany,30.0,1,139762.13,2.0,1.0,1.0,23317.88,0,3.4339872044851463
15596671,Endrizzi,652.0,Spain,42.0,8,91611.12,1.0,0.0,0.0,144675.3,1,3.7612001156935624
15583668,Ludowici,652.0,France,42.0,2,109471.79,1.0,0.0,1.0,175161.05,0,3.7612001156935624
15710206,Larson,652.0,France,39.0,4,150500.64,1.0,1.0,0.0,14928.8,0,3.6888794541139363
15799966,Chigolum,652.0,Germany,59.0,9,101609.77,1.0,0.0,0.0,161479.19,1,4.0943445622221
15794560,Maclean,652.0,France,57.0,5,0.0,1.0,1.0,1.0,133501.94,0,4.060443010546419
15626485,Lu,652.0,France,26.0,8,78892.23,1.0,1.0,1.0,23703.52,0,3.295836866004329
15703143,Tuan,652.0,France,29.0,3,82344.84,1.0,0.0,1.0,115985.38,0,3.4011973816621555
15809772,Glover,652.0,France,48.0,2,0.0,1.0,1.0,0.0,43229.2,0,3.8918202981106265
15687959,Landman,652.0,Spain,44.0,4,0.0,1.0,1.0,1.0,94862.93,0,3.8066624897703196
15585282,Trevisano,652.0,France,62.0,1,127706.33,2.0,0.0,1.0,142377.69,0,4.143134726391533
15714993,Longo,652.0,France,41.0,9,124349.34,1.0,1.0,0.0,135635.25,0,3.7376696182833684
15596021,K?,652.0,Spain,44.0,8,0.0,2.0,1.0,0.0,148487.9,0,3.8066624897703196
15646615,Muir,652.0,Germany,28.0,1,119336.29,2.0,0.0,1.0,58976.85,0,3.367295829986474
15742632,Alexeyeva,652.0,France,31.0,9,0.0,1.0,0.0,1.0,76254.83,0,3.4657359027997265
15574068,Norman,652.0,Germany,56.0,9,104217.3,1.0,0.0,0.0,55857.48,1,4.04305126783455
15806967,Simmons,652.0,France,62.0,7,0.0,1.0,1.0,1.0,77867.23,0,4.189654742026425
15796334,Chukwualuka,652.0,Germany,39.0,10,144757.02,1.0,1.0,0.0,22878.16,1,3.6888794541139363
15688713,McCall,652.0,Spain,44.0,6,0.0,1.0,1.0,1.0,114469.55,0,3.8066624897703196
15796179,Moore,652.0,France,43.0,8,0.0,1.0,1.0,0.0,96754.8,0,3.784189633918261
15598751,Ingram,652.0,France,43.0,6,0.0,3.0,0.0,0.0,125154.57,1,3.784189633918261
15703019,Okeke,652.0,France,38.0,10,0.0,2.0,0.0,1.0,113597.64,0,3.6635616461296463
15646302,Shao,652.0,France,24.0,7,100169.51,1.0,1.0,0.0,121408.55,0,3.2188758248682006
15680855,Iloabuchi,652.0,France,33.0,2,145731.83,1.0,0.0,1.0,109219.43,0,3.5263605246161616
15697311,Nebechukwu,652.0,Spain,56.0,5,110802.03,1.0,1.0,1.0,50230.31,1,4.04305126783455
15585367,Diribe,652.0,Germany,46.0,4,120392.99,1.0,1.0,0.0,177719.88,1,3.8501476017100584
15726556,Macgroarty,652.0,Germany,26.0,6,135067.52,2.0,0.0,0.0,131211.86,0,3.295836866004329
15676242,Artemova,652.0,Spain,31.0,3,136556.44,1.0,1.0,0.0,82152.83,1,3.4657359027997265
15684198,McDonald,652.0,France,38.0,10,0.0,2.0,1.0,1.0,216.27,0,3.6635616461296463
15774882,Mazzanti,652.0,France,35.0,3,99587.43,1.0,1.0,1.0,1713.1,1,3.58351893845611
15714227,Kelly,652.0,France,53.0,7,0.0,1.0,1.0,1.0,136910.18,0,3.9889840465642745
15608653,Davison,652.0,Spain,34.0,7,70731.07,1.0,1.0,1.0,20243.97,1,3.5553480614894135
15784280,Reilly,652.0,Germany,35.0,2,109342.82,2.0,0.0,1.0,86043.27,0,3.58351893845611
15789546,Ojiofor,652.0,Spain,28.0,8,0.0,2.0,1.0,0.0,126561.07,0,3.367295829986474
15590320,Shelton,652.0,France,62.0,4,0.0,2.0,0.0,1.0,64350.8,0,4.204692619390966
15678385,Lange,652.0,France,25.0,2,78247.31,2.0,1.0,1.0,10472.31,0,3.258096538021482
15571778,Trentini,652.0,France,55.0,10,117561.49,1.0,1.0,0.0,95941.55,1,4.02535169073515
15657085,Gardiner,652.0,France,23.0,10,88980.32,1.0,1.0,1.0,125222.36,0,3.1780538303479458
15640627,Wan,652.0,Spain,34.0,4,0.0,2.0,1.0,0.0,170950.58,0,3.5553480614894135
15566211,Hsu,652.0,Germany,41.0,1,103560.57,1.0,1.0,0.0,236.45,1,3.7376696182833684
15669293,Hovell,652.0,France,37.0,5,113308.84,1.0,0.0,1.0,31517.16,0,3.6375861597263857
15595067,Zhirov,652.0,Spain,40.0,6,0.0,2.0,1.0,1.0,181610.6,0,3.713572066704308
15753566,Espinosa,652.0,France,32.0,3,63763.49,1.0,1.0,0.0,156593.09,0,3.4965075614664802
15650391,Wallace,652.0,France,29.0,7,169988.35,1.0,1.0,0.0,4272.0,0,3.4011973816621555
15681843,Barbour,652.0,Germany,35.0,0,180303.24,2.0,1.0,0.0,163587.9,0,3.58351893845611
15814846,Ozerova,652.0,France,52.0,3,0.0,1.0,1.0,0.0,175843.68,1,3.970291913552122
15670374,Wright,652.0,Germany,49.0,1,120656.86,3.5,0.0,0.0,166164.3,1,3.912023005428146
15762332,Ulyanova,652.0,Germany,31.0,1,61592.14,2.0,1.0,1.0,61796.64,0,3.4657359027997265
15700223,Steiner,652.0,France,48.0,4,164701.68,1.0,1.0,1.0,21439.49,0,3.8918202981106265
15729956,Akabueze,652.0,Spain,26.0,1,80780.16,1.0,1.0,1.0,19225.85,0,3.295836866004329
15594862,Aleksandrova,652.0,France,36.0,8,0.0,2.0,0.0,0.0,132547.02,0,3.6109179126442243
15598782,Pinto,652.0,Germany,30.0,6,154221.37,2.0,0.0,1.0,62688.55,0,3.4339872044851463
15745080,Griffiths,652.0,France,26.0,8,0.0,1.0,1.0,0.0,21760.96,0,3.295836866004329
15703399,McNeil,652.0,France,26.0,5,101641.14,2.0,0.0,1.0,154460.68,0,3.295836866004329
15732175,Bruno,652.0,France,37.0,2,0.0,1.0,0.0,1.0,8065.0,0,3.6375861597263857
15630725,Johnson,652.0,France,45.0,5,92786.66,1.0,1.0,0.0,173365.9,1,3.828641396489095
15640260,Okorie,652.0,Germany,32.0,8,131081.66,2.0,1.0,1.0,69428.79,0,3.4965075614664802
15716822,Moen,652.0,France,30.0,5,98014.74,1.0,1.0,1.0,12757.14,0,3.4339872044851463
15583748,McGuigan,652.0,Spain,38.0,8,0.0,2.0,1.0,0.0,180426.2,0,3.6635616461296463
15605968,Fancher,652.0,France,26.0,8,97460.1,1.0,1.0,1.0,43093.67,0,3.295836866004329
15790683,Matthews,652.0,France,36.0,1,104077.19,2.0,0.0,1.0,68594.0,0,3.6109179126442243
15607713,Kaeppel,652.0,Spain,29.0,1,0.0,2.0,1.0,1.0,197996.65,0,3.4011973816621555
15700212,Shih,652.0,France,46.0,10,0.0,2.0,0.0,0.0,122953.0,1,3.8501476017100584
15626710,Yudina,652.0,France,39.0,4,0.0,1.0,1.0,1.0,76821.24,0,3.6888794541139363
15716491,Akabueze,652.0,Spain,51.0,4,93656.95,1.0,0.0,1.0,141400.51,1,3.9512437185814275
15625824,Kornilova,652.0,Spain,30.0,6,121345.88,3.5,1.0,0.0,41921.75,1,3.4339872044851463
15617705,Ozioma,652.0,France,39.0,8,141675.23,1.0,0.0,1.0,175664.25,0,3.6888794541139363
15761976,Su,652.0,Spain,31.0,8,0.0,2.0,1.0,0.0,117916.63,0,3.4657359027997265
15634891,Jamison,652.0,Germany,43.0,7,102365.49,1.0,1.0,0.0,194690.77,1,3.784189633918261
15744517,Esposito,652.0,Spain,50.0,9,0.0,1.0,0.0,0.0,166677.35,1,3.9318256327243257
15686963,Hardiman,652.0,Spain,30.0,3,0.0,1.0,1.0,0.0,160131.58,0,3.4339872044851463
15808189,Woodard,652.0,France,52.0,6,0.0,2.0,0.0,1.0,123622.0,0,3.970291913552122
15580845,Chienezie,652.0,Germany,57.0,7,101868.51,1.0,0.0,1.0,113483.96,0,4.060443010546419
15799156,Okwuadigbo,652.0,Spain,38.0,8,0.0,2.0,0.0,0.0,79618.79,0,3.6635616461296463
15694296,Chineze,652.0,France,35.0,9,112392.45,2.0,1.0,0.0,24472.23,0,3.58351893845611
15677049,O'Brien,652.0,Germany,25.0,7,106570.34,2.0,0.0,1.0,177025.79,0,3.258096538021482
15583595,Tao,652.0,France,28.0,8,0.0,1.0,1.0,1.0,103349.74,0,3.367295829986474
15590146,Mao,652.0,France,50.0,1,81947.76,1.0,0.0,1.0,63606.22,1,3.9318256327243257
15801548,Buckland,652.0,France,31.0,7,144162.3,2.0,1.0,1.0,14490.79,0,3.4657359027997265
15660833,Flannery,652.0,Germany,39.0,5,86350.87,2.0,0.0,0.0,105080.53,0,3.6888794541139363
15762277,Jamieson,652.0,France,47.0,5,158623.14,1.0,0.0,0.0,83499.89,1,3.8712010109078907
15791302,Swift,652.0,France,32.0,8,0.0,2.0,1.0,0.0,143598.7,0,3.4965075614664802
15798975,Doherty,652.0,Germany,48.0,4,132403.56,1.0,0.0,0.0,36091.91,1,3.8918202981106265
15599956,Payne,652.0,France,27.0,10,0.0,2.0,0.0,0.0,13007.89,0,3.332204510175204
15577274,Genovese,652.0,Germany,43.0,3,134985.66,1.0,1.0,0.0,6101.41,0,3.784189633918261
15701200,Lucciano,652.0,France,36.0,6,0.0,2.0,1.0,1.0,48314.0,0,3.6109179126442243
15638149,Rowley,652.0,France,37.0,6,103772.45,1.0,1.0,0.0,197111.99,0,3.6375861597263857
15786199,Hsing,652.0,France,33.0,2,133040.32,1.0,1.0,1.0,110299.78,0,3.5263605246161616
15701765,Vincent,652.0,Spain,37.0,0,0.0,2.0,0.0,0.0,30114.32,0,3.6375861597263857
15586974,Pearce,652.0,France,39.0,10,0.0,2.0,1.0,1.0,98894.64,0,3.6888794541139363
15729040,Lamb,652.0,France,42.0,2,0.0,2.0,1.0,0.0,49826.68,0,3.7612001156935624
15788676,Riley,652.0,Spain,38.0,8,71460.67,2.0,1.0,1.0,10074.05,0,3.6635616461296463
15602497,Honore,652.0,Spain,39.0,6,133214.13,1.0,0.0,1.0,20769.88,0,3.6888794541139363
15701333,Blackburn,652.0,France,37.0,7,96558.66,1.0,0.0,0.0,163427.18,0,3.6375861597263857
15812071,Endrizzi,652.0,France,54.0,6,93806.31,2.0,0.0,1.0,140068.77,0,4.007333185232471
15634375,Duncan,652.0,Spain,36.0,8,0.0,2.0,0.0,0.0,83206.19,0,3.6109179126442243
15738267,Macarthur,652.0,France,62.0,3,124043.8,1.0,1.0,1.0,111402.97,1,4.174387269895637
15786800,Gould,652.0,Germany,52.0,5,131694.97,1.0,0.0,1.0,92873.5,1,3.970291913552122
15591130,Medvedev,652.0,Spain,29.0,6,0.0,2.0,0.0,1.0,94780.9,0,3.4011973816621555
15720662,Sholes,652.0,France,35.0,1,106266.8,1.0,1.0,1.0,16607.15,0,3.58351893845611
15751531,Shaw,652.0,Spain,41.0,8,0.0,2.0,1.0,1.0,161954.43,0,3.7376696182833684
15653595,Ts'ai,652.0,France,51.0,6,0.0,2.0,0.0,1.0,194733.28,0,3.9512437185814275
15568360,Rolon,652.0,Spain,41.0,4,139840.36,1.0,1.0,1.0,163524.7,0,3.7376696182833684
15781210,Reid,652.0,France,34.0,8,0.0,2.0,0.0,0.0,48260.19,0,3.5553480614894135
15668058,Chinwendu,652.0,Germany,35.0,8,124098.54,1.0,1.0,0.0,86678.48,0,3.58351893845611
15597131,Fu,652.0,France,32.0,5,145807.59,1.0,1.0,1.0,3064.65,0,3.4965075614664802
15697283,Mackenzie,652.0,Spain,23.0,8,0.0,2.0,1.0,0.0,112124.98,0,3.1780538303479458
15640953,Bligh,652.0,France,26.0,2,107508.93,2.0,1.0,1.0,120801.65,0,3.295836866004329
15715031,Davidson,652.0,France,28.0,6,0.0,2.0,0.0,1.0,52193.23,0,3.367295829986474
15589660,Lamble,652.0,Germany,32.0,1,145980.23,1.0,0.0,1.0,56636.28,0,3.4965075614664802
15769818,Moore,652.0,France,37.0,3,212778.2,1.0,0.0,1.0,69372.88,0,3.6375861597263857
15782736,Jose,652.0,Germany,47.0,4,152522.47,1.0,0.0,1.0,164038.07,1,3.8712010109078907
15614818,Trevisani,652.0,Spain,33.0,9,168964.77,1.0,0.0,1.0,118982.51,0,3.5263605246161616
15794014,Schofield,652.0,France,34.0,8,0.0,2.0,1.0,0.0,27472.07,0,3.5553480614894135
15732448,Stewart,652.0,France,28.0,8,0.0,1.0,1.0,1.0,36754.13,0,3.367295829986474
15723411,Jamieson,652.0,Spain,36.0,4,98266.3,1.0,1.0,1.0,46416.36,0,3.6109179126442243
15797686,Howard,652.0,France,38.0,8,113000.92,1.0,1.0,1.0,152872.39,0,3.6635616461296463
15605950,Onwuamaeze,652.0,Germany,23.0,1,137060.88,2.0,1.0,1.0,165227.23,0,3.1780538303479458
15812497,D'Albertis,652.0,Germany,37.0,5,112146.12,1.0,1.0,0.0,75927.35,0,3.6375861597263857
15690678,Brooks,652.0,France,33.0,4,129307.32,1.0,1.0,1.0,172930.28,0,3.5263605246161616
15747677,Gordon,652.0,Spain,62.0,6,163975.09,1.0,1.0,1.0,36108.5,0,4.248495242049359
15618926,Nwachukwu,652.0,Spain,43.0,7,0.0,2.0,1.0,1.0,36202.74,0,3.784189633918261
15673908,Chinweike,652.0,Germany,42.0,6,158414.85,1.0,1.0,1.0,131886.46,0,3.7612001156935624
15727944,Simpkinson,652.0,Germany,48.0,1,92072.68,1.0,1.0,1.0,133992.36,0,3.8918202981106265
15807294,Walker,652.0,Spain,30.0,2,88243.29,2.0,1.0,1.0,96658.26,0,3.4339872044851463
15618581,Diribe,652.0,Spain,25.0,8,0.0,2.0,1.0,1.0,135112.09,0,3.258096538021482
15584364,Trentini,652.0,France,48.0,4,59486.31,1.0,1.0,0.0,163944.18,1,3.8918202981106265
15599552,Conway,652.0,Spain,54.0,2,0.0,2.0,1.0,1.0,53843.71,0,4.007333185232471
15749177,Maslow,652.0,Spain,52.0,7,0.0,2.0,0.0,1.0,122398.84,0,3.970291913552122
15718779,Clark,652.0,France,34.0,1,0.0,1.0,1.0,1.0,64804.04,0,3.5553480614894135
15568106,L?,652.0,France,38.0,8,119278.01,2.0,0.0,1.0,19370.73,0,3.6635616461296463
15779481,Swadling,652.0,France,34.0,4,158741.43,2.0,1.0,1.0,126192.54,0,3.5553480614894135
15709994,Gallo,652.0,France,40.0,7,140596.95,1.0,0.0,1.0,135459.02,1,3.713572066704308
15772777,Onyemachukwu,652.0,Spain,29.0,10,0.0,2.0,1.0,1.0,94815.04,0,3.4011973816621555
15706815,Samoylova,652.0,Germany,37.0,2,90432.92,1.0,1.0,1.0,188366.04,1,3.6375861597263857
15618018,Dickson,652.0,France,35.0,1,104783.81,2.0,0.0,1.0,178512.52,0,3.58351893845611
15671032,He,652.0,Germany,42.0,0,77992.97,2.0,1.0,1.0,97906.38,0,3.7612001156935624
15634281,P'an,652.0,Germany,43.0,10,110822.9,1.0,0.0,0.0,72861.94,0,3.784189633918261
15766374,Leak,652.0,Germany,42.0,4,119624.6,2.0,1.0,1.0,195978.86,0,3.7612001156935624
15600991,Artemieva,652.0,Germany,31.0,6,109052.59,2.0,1.0,1.0,19448.93,1,3.4657359027997265
15777576,Frost,652.0,Spain,40.0,5,139129.44,1.0,0.0,1.0,32635.54,0,3.713572066704308
15742613,Warner,652.0,Germany,42.0,8,152324.66,2.0,1.0,0.0,171733.22,0,3.7612001156935624
15649523,Kennedy,652.0,France,38.0,1,0.0,2.0,1.0,0.0,46176.22,0,3.6635616461296463
15651063,Ifeatu,652.0,Germany,37.0,9,127480.58,2.0,1.0,0.0,179634.69,0,3.6375861597263857
15683124,Evans,652.0,France,53.0,6,115029.4,1.0,0.0,0.0,191521.32,1,3.9889840465642745
15618314,Chu,652.0,France,40.0,8,114005.78,1.0,1.0,1.0,67998.45,0,3.713572066704308
15670823,Hsueh,652.0,Germany,42.0,1,116646.76,1.0,1.0,0.0,44731.8,1,3.7612001156935624
15607133,Shih,652.0,Spain,49.0,1,110864.38,2.0,1.0,1.0,124532.9,1,3.912023005428146
15615012,Fan,652.0,France,23.0,5,156267.59,1.0,1.0,0.0,160968.44,0,3.1780538303479458
15725141,Whiddon,652.0,France,44.0,3,109528.28,1.0,1.0,0.0,27341.63,1,3.8066624897703196
15623560,Onyekachukwu,652.0,France,35.0,6,102482.76,1.0,1.0,1.0,53994.64,0,3.58351893845611
15693018,Ermakova,652.0,Germany,23.0,10,115563.71,1.0,1.0,1.0,91633.53,0,3.1780538303479458
15636756,Marino,652.0,France,23.0,2,0.0,2.0,1.0,0.0,189613.12,0,3.1780538303479458
15647474,Niu,652.0,France,40.0,9,95624.36,2.0,1.0,1.0,60706.33,0,3.713572066704308
15576714,Manna,652.0,Spain,21.0,8,0.0,2.0,1.0,1.0,154767.34,0,3.091042453358316
15585047,Onyemere,652.0,France,28.0,7,160376.61,1.0,0.0,0.0,196853.11,0,3.367295829986474
15743976,Archer,652.0,Germany,41.0,8,37702.79,1.0,1.0,1.0,195775.48,0,3.7376696182833684
15793881,Mitchell,652.0,France,35.0,6,118273.83,1.0,0.0,1.0,3086.89,0,3.58351893845611
15576517,Everingham,652.0,Germany,34.0,7,131082.17,2.0,1.0,1.0,70618.0,0,3.5553480614894135
15631072,Huie,652.0,France,38.0,1,94456.0,2.0,0.0,1.0,55034.02,0,3.6635616461296463
15730394,Crowther,652.0,France,43.0,8,0.0,2.0,0.0,0.0,168035.62,1,3.784189633918261
15631460,Swift,652.0,Spain,42.0,3,0.0,2.0,1.0,1.0,128449.33,0,3.7612001156935624
15692002,Skelton,652.0,France,33.0,6,93791.38,1.0,1.0,1.0,199249.29,0,3.5263605246161616
15595282,White,652.0,France,33.0,4,0.0,2.0,1.0,0.0,149474.69,0,3.5263605246161616
15789548,Giordano,652.0,France,37.0,7,0.0,2.0,1.0,1.0,126726.33,0,3.6375861597263857
15758035,Bateson,652.0,France,61.0,7,155973.13,1.0,0.0,1.0,147554.26,0,4.127134385045092
15617518,Hu,652.0,Germany,36.0,7,89409.95,1.0,1.0,1.0,149399.7,0,3.6109179126442243
15651802,Day,652.0,Spain,39.0,5,97854.37,2.0,1.0,0.0,93536.38,0,3.6888794541139363
15631813,Beneventi,652.0,France,39.0,6,0.0,2.0,1.0,1.0,58883.91,0,3.6888794541139363
15729668,Elizabeth,652.0,Spain,29.0,3,60280.62,1.0,1.0,0.0,154271.41,0,3.4011973816621555
15741728,Atkins,652.0,Spain,36.0,7,135216.8,1.0,1.0,1.0,122022.89,0,3.6109179126442243
15576676,Serrano,652.0,Germany,28.0,6,124923.35,2.0,1.0,1.0,50299.14,0,3.367295829986474
15711378,Willis,652.0,France,38.0,4,0.0,2.0,1.0,0.0,187800.63,0,3.6635616461296463
15765520,Stevenson,652.0,Germany,27.0,7,188614.07,1.0,1.0,0.0,171344.09,0,3.332204510175204
15656726,Ch'ien,652.0,France,32.0,5,62321.62,1.0,1.0,1.0,40920.59,0,3.4965075614664802
15647842,Cunningham,652.0,Germany,48.0,8,120782.7,1.0,1.0,0.0,63940.68,1,3.8918202981106265
15719309,Stephens,652.0,France,42.0,1,115961.58,2.0,0.0,1.0,29483.87,0,3.7612001156935624
15748718,Gordon,652.0,France,28.0,2,115062.61,1.0,1.0,0.0,179056.23,0,3.367295829986474
15594404,Bevan,652.0,France,49.0,8,160602.25,2.0,1.0,0.0,129273.94,0,3.912023005428146
15751158,Mashman,652.0,France,42.0,4,108825.34,3.0,1.0,0.0,55558.51,1,3.7612001156935624
15593470,Tu,652.0,Germany,36.0,8,166287.85,1.0,1.0,1.0,23305.85,0,3.6109179126442243
15695129,Milanesi,652.0,France,31.0,1,152663.77,1.0,0.0,1.0,17128.64,0,3.4657359027997265
15640865,Romano,652.0,Germany,31.0,9,80844.69,2.0,1.0,1.0,74641.9,0,3.4657359027997265
15714080,Goliwe,652.0,Germany,40.0,2,97001.36,2.0,1.0,0.0,154486.01,0,3.713572066704308
15648721,Hsueh,652.0,France,62.0,4,0.0,2.0,1.0,1.0,3185.67,0,4.174387269895637
15801466,Gray,652.0,France,39.0,2,122524.61,2.0,1.0,0.0,88463.63,0,3.6888794541139363
15750248,Wright,652.0,France,35.0,8,132292.63,1.0,1.0,0.0,65682.93,0,3.58351893845611
15758726,Chiemeka,652.0,France,24.0,0,0.0,2.0,1.0,1.0,140586.08,0,3.2188758248682006
15781553,Chung,652.0,Germany,49.0,9,91502.99,1.0,1.0,0.0,117232.9,1,3.912023005428146
15649121,Pinto,652.0,France,52.0,3,0.0,1.0,1.0,0.0,116137.01,1,3.970291913552122
15674811,Kellway,652.0,Germany,29.0,3,59385.98,2.0,1.0,1.0,105533.96,0,3.4011973816621555
15646037,Sopuluchi,652.0,France,62.0,9,0.0,3.0,1.0,1.0,81514.06,0,4.356708826689592
15722578,Spitzer,652.0,Germany,21.0,6,97956.5,1.0,1.0,1.0,164966.27,0,3.091042453358316
15665695,Potter,652.0,France,49.0,4,0.0,2.0,1.0,1.0,23631.55,0,3.912023005428146
15801062,Matthews,652.0,Spain,40.0,4,0.0,2.0,0.0,1.0,105433.53,0,3.713572066704308
15662955,Nicholls,652.0,France,27.0,8,141223.68,2.0,1.0,0.0,90591.15,0,3.332204510175204
15770309,McDonald,652.0,France,18.0,10,151762.74,1.0,0.0,1.0,127014.32,0,2.9444389791664403
15657386,Fiorentini,652.0,Germany,43.0,1,141749.74,2.0,0.0,1.0,90905.26,0,3.784189633918261
15777797,Kovalyova,652.0,Spain,38.0,5,75075.14,1.0,1.0,1.0,8651.92,1,3.6635616461296463
15783955,Miah,652.0,France,25.0,4,165686.11,2.0,1.0,0.0,15467.98,0,3.258096538021482
15804516,Builder,652.0,France,38.0,2,0.0,1.0,1.0,0.0,79915.28,0,3.6635616461296463
15681758,Baddeley,652.0,Spain,25.0,10,0.0,2.0,1.0,0.0,69361.95,0,3.258096538021482
15630321,Hu,652.0,France,44.0,3,0.0,2.0,1.0,0.0,86935.08,0,3.8066624897703196
15588248,Hs?,652.0,France,28.0,0,0.0,2.0,1.0,1.0,7597.83,1,3.367295829986474
15591932,Ford,652.0,France,32.0,5,92961.61,1.0,1.0,0.0,116957.6,0,3.4965075614664802
15810347,Todd,652.0,Spain,30.0,9,0.0,2.0,0.0,1.0,157884.83,0,3.4339872044851463
15595303,Johnston,652.0,Germany,46.0,5,130812.91,1.0,1.0,1.0,77981.54,1,3.8501476017100584
15634950,Obiajulu,652.0,Germany,57.0,8,107174.58,1.0,1.0,1.0,126369.55,1,4.060443010546419
15685372,Azubuike,652.0,Spain,54.0,1,152677.48,1.0,1.0,1.0,191973.49,1,4.007333185232471
15745827,Padovesi,652.0,France,30.0,3,132005.77,1.0,1.0,0.0,142940.39,0,3.4339872044851463
15755868,Farmer,652.0,France,35.0,7,0.0,1.0,0.0,0.0,48869.67,0,3.58351893845611
15735222,Ignatieff,652.0,Spain,23.0,5,0.0,2.0,1.0,1.0,73131.73,0,3.1780538303479458
15604804,Lu,652.0,France,33.0,7,127305.5,1.0,1.0,1.0,120037.36,0,3.5263605246161616
15718944,Artemiev,652.0,France,37.0,6,0.0,2.0,1.0,0.0,193995.37,0,3.6375861597263857
15678626,Okonkwo,652.0,Spain,31.0,0,0.0,2.0,0.0,0.0,179453.66,0,3.4657359027997265
15571550,Dore,652.0,France,39.0,9,0.0,1.0,1.0,0.0,80963.92,0,3.6888794541139363
15723053,T'ang,652.0,Germany,32.0,8,170291.22,2.0,0.0,1.0,15658.99,0,3.4965075614664802
15661528,Ashbolt,652.0,Spain,47.0,5,102562.23,1.0,1.0,0.0,92708.1,0,3.8712010109078907
15754177,Bazarova,652.0,Spain,53.0,2,111061.01,2.0,0.0,0.0,26542.17,0,3.9889840465642745
15683544,Buccho,652.0,Spain,62.0,3,0.0,1.0,1.0,1.0,65010.74,0,4.143134726391533
15708048,Burn,652.0,France,34.0,4,124379.14,1.0,1.0,0.0,106892.91,0,3.5553480614894135
15701109,Andreyev,652.0,France,37.0,7,0.0,1.0,1.0,1.0,185210.63,0,3.6375861597263857
15600110,Endrizzi,652.0,Germany,41.0,3,57745.76,1.0,1.0,0.0,4035.46,0,3.7376696182833684
15651533,Brown,652.0,Germany,50.0,5,129293.74,1.0,1.0,0.0,177805.44,1,3.9318256327243257
15777904,Nock,652.0,France,45.0,7,0.0,2.0,1.0,1.0,68831.72,0,3.828641396489095
15655574,Okeke,652.0,Germany,40.0,8,150777.1,1.0,1.0,0.0,114732.62,0,3.713572066704308
15569423,Cunningham,652.0,Spain,41.0,4,0.0,2.0,1.0,0.0,22299.27,0,3.7376696182833684
15718106,Kelley,652.0,France,34.0,6,0.0,2.0,0.0,0.0,197283.2,0,3.5553480614894135
15585067,Wilson,652.0,Spain,31.0,9,108632.48,1.0,1.0,1.0,179485.96,1,3.4657359027997265
15675501,Woods,652.0,France,59.0,5,153861.1,1.0,1.0,1.0,17699.48,0,4.0943445622221
15633233,McFarland,652.0,France,56.0,1,100374.58,1.0,1.0,0.0,118490.8,1,4.04305126783455
15667134,Cisneros,652.0,France,32.0,8,0.0,2.0,0.0,0.0,133292.94,0,3.4965075614664802
15659105,Borchgrevink,652.0,France,47.0,9,61196.54,1.0,1.0,0.0,58170.24,0,3.8712010109078907
15575409,Rozhkova,652.0,Germany,31.0,6,116891.72,1.0,1.0,0.0,107137.3,0,3.4657359027997265
15752342,Bradley,652.0,Germany,54.0,6,133656.91,3.0,1.0,0.0,145071.33,1,4.007333185232471
15654851,Obialo,652.0,France,44.0,2,92911.52,1.0,0.0,1.0,85495.24,0,3.8066624897703196
15741429,Hudson,652.0,Spain,31.0,9,119825.75,2.0,1.0,1.0,101139.3,0,3.4657359027997265
15682356,Veltri,652.0,France,37.0,7,111852.84,2.0,1.0,0.0,10511.13,0,3.6375861597263857
15806447,Mazzanti,652.0,Germany,32.0,0,106683.52,2.0,1.0,1.0,137916.49,0,3.4965075614664802
15800229,Thorpe,652.0,Germany,40.0,7,139022.24,1.0,0.0,1.0,193383.13,0,3.713572066704308
15663441,Golibe,652.0,Germany,40.0,4,148571.07,1.0,1.0,0.0,189826.96,1,3.713572066704308
15791991,Udinesi,652.0,France,52.0,4,0.0,1.0,0.0,1.0,144113.42,0,3.970291913552122
15775082,Stewart,652.0,France,42.0,1,129776.72,2.0,0.0,1.0,143538.51,0,3.7612001156935624
15579706,Curtis,652.0,France,46.0,5,0.0,1.0,1.0,0.0,77677.14,1,3.8501476017100584
15718247,Hayden,652.0,Spain,46.0,8,0.0,2.0,1.0,1.0,183717.94,0,3.8501476017100584
15755722,H?,652.0,France,24.0,10,0.0,1.0,0.0,0.0,92180.62,0,3.2188758248682006
15582259,Campbell,652.0,France,37.0,7,0.0,2.0,1.0,1.0,28690.9,0,3.6375861597263857
15716994,Green,652.0,Spain,24.0,3,114739.92,1.0,1.0,0.0,85891.02,1,3.2188758248682006
15586880,P'eng,652.0,Germany,41.0,2,122545.65,2.0,1.0,1.0,42050.24,0,3.7376696182833684
15713854,Cremonesi,652.0,France,37.0,6,0.0,2.0,1.0,0.0,110142.34,0,3.6375861597263857
15780835,Liang,652.0,Germany,26.0,1,131908.35,1.0,1.0,1.0,179269.79,0,3.295836866004329
15675896,Gough,652.0,Germany,42.0,7,105722.69,1.0,1.0,1.0,90558.24,1,3.7612001156935624
15658459,Bates,652.0,Spain,33.0,10,0.0,2.0,1.0,0.0,162022.47,0,3.5263605246161616
15658057,Padovesi,652.0,Spain,44.0,8,0.0,3.0,1.0,0.0,66926.83,1,3.8066624897703196
15801767,Yin,652.0,Spain,40.0,8,0.0,2.0,1.0,0.0,108891.3,0,3.713572066704308
15569178,Kharlamov,652.0,France,18.0,4,82767.42,1.0,1.0,0.0,71811.9,0,2.9444389791664403
15731478,Nicholls,652.0,France,42.0,1,87842.98,1.0,0.0,0.0,92223.59,0,3.7612001156935624
15811236,Burns,652.0,Spain,39.0,6,133261.13,1.0,1.0,1.0,78065.9,0,3.6888794541139363
15746749,Fleming,652.0,Spain,32.0,3,0.0,2.0,1.0,1.0,59679.9,0,3.4965075614664802
15662758,Watson,652.0,France,41.0,0,97925.11,1.0,1.0,0.0,85000.32,0,3.7376696182833684
15709387,Obiajulu,652.0,France,52.0,5,0.0,1.0,1.0,1.0,159808.95,0,3.970291913552122
15572093,Han,652.0,France,24.0,7,140453.91,1.0,1.0,0.0,129001.3,0,3.2188758248682006
15713826,Ferguson,652.0,Germany,20.0,0,117356.19,1.0,0.0,0.0,113557.7,1,3.044522437723423
15570205,Tao,652.0,Spain,36.0,5,0.0,2.0,1.0,1.0,147758.51,0,3.6109179126442243
15589348,Le Grand,652.0,Spain,37.0,4,137204.77,1.0,1.0,1.0,28865.59,0,3.6375861597263857
15804610,Valdez,652.0,France,41.0,1,0.0,2.0,0.0,1.0,160607.06,0,3.7376696182833684
15700854,Cunningham,652.0,Spain,35.0,8,0.0,1.0,1.0,0.0,100015.79,1,3.58351893845611
15758836,Godfrey,652.0,Spain,36.0,3,54098.18,2.0,0.0,1.0,54478.52,0,3.6109179126442243
15772933,Mai,652.0,Spain,31.0,8,0.0,1.0,1.0,1.0,141677.33,0,3.4657359027997265
15809006,Walker,652.0,France,23.0,7,113758.48,2.0,0.0,0.0,84077.6,0,3.1780538303479458
15689612,Pirozzi,652.0,Spain,34.0,8,0.0,1.0,0.0,1.0,106981.03,0,3.5553480614894135
15744614,Feng,652.0,France,37.0,9,118636.92,1.0,1.0,1.0,73551.44,0,3.6375861597263857
15704250,Akabueze,652.0,France,34.0,7,0.0,2.0,0.0,0.0,115842.1,0,3.5553480614894135
15700255,Robson,652.0,Germany,44.0,8,95488.82,2.0,0.0,0.0,107013.59,0,3.8066624897703196
15669410,Yevdokimova,652.0,France,30.0,8,110829.52,2.0,0.0,0.0,24938.84,0,3.4339872044851463
15807595,Ijendu,652.0,Germany,51.0,7,144244.59,2.0,1.0,0.0,51113.14,0,3.9512437185814275
15664523,Colombo,652.0,Germany,31.0,8,122021.92,2.0,1.0,0.0,33828.64,0,3.4657359027997265
15642833,Akubundu,652.0,France,30.0,8,0.0,2.0,1.0,0.0,128875.86,0,3.4339872044851463
15605279,Francis,652.0,France,50.0,9,0.0,3.5,1.0,1.0,194700.81,1,3.9318256327243257
15713644,Marshall,652.0,Spain,22.0,5,0.0,2.0,1.0,0.0,158974.45,0,3.1354942159291497
15750466,Rhodes,652.0,Germany,42.0,1,85839.62,1.0,1.0,0.0,198182.73,0,3.7612001156935624
15739054,Y?,652.0,France,29.0,4,96974.97,1.0,0.0,1.0,141404.07,0,3.4011973816621555
15612771,Bell,652.0,France,35.0,4,148172.44,1.0,1.0,1.0,4175.68,0,3.58351893845611
15788483,Kerr,652.0,Spain,38.0,0,0.0,1.0,1.0,0.0,126876.47,0,3.6635616461296463
15732832,Jideofor,652.0,France,40.0,5,0.0,2.0,1.0,0.0,41052.82,0,3.713572066704308
15772892,Robertson,652.0,France,49.0,2,0.0,1.0,0.0,0.0,105760.01,0,3.912023005428146
15713843,Kao,652.0,Spain,30.0,2,0.0,2.0,0.0,1.0,27937.12,0,3.4339872044851463
15567993,Palmer,652.0,Spain,28.0,8,134766.85,1.0,1.0,0.0,79355.87,0,3.367295829986474
15617603,Mackay,652.0,Germany,30.0,5,123210.56,2.0,1.0,1.0,102180.27,0,3.4339872044851463
15744983,Burgmann,652.0,Spain,47.0,1,139887.01,1.0,1.0,1.0,95719.73,0,3.8712010109078907
15630419,Davis,652.0,France,44.0,9,149961.11,1.0,1.0,0.0,57121.51,0,3.8066624897703196
15738828,Milano,652.0,Germany,45.0,6,152880.97,1.0,0.0,0.0,162478.11,0,3.828641396489095
15778025,Dellucci,652.0,Germany,43.0,9,108589.47,2.0,0.0,1.0,194808.51,0,3.784189633918261
15799479,Coles,652.0,Spain,33.0,9,0.0,1.0,1.0,1.0,124045.65,0,3.5263605246161616
15684269,Gray,652.0,Spain,35.0,3,56674.48,1.0,1.0,0.0,17987.4,1,3.58351893845611
15762745,Macvitie,652.0,Spain,32.0,8,0.0,1.0,1.0,0.0,133653.38,0,3.4965075614664802
15746970,Townsend,652.0,Spain,57.0,1,0.0,2.0,1.0,1.0,25101.17,0,4.060443010546419
15725024,Pope,652.0,Germany,33.0,3,105663.56,2.0,0.0,1.0,33330.89,0,3.5263605246161616
15592116,Jensen,652.0,France,39.0,7,0.0,2.0,1.0,0.0,2401.26,0,3.6888794541139363
15624391,Thomson,652.0,Spain,30.0,5,100683.54,1.0,1.0,1.0,178361.04,0,3.4339872044851463
15567422,Chiazagomekpele,652.0,France,42.0,6,0.0,2.0,1.0,0.0,162697.93,0,3.7612001156935624
15612627,Ozuluonye,652.0,Germany,29.0,5,139541.58,2.0,1.0,0.0,80607.33,0,3.4011973816621555
15574879,Wright,652.0,Germany,37.0,2,121801.72,2.0,0.0,1.0,23146.62,0,3.6375861597263857
15745107,Lung,652.0,Germany,38.0,5,112281.7,1.0,0.0,1.0,89893.6,0,3.6635616461296463
15734491,Lombardo,652.0,Spain,36.0,4,0.0,2.0,1.0,1.0,3173.31,0,3.6109179126442243
15675320,Leonard,652.0,Spain,40.0,5,93499.82,2.0,0.0,0.0,123218.81,0,3.713572066704308
15643824,Johnston,652.0,France,33.0,0,132255.99,2.0,0.0,1.0,74588.41,0,3.5263605246161616
15643438,P'eng,652.0,France,20.0,7,0.0,2.0,1.0,0.0,31288.77,0,3.044522437723423
15721730,Amechi,652.0,Spain,44.0,4,0.0,2.0,1.0,0.0,58561.31,0,3.8066624897703196
15680727,Fang,652.0,France,49.0,5,121973.28,1.0,1.0,0.0,148804.36,0,3.912023005428146
15752508,Docherty,652.0,Germany,32.0,7,99462.8,2.0,1.0,1.0,51117.06,0,3.4965075614664802
15808846,Horton,652.0,Germany,21.0,3,165878.76,2.0,1.0,1.0,164537.17,0,3.091042453358316
15727251,Vincent,652.0,France,30.0,8,117494.27,1.0,0.0,0.0,61977.82,0,3.4339872044851463
15663489,Onio,652.0,Germany,29.0,0,138577.34,1.0,1.0,0.0,193362.99,0,3.4011973816621555
15683677,Schiavone,652.0,Spain,39.0,9,0.0,1.0,1.0,1.0,47722.79,0,3.6888794541139363
15596414,Chandler,652.0,Spain,41.0,8,107525.07,1.0,1.0,0.0,18510.41,0,3.7376696182833684
15730639,Fiorentino,652.0,France,23.0,7,139224.92,2.0,1.0,0.0,65057.71,0,3.1780538303479458
15672132,Butusov,652.0,France,42.0,7,121453.63,1.0,0.0,0.0,46374.64,0,3.7612001156935624
15742638,Wang,652.0,France,25.0,4,0.0,2.0,0.0,1.0,42039.67,0,3.258096538021482
15578603,Alexeieva,652.0,Germany,54.0,1,77354.37,1.0,0.0,0.0,138192.98,1,4.007333185232471
15726088,Vinogradova,652.0,France,40.0,6,0.0,1.0,1.0,1.0,22735.45,0,3.713572066704308
15682533,Hughes,652.0,France,39.0,7,79259.99,1.0,0.0,1.0,186910.74,0,3.6888794541139363
15772995,Ts'ao,652.0,France,30.0,2,116295.29,1.0,1.0,0.0,75285.47,0,3.4339872044851463
15765694,Bage,652.0,Spain,59.0,1,0.0,1.0,0.0,1.0,130260.11,1,4.0943445622221
15659486,Yudina,652.0,Germany,34.0,9,74309.81,1.0,1.0,0.0,15034.93,0,3.5553480614894135
15568963,Naquin,652.0,Germany,34.0,2,152797.9,1.0,1.0,0.0,175709.4,1,3.5553480614894135
15703820,Endrizzi,652.0,France,42.0,9,133701.07,2.0,1.0,0.0,101069.71,1,3.7612001156935624
15569410,Tang,652.0,Germany,33.0,7,114430.18,2.0,1.0,1.0,153012.13,0,3.5263605246161616
15632256,Schroeder,652.0,France,29.0,7,127504.57,1.0,0.0,0.0,86173.92,0,3.4011973816621555
15724466,Swearingen,652.0,Germany,41.0,2,84113.41,1.0,1.0,0.0,197548.63,0,3.7376696182833684
15777639,McGregor,652.0,Spain,23.0,10,101126.66,2.0,0.0,0.0,37042.8,0,3.1780538303479458
15802501,Onyeorulu,652.0,Germany,33.0,5,103564.83,2.0,1.0,0.0,121085.72,0,3.5263605246161616
15778410,Clarke,652.0,Spain,52.0,7,0.0,1.0,0.0,1.0,194113.99,1,3.970291913552122
15670702,Smith,652.0,France,37.0,2,168178.21,2.0,0.0,1.0,101273.23,0,3.6375861597263857
15704763,Kozlova,652.0,Germany,39.0,1,143903.11,1.0,1.0,1.0,118711.75,1,3.6888794541139363
15645544,Nekrasov,652.0,Germany,30.0,5,129753.69,1.0,1.0,0.0,582.53,0,3.4339872044851463
15757646,Olague,652.0,France,35.0,9,0.0,2.0,1.0,0.0,192381.21,0,3.58351893845611
15701121,Holt,652.0,France,38.0,5,110641.18,1.0,0.0,1.0,136507.69,1,3.6635616461296463
15796313,Olsen,652.0,France,36.0,4,166909.2,2.0,1.0,0.0,138871.12,1,3.6109179126442243
15815660,Mazzi,652.0,France,34.0,1,154139.45,1.0,1.0,1.0,60728.89,0,3.5553480614894135
15602844,Niu,652.0,France,38.0,7,97459.06,1.0,0.0,0.0,189175.71,0,3.6635616461296463
15636238,Graham,652.0,France,40.0,1,0.0,2.0,1.0,1.0,102547.56,0,3.713572066704308
15770101,Millar,652.0,Germany,43.0,6,112088.04,2.0,1.0,1.0,36706.56,0,3.784189633918261
15645543,Bell,652.0,France,34.0,3,0.0,2.0,1.0,1.0,44756.25,0,3.5553480614894135
15596397,Kelly,652.0,France,48.0,7,0.0,2.0,1.0,1.0,132870.15,0,3.8918202981106265
15770525,T'an,652.0,Spain,28.0,1,141038.57,2.0,0.0,0.0,16287.38,0,3.367295829986474
15684267,Davila,652.0,Germany,39.0,2,84468.67,2.0,1.0,1.0,121945.42,0,3.6888794541139363
15689980,Willis,652.0,Spain,36.0,4,118520.26,1.0,0.0,0.0,131173.9,1,3.6109179126442243
15633260,Dumetochukwu,652.0,France,37.0,1,142663.46,1.0,0.0,1.0,88669.89,0,3.6375861597263857
15756471,Giles,652.0,Germany,27.0,4,118627.16,2.0,1.0,1.0,160835.3,0,3.332204510175204
15721303,O'Meara,652.0,Spain,34.0,1,137523.02,1.0,0.0,0.0,24761.36,0,3.5553480614894135
15802256,Yao,652.0,France,28.0,7,110976.23,2.0,1.0,0.0,138526.96,0,3.367295829986474
15725664,Wallace,652.0,France,38.0,8,107283.4,1.0,0.0,0.0,157442.75,0,3.6635616461296463
15674851,T'ien,652.0,France,38.0,5,0.0,2.0,0.0,0.0,105295.77,0,3.6635616461296463
15701946,Ndubueze,652.0,France,34.0,4,124314.45,1.0,0.0,0.0,97782.92,0,3.5553480614894135
15748947,Chukwuraenye,652.0,France,41.0,5,95858.37,1.0,1.0,1.0,68255.88,0,3.7376696182833684
15673342,K'ung,652.0,France,36.0,2,0.0,2.0,1.0,0.0,108790.95,0,3.6109179126442243
15601008,Stevenson,652.0,France,33.0,8,0.0,2.0,1.0,0.0,143706.18,0,3.5263605246161616
15771636,Marshall,652.0,Spain,36.0,0,0.0,1.0,0.0,0.0,148993.47,0,3.6109179126442243
15642002,Hayward,652.0,France,35.0,6,117707.18,2.0,0.0,0.0,95277.15,1,3.58351893845611
15693381,Tipton,652.0,Spain,38.0,1,135289.33,2.0,0.0,1.0,152956.33,0,3.6635616461296463
15607691,Gibson,652.0,France,36.0,8,174060.46,1.0,1.0,1.0,94925.62,0,3.6109179126442243
15589380,Fraser,652.0,Germany,40.0,3,114446.84,2.0,1.0,1.0,87308.18,0,3.713572066704308
15603846,Fang,652.0,Spain,37.0,2,0.0,2.0,1.0,0.0,83978.86,1,3.6375861597263857
15753549,Dubinina,652.0,France,25.0,1,157848.53,1.0,0.0,0.0,37543.93,1,3.258096538021482
15725355,Morey,652.0,France,43.0,8,0.0,1.0,0.0,1.0,104889.3,0,3.784189633918261
15773017,Todd,652.0,Spain,37.0,6,0.0,2.0,1.0,1.0,149705.25,0,3.6375861597263857
15625641,Forbes,652.0,Germany,62.0,3,108071.36,2.0,1.0,1.0,16445.79,0,4.31748811353631
15776467,De Salis,652.0,Spain,35.0,8,14262.8,2.0,1.0,0.0,54689.16,0,3.58351893845611
15746451,Barry,652.0,Spain,41.0,7,102749.72,1.0,0.0,1.0,194913.86,0,3.7376696182833684
15777922,Afamefuna,652.0,Spain,36.0,1,161757.87,2.0,1.0,1.0,146371.72,0,3.6109179126442243
15606841,Ibbott,652.0,France,38.0,1,0.0,2.0,1.0,0.0,156603.7,0,3.6635616461296463
15757648,Marshall,652.0,Germany,35.0,5,95698.79,1.0,0.0,1.0,182566.76,0,3.58351893845611
15677173,Law,652.0,France,37.0,9,124969.13,1.0,1.0,0.0,60194.05,0,3.6375861597263857
15764170,Pinto,652.0,Germany,44.0,4,93960.35,1.0,1.0,0.0,36579.53,1,3.8066624897703196
15610446,Chinedum,652.0,France,51.0,4,88308.87,3.0,0.0,0.0,5862.53,1,3.9512437185814275
15612776,McKay,652.0,Spain,39.0,10,0.0,2.0,1.0,1.0,143030.09,0,3.6888794541139363
15794122,Otutodilinna,652.0,France,59.0,3,0.0,2.0,1.0,1.0,62700.08,0,4.0943445622221
15774931,She,652.0,France,30.0,7,112935.87,1.0,1.0,1.0,99017.34,0,3.4339872044851463
15779247,Pai,652.0,Spain,24.0,8,98567.1,1.0,1.0,0.0,187987.01,0,3.2188758248682006
15707078,Kruglov,652.0,France,26.0,1,180530.51,1.0,0.0,0.0,123454.62,0,3.295836866004329
15605263,Chin,652.0,France,33.0,5,140931.57,1.0,0.0,1.0,10921.5,0,3.5263605246161616
15607381,King,652.0,Germany,31.0,7,148913.72,2.0,1.0,0.0,53817.23,0,3.4657359027997265
15683471,Hansen,652.0,France,38.0,7,0.0,2.0,0.0,0.0,81617.4,0,3.6635616461296463
15605037,Ting,652.0,France,49.0,2,0.0,1.0,0.0,1.0,192298.84,1,3.912023005428146
15576085,Stone,652.0,France,41.0,5,0.0,2.0,0.0,0.0,143882.25,0,3.7376696182833684
15770435,McLean,652.0,France,50.0,6,115335.32,2.0,1.0,1.0,53130.41,0,3.9318256327243257
15592994,Zikoranachidimma,652.0,France,62.0,0,0.0,2.0,1.0,1.0,190454.04,0,4.189654742026425
15624068,Fu,652.0,France,26.0,0,0.0,2.0,0.0,1.0,111906.0,0,3.295836866004329
15595221,Trevisano,652.0,Germany,33.0,7,134678.13,1.0,1.0,0.0,113177.95,0,3.5263605246161616
15637131,Fallaci,652.0,France,38.0,9,0.0,2.0,1.0,0.0,30529.88,0,3.6635616461296463
15613471,Wiley,652.0,Germany,31.0,2,90547.48,2.0,1.0,1.0,18800.13,0,3.4657359027997265
15583499,Chiagoziem,652.0,France,32.0,9,103324.78,1.0,1.0,1.0,46127.7,0,3.4965075614664802
15752816,Murray,652.0,France,29.0,3,114590.58,1.0,0.0,0.0,75585.48,0,3.4011973816621555
15804075,Chuang,652.0,Germany,36.0,3,91286.51,1.0,1.0,0.0,63085.94,0,3.6109179126442243
15800517,Huang,652.0,Spain,32.0,5,163340.12,2.0,1.0,1.0,74415.2,0,3.4965075614664802
15712319,Chukwukere,652.0,Spain,45.0,8,150900.29,2.0,0.0,1.0,139889.15,0,3.828641396489095
15797389,Hsia,652.0,Spain,23.0,9,124577.33,1.0,1.0,1.0,7267.25,0,3.1780538303479458
15621432,Lee,652.0,Spain,35.0,1,0.0,2.0,0.0,0.0,186826.22,0,3.58351893845611
15779390,Theus,652.0,Spain,31.0,4,91292.7,1.0,1.0,1.0,162149.07,0,3.4657359027997265
15711219,Jennings,652.0,Germany,57.0,8,93716.72,1.0,1.0,1.0,180150.49,1,4.060443010546419
15770498,Parker,652.0,France,37.0,4,111723.08,1.0,1.0,1.0,83478.12,0,3.6375861597263857
15678727,Tan,652.0,Germany,45.0,4,110765.68,1.0,1.0,0.0,26163.74,1,3.828641396489095
15573893,Barry,652.0,Germany,25.0,9,173459.45,2.0,1.0,1.0,44381.06,0,3.258096538021482
15740104,Tuan,652.0,Spain,22.0,7,169649.73,2.0,0.0,1.0,136365.0,1,3.1354942159291497
15792649,Patterson,652.0,Spain,31.0,9,0.0,2.0,0.0,0.0,99294.22,0,3.4657359027997265
15605275,Ofodile,652.0,Germany,45.0,8,116917.07,1.0,0.0,0.0,173464.43,1,3.828641396489095
15572467,Chandler,652.0,France,37.0,5,0.0,2.0,1.0,1.0,127543.81,0,3.6375861597263857
15738219,Nash,652.0,France,36.0,7,0.0,2.0,1.0,1.0,52526.65,0,3.6109179126442243
15600710,Atkinson,652.0,France,22.0,0,0.0,1.0,1.0,0.0,32589.45,0,3.1354942159291497
15804394,Brenan,652.0,Germany,32.0,8,130627.66,1.0,1.0,0.0,47161.25,1,3.4965075614664802
15694188,Obidimkpa,652.0,Spain,46.0,5,56580.95,2.0,0.0,1.0,45424.13,0,3.8501476017100584
15583718,Terry,652.0,Germany,38.0,6,142316.14,1.0,1.0,1.0,8018.49,0,3.6635616461296463
15802478,Spring,652.0,Spain,31.0,6,0.0,2.0,1.0,1.0,195668.0,0,3.4657359027997265
15619343,Mahmood,652.0,France,56.0,7,152759.0,2.0,1.0,0.0,133167.11,1,4.04305126783455
15758813,Campbell,652.0,Germany,39.0,0,109733.2,2.0,0.0,0.0,123602.11,1,3.6888794541139363
15761374,Bellucci,652.0,France,54.0,9,117444.51,1.0,1.0,1.0,186238.85,0,4.007333185232471
15569209,Amaechi,652.0,Spain,34.0,5,76001.57,1.0,1.0,1.0,158668.87,0,3.5553480614894135
15788539,Foxall,652.0,France,34.0,3,107747.57,1.0,1.0,0.0,9249.36,0,3.5553480614894135
15747222,Bentley,652.0,Spain,35.0,8,0.0,2.0,1.0,1.0,116581.1,0,3.58351893845611
15769346,Baird,652.0,France,36.0,1,134997.49,2.0,1.0,0.0,44688.08,0,3.6109179126442243
15699634,Howard,652.0,France,48.0,2,0.0,2.0,1.0,1.0,148608.39,0,3.8918202981106265
15589076,Henry,652.0,France,36.0,9,0.0,1.0,0.0,1.0,188670.9,1,3.6109179126442243
15812338,Sopuluchukwu,652.0,Spain,30.0,7,0.0,1.0,1.0,0.0,107067.37,0,3.4339872044851463
15758845,Rocher,652.0,Spain,37.0,0,64345.21,1.0,0.0,1.0,61759.33,1,3.6375861597263857
15685844,White,652.0,Germany,35.0,8,141665.63,1.0,0.0,1.0,192776.64,0,3.58351893845611
15583090,Komar,652.0,Spain,29.0,8,0.0,2.0,1.0,0.0,46735.19,0,3.4011973816621555
15587581,Russo,652.0,Germany,33.0,5,136624.6,2.0,1.0,1.0,169117.74,0,3.5263605246161616
15633640,Loewenthal,652.0,France,52.0,4,161209.66,1.0,1.0,1.0,89081.41,0,3.970291913552122
15573741,Aliyeva,652.0,Spain,38.0,10,95010.92,1.0,1.0,1.0,105227.86,0,3.6635616461296463
15633574,Montes,652.0,France,41.0,4,167545.32,1.0,1.0,0.0,128246.81,0,3.7376696182833684
15711455,Kuo,652.0,Germany,36.0,4,109044.6,1.0,0.0,0.0,94554.74,1,3.6109179126442243
15570601,Cheng,652.0,France,47.0,9,122031.55,1.0,1.0,1.0,33823.5,1,3.8712010109078907
15690925,McIntosh,652.0,Spain,29.0,2,27755.97,1.0,1.0,0.0,97468.44,1,3.4011973816621555
15709338,T'ao,652.0,France,29.0,1,118560.55,1.0,1.0,1.0,164137.36,0,3.4011973816621555
15780746,Tyndall,652.0,France,61.0,4,0.0,2.0,1.0,1.0,191313.7,0,4.127134385045092
15681956,Bailey,652.0,France,34.0,9,0.0,2.0,1.0,1.0,65257.57,0,3.5553480614894135
15778190,Onyekaozulu,652.0,Spain,28.0,8,97840.72,1.0,1.0,1.0,178222.77,0,3.367295829986474
15786852,Nwachukwu,652.0,Germany,38.0,2,158651.29,2.0,1.0,1.0,179445.28,0,3.6635616461296463
15726494,Romani,652.0,France,44.0,9,175303.06,1.0,1.0,0.0,65500.53,1,3.8066624897703196
15641183,Chin,652.0,Spain,25.0,8,96950.21,1.0,1.0,0.0,97877.92,0,3.258096538021482
15805312,Bellucci,652.0,France,45.0,7,123859.6,1.0,0.0,1.0,113051.57,0,3.828641396489095
15636572,Christmas,652.0,France,32.0,7,0.0,2.0,1.0,1.0,105969.05,0,3.4965075614664802
15632575,Moore,652.0,France,62.0,9,0.0,1.0,1.0,1.0,122996.76,0,4.2626798770413155
15740164,Genovesi,652.0,France,33.0,3,85227.84,1.0,1.0,1.0,68087.15,0,3.5263605246161616
15574947,Cartwright,652.0,France,36.0,8,97786.08,2.0,0.0,1.0,21478.36,0,3.6109179126442243
15597909,Johnstone,652.0,Germany,33.0,7,128135.99,1.0,1.0,0.0,158437.73,0,3.5263605246161616
15782574,Warner,652.0,Spain,33.0,6,0.0,2.0,0.0,0.0,76551.7,0,3.5263605246161616
15734999,Stephenson,652.0,Spain,36.0,2,85996.19,1.0,1.0,0.0,15887.68,0,3.6109179126442243
15706593,Ellis,652.0,Spain,50.0,10,0.0,2.0,1.0,1.0,33741.84,0,3.9318256327243257
15766686,Nebechi,652.0,Germany,39.0,1,104502.11,1.0,1.0,0.0,20652.69,0,3.6888794541139363
15590268,Chu,652.0,Spain,35.0,5,95772.97,1.0,1.0,1.0,112781.5,0,3.58351893845611
15763055,Onuchukwu,652.0,Spain,31.0,5,98108.79,1.0,0.0,1.0,119996.95,0,3.4657359027997265
15664754,Steele,652.0,Germany,39.0,9,131607.28,3.5,0.0,1.0,6981.43,1,3.6888794541139363
15643630,Quaife,652.0,Spain,55.0,9,63127.41,2.0,1.0,0.0,185211.28,1,4.02535169073515
15641043,Scott,652.0,Spain,35.0,7,0.0,2.0,1.0,1.0,78436.36,0,3.58351893845611
15768095,Yeh,652.0,France,31.0,9,0.0,1.0,0.0,1.0,139048.0,0,3.4657359027997265
15811314,Y?,652.0,Germany,36.0,9,140355.56,2.0,1.0,0.0,136329.96,0,3.6109179126442243
15669922,Conti,652.0,Spain,36.0,2,0.0,2.0,1.0,1.0,14721.8,0,3.6109179126442243
15707114,Holder,652.0,France,30.0,2,0.0,2.0,0.0,1.0,3430.38,0,3.4339872044851463
15670602,Burgess,652.0,Germany,24.0,7,107418.27,1.0,0.0,1.0,160450.21,0,3.2188758248682006
15713479,Ozuluonye,652.0,France,35.0,6,0.0,2.0,1.0,0.0,1485.27,0,3.58351893845611
15663830,De Luca,652.0,Spain,32.0,6,0.0,2.0,1.0,1.0,19720.08,0,3.4965075614664802
15566958,Li Fonti,652.0,Spain,39.0,7,167557.12,1.0,1.0,1.0,41183.02,0,3.6888794541139363
15680918,Freeman,652.0,Spain,34.0,8,117300.02,1.0,1.0,0.0,139410.08,0,3.5553480614894135
15663921,Pisani,652.0,France,60.0,7,0.0,2.0,1.0,1.0,163691.48,0,4.110873864173311
15716324,Ignatieff,652.0,France,23.0,9,143672.9,1.0,1.0,1.0,115147.33,0,3.1780538303479458
15796969,Lahti,652.0,France,33.0,4,0.0,2.0,1.0,1.0,74945.11,0,3.5263605246161616
15574783,Perkins,652.0,France,37.0,1,0.0,2.0,1.0,1.0,180363.56,0,3.6375861597263857
15773487,Conway,652.0,Germany,31.0,8,76798.92,1.0,0.0,0.0,196021.73,0,3.4657359027997265
15802486,Hayes,652.0,France,34.0,3,0.0,2.0,1.0,1.0,125979.36,0,3.5553480614894135
15783398,Rizzo,652.0,Spain,49.0,7,115309.75,1.0,1.0,0.0,111421.77,0,3.912023005428146
15649418,Krylov,652.0,France,29.0,7,178171.04,2.0,1.0,1.0,115818.51,0,3.4011973816621555
15604588,Li Fonti,652.0,Spain,38.0,3,0.0,2.0,0.0,1.0,179360.76,0,3.6635616461296463
15735428,Talbot,652.0,Spain,37.0,0,0.0,2.0,0.0,0.0,82351.06,0,3.6375861597263857
15629078,Matthias,652.0,Germany,45.0,5,127258.79,1.0,1.0,1.0,192744.23,1,3.828641396489095
15806880,Boyle,652.0,Spain,30.0,6,0.0,1.0,1.0,1.0,113408.47,0,3.4339872044851463
15754999,Ch'eng,652.0,France,33.0,8,0.0,1.0,1.0,1.0,124641.42,0,3.5263605246161616
15781034,Mason,652.0,Spain,62.0,5,0.0,2.0,0.0,1.0,54871.02,0,4.219507705176107
15622017,Bruno,652.0,Spain,33.0,10,0.0,1.0,1.0,1.0,98820.09,0,3.5263605246161616
15705885,Smeaton,652.0,Spain,36.0,2,0.0,2.0,1.0,1.0,45570.84,0,3.6109179126442243
15677382,Miller,652.0,Spain,62.0,1,107569.96,1.0,1.0,1.0,182336.45,0,4.248495242049359
15566843,Gotch,652.0,Germany,20.0,9,134874.4,1.0,1.0,1.0,118825.56,0,3.044522437723423
15608387,Fu,652.0,France,29.0,4,0.0,2.0,1.0,0.0,103372.79,0,3.4011973816621555
15810786,O'Toole,652.0,France,62.0,3,0.0,2.0,1.0,1.0,43486.73,0,4.219507705176107
15626983,Ledford,652.0,Spain,48.0,6,0.0,2.0,1.0,1.0,40062.99,0,3.8918202981106265
15773605,Iadanza,652.0,Spain,32.0,3,0.0,2.0,1.0,0.0,46175.7,0,3.4965075614664802
15811261,Alaniz,652.0,Spain,42.0,0,70105.87,1.0,1.0,1.0,120830.73,0,3.7612001156935624
15590606,Saunders,652.0,France,41.0,9,0.0,2.0,1.0,0.0,5967.09,0,3.7376696182833684
15576644,Lin,652.0,Germany,29.0,4,78939.15,1.0,1.0,0.0,122134.56,1,3.4011973816621555
15750264,Pinto,652.0,Germany,30.0,6,105128.85,2.0,1.0,1.0,62972.13,0,3.4339872044851463
15741554,Streeter,652.0,Spain,31.0,2,113836.27,1.0,1.0,1.0,174815.54,0,3.4657359027997265
15769051,Shaw,652.0,Spain,25.0,7,0.0,1.0,0.0,1.0,192841.13,0,3.258096538021482
15812198,Chen,652.0,Germany,48.0,1,100900.5,1.0,0.0,0.0,33310.72,1,3.8918202981106265
15699772,Barclay,652.0,Germany,40.0,3,129248.11,2.0,1.0,0.0,72876.43,1,3.713572066704308
15744105,Kodilinyechukwu,652.0,France,28.0,3,109118.05,2.0,0.0,1.0,50911.41,0,3.367295829986474
15739858,Otitodilichukwu,652.0,France,56.0,7,0.0,1.0,1.0,1.0,142400.27,1,4.04305126783455
15723720,McKenzie,652.0,France,31.0,7,0.0,2.0,0.0,1.0,48778.46,0,3.4657359027997265
15638355,Woods,652.0,France,35.0,5,126397.66,1.0,0.0,0.0,156361.58,1,3.58351893845611
15805637,Hsing,652.0,France,36.0,9,108546.16,3.0,1.0,0.0,133807.77,1,3.6109179126442243
15629575,Wheare,652.0,France,36.0,2,148061.89,1.0,1.0,0.0,179128.69,1,3.6109179126442243
15586243,Yobachi,652.0,France,44.0,8,122277.87,1.0,1.0,1.0,91810.71,0,3.8066624897703196
15757931,Fang,652.0,France,24.0,3,0.0,2.0,1.0,0.0,173195.33,0,3.2188758248682006
15716023,Pearson,652.0,France,31.0,1,0.0,2.0,0.0,1.0,182270.88,0,3.4657359027997265
15647782,Brown,652.0,Germany,36.0,8,152899.24,2.0,1.0,0.0,177130.33,0,3.6109179126442243
15716609,L?,652.0,Germany,54.0,3,134388.11,1.0,0.0,0.0,49954.79,1,4.007333185232471
15623791,Padovesi,652.0,Spain,40.0,3,109740.62,1.0,1.0,0.0,141896.74,0,3.713572066704308
15627262,Soto,652.0,Germany,23.0,6,92366.72,2.0,1.0,0.0,120661.71,0,3.1780538303479458
15652693,Greco,652.0,France,26.0,4,129109.02,1.0,0.0,0.0,149814.68,1,3.295836866004329
15586993,Giordano,652.0,Spain,56.0,5,0.0,2.0,1.0,1.0,41782.7,0,4.04305126783455
15815560,Bogle,652.0,Germany,62.0,7,105102.5,1.0,1.0,1.0,46172.47,0,4.31748811353631
15584930,Grimmett,652.0,Germany,30.0,5,111375.32,2.0,1.0,0.0,2704.09,0,3.4339872044851463
15799031,Ayers,652.0,France,39.0,3,0.0,2.0,1.0,0.0,6726.53,0,3.6888794541139363
15810457,Miller,652.0,Germany,33.0,9,150412.14,2.0,1.0,0.0,170764.08,0,3.5263605246161616
15697879,Webb,652.0,France,30.0,3,156660.72,2.0,1.0,0.0,45742.42,0,3.4339872044851463
15594902,Lombardi,652.0,France,38.0,3,90957.81,1.0,0.0,1.0,162304.59,0,3.6635616461296463
15799710,Wei,652.0,France,37.0,7,104960.46,1.0,0.0,1.0,80883.82,0,3.6375861597263857
15659651,Ross,652.0,Germany,31.0,7,117052.82,1.0,1.0,0.0,118508.09,1,3.4657359027997265
15645956,Jideofor,652.0,Spain,44.0,3,88915.85,1.0,1.0,0.0,69697.74,0,3.8066624897703196
15651713,King,652.0,France,45.0,6,148071.39,1.0,1.0,0.0,183575.01,0,3.828641396489095
15737265,Nwokeocha,652.0,Germany,39.0,6,152182.83,1.0,0.0,0.0,161203.6,0,3.6888794541139363
15687310,Humphries,652.0,Spain,39.0,9,0.0,2.0,1.0,0.0,143752.77,0,3.6888794541139363
15607347,Olisaemeka,652.0,France,22.0,5,130056.23,1.0,0.0,0.0,121894.31,1,3.1354942159291497
15698321,Yobanna,652.0,Germany,34.0,3,95039.73,2.0,1.0,1.0,147055.87,0,3.5553480614894135
15657812,Ch'iu,652.0,France,52.0,1,0.0,2.0,1.0,1.0,172033.57,0,3.970291913552122
15569187,Fleming,652.0,Spain,35.0,9,0.0,2.0,0.0,0.0,143774.06,0,3.58351893845611
15681562,Trevisan,652.0,France,43.0,2,112773.73,2.0,1.0,1.0,139366.58,0,3.784189633918261
15615456,Aleksandrova,652.0,France,37.0,10,123806.28,1.0,1.0,0.0,81776.84,1,3.6375861597263857
15589793,Onwuamaeze,652.0,France,53.0,8,144453.75,1.0,1.0,0.0,190998.96,1,3.9889840465642745
15781884,Knox,652.0,Germany,27.0,9,94667.29,2.0,0.0,1.0,4470.52,0,3.332204510175204
15675190,Chia,652.0,France,21.0,10,0.0,2.0,0.0,1.0,135851.3,0,3.091042453358316
15600734,Townsend,652.0,Spain,51.0,5,174397.21,2.0,1.0,1.0,172372.63,0,3.9512437185814275
15779176,Dike,652.0,Germany,58.0,3,108888.24,3.0,0.0,1.0,135875.51,1,4.07753744390572
15605286,Moyes,652.0,France,55.0,4,118803.35,2.0,1.0,1.0,128124.7,1,4.02535169073515
15674922,Beavers,652.0,France,54.0,6,171137.62,1.0,1.0,1.0,167023.95,1,4.007333185232471
15737506,Tretiakova,652.0,France,42.0,6,0.0,1.0,0.0,0.0,149807.01,0,3.7612001156935624
15780514,Fuller,652.0,France,33.0,8,136678.52,1.0,1.0,0.0,54290.62,0,3.5263605246161616
15623647,Dellucci,652.0,Spain,36.0,1,135515.76,1.0,1.0,0.0,86013.96,0,3.6109179126442243
15668472,Ritchie,652.0,Spain,24.0,5,177799.83,2.0,0.0,0.0,79886.06,0,3.2188758248682006
15692416,Aikenhead,652.0,Spain,52.0,8,143542.36,3.0,1.0,0.0,141959.11,1,3.970291913552122
15771139,Douglas,652.0,Germany,34.0,8,147487.23,2.0,1.0,0.0,66680.77,0,3.5553480614894135
15738318,Kung,652.0,France,40.0,5,97764.41,1.0,1.0,0.0,98640.15,1,3.713572066704308
15772243,MacDonald,652.0,France,33.0,9,0.0,1.0,0.0,0.0,142797.5,1,3.5263605246161616
15638463,Okwudilichukwu,652.0,Germany,48.0,8,139480.18,1.0,1.0,1.0,163581.67,0,3.8918202981106265
15598088,Ni,652.0,Spain,25.0,5,0.0,2.0,1.0,1.0,163221.22,0,3.258096538021482
15693468,Simmons,652.0,Spain,39.0,9,140553.46,1.0,0.0,0.0,12440.44,0,3.6888794541139363
15671930,H?,652.0,France,36.0,5,0.0,2.0,1.0,1.0,145551.6,0,3.6109179126442243
15762268,Hancock,652.0,France,41.0,10,141162.08,1.0,1.0,0.0,50908.48,0,3.7376696182833684
15780954,Cran,652.0,Spain,26.0,4,65848.36,2.0,1.0,0.0,30149.21,0,3.295836866004329
15700174,McKay,652.0,Spain,30.0,0,83319.28,1.0,0.0,0.0,57769.2,0,3.4339872044851463
15635728,P'an,652.0,France,41.0,4,0.0,2.0,0.0,0.0,156381.47,0,3.7376696182833684
15679283,Parkhill,652.0,France,33.0,4,129731.64,2.0,1.0,0.0,178123.86,0,3.5263605246161616
15591386,Golubova,652.0,France,35.0,5,0.0,2.0,1.0,0.0,51112.8,0,3.58351893845611
15694192,Nwankwo,652.0,Spain,38.0,6,0.0,2.0,0.0,0.0,173783.38,0,3.6635616461296463
15585901,Johnson,652.0,Spain,35.0,1,0.0,3.0,0.0,0.0,174770.14,1,3.58351893845611
15792329,Mao,652.0,Germany,37.0,5,107106.33,2.0,1.0,0.0,172063.09,0,3.6375861597263857
15635597,Echezonachukwu,652.0,France,33.0,8,0.0,2.0,1.0,1.0,155294.17,0,3.5263605246161616
15775880,McElyea,652.0,France,30.0,9,0.0,2.0,1.0,1.0,40320.3,0,3.4339872044851463
15630913,Rosas,652.0,Spain,62.0,1,105303.73,1.0,0.0,1.0,134260.34,0,4.248495242049359
15756680,Phillips,652.0,France,28.0,6,165798.1,1.0,1.0,0.0,147090.9,0,3.367295829986474
15587913,Palerma,652.0,Spain,40.0,4,0.0,2.0,1.0,0.0,132368.47,0,3.713572066704308
15737605,Morris,652.0,Spain,45.0,1,126495.57,2.0,1.0,1.0,164741.5,0,3.828641396489095
15627876,Pavlova,652.0,Spain,47.0,9,116393.59,1.0,1.0,0.0,63051.32,1,3.8712010109078907
15772601,Lu,652.0,Germany,41.0,2,81733.74,2.0,0.0,0.0,199761.29,0,3.7376696182833684
15758606,Yamamoto,652.0,France,54.0,4,0.0,1.0,0.0,1.0,55725.04,1,4.007333185232471
15657107,Angelo,652.0,Spain,46.0,8,106171.68,1.0,1.0,0.0,163145.5,1,3.8501476017100584
15622454,Zaitsev,652.0,Spain,28.0,0,96020.86,1.0,1.0,1.0,57992.49,0,3.367295829986474
15775803,Cawker,652.0,Spain,41.0,1,0.0,2.0,0.0,1.0,193093.77,0,3.7376696182833684
15570859,Froggatt,652.0,Germany,36.0,2,181671.16,2.0,1.0,1.0,57531.14,0,3.6109179126442243
15748381,Gorbunov,652.0,France,29.0,6,185709.28,2.0,1.0,1.0,77242.19,0,3.4011973816621555
15787189,Tai,652.0,Germany,60.0,8,134250.17,3.0,0.0,0.0,153046.16,1,4.110873864173311
15666055,Rowe,652.0,France,49.0,7,0.0,1.0,1.0,0.0,63405.2,1,3.912023005428146
15617648,Mikkelsen,652.0,France,44.0,5,95671.75,2.0,1.0,1.0,106564.88,0,3.8066624897703196
15755678,Kovalyov,652.0,France,62.0,2,0.0,2.0,0.0,0.0,42763.12,1,4.143134726391533
15624781,Mbanefo,652.0,France,34.0,1,142151.75,2.0,1.0,1.0,168753.34,0,3.5553480614894135
15779497,Ts'ai,652.0,France,43.0,5,127823.93,1.0,1.0,1.0,19483.35,0,3.784189633918261
15567399,Enderby,652.0,Germany,43.0,3,144164.29,1.0,1.0,1.0,158646.46,0,3.784189633918261
15613656,Lombardi,652.0,France,58.0,1,63492.94,1.0,1.0,1.0,83172.19,0,4.07753744390572
15734311,Hamilton,652.0,France,27.0,3,0.0,2.0,1.0,1.0,76889.79,0,3.332204510175204
15657214,Hsia,652.0,France,62.0,2,0.0,2.0,0.0,1.0,51554.58,0,4.31748811353631
15799350,Mao,652.0,France,41.0,0,106134.46,1.0,0.0,1.0,105570.39,0,3.7376696182833684
15729970,Ugochukwu,652.0,Germany,29.0,8,127269.75,1.0,0.0,1.0,79495.01,0,3.4011973816621555
15725835,West,652.0,Germany,32.0,3,124493.03,2.0,0.0,1.0,52583.79,1,3.4965075614664802
15745543,Hughes,652.0,France,39.0,7,0.0,2.0,1.0,0.0,26848.25,0,3.6888794541139363
15727384,Chukwuemeka,652.0,Germany,43.0,10,146547.78,1.0,0.0,1.0,10072.55,1,3.784189633918261
15666916,Lira,652.0,France,43.0,6,99610.92,2.0,1.0,0.0,187296.78,0,3.784189633918261
15732917,Li,652.0,Germany,46.0,5,117837.43,1.0,1.0,0.0,104016.61,1,3.8501476017100584
15612050,Castiglione,652.0,Spain,48.0,8,168522.37,1.0,1.0,1.0,151310.16,0,3.8918202981106265
15726267,Paterson,652.0,France,32.0,9,117337.54,2.0,0.0,1.0,62810.91,0,3.4965075614664802
15780124,Blair,652.0,France,62.0,9,108131.53,1.0,0.0,1.0,60830.38,0,4.31748811353631
15742238,Dellucci,652.0,Germany,35.0,4,136496.12,2.0,1.0,0.0,116672.02,0,3.58351893845611
15679024,Udinesi,652.0,France,32.0,3,116324.53,1.0,1.0,0.0,77304.49,0,3.4965075614664802
15715297,Yuan,652.0,Germany,40.0,2,75470.23,1.0,1.0,1.0,52894.01,0,3.713572066704308
15633612,Yuryeva,652.0,France,28.0,4,172646.82,1.0,1.0,1.0,116471.43,0,3.367295829986474
15602929,Wilson,652.0,Spain,37.0,4,0.0,1.0,0.0,0.0,4539.38,0,3.6375861597263857
15696703,Dean,652.0,Germany,27.0,3,160358.68,2.0,1.0,0.0,142367.72,0,3.332204510175204
15756668,Ross,652.0,France,30.0,3,98415.37,1.0,1.0,1.0,110520.48,0,3.4339872044851463
15565779,Kent,652.0,Germany,30.0,6,57809.32,1.0,1.0,0.0,188258.49,0,3.4339872044851463
15795519,Vasiliev,652.0,Germany,18.0,3,128743.8,1.0,0.0,0.0,197322.13,0,2.9444389791664403
15761477,Golibe,652.0,Germany,24.0,4,130806.42,2.0,1.0,0.0,80241.14,0,3.2188758248682006
15731890,Chukwukere,652.0,France,41.0,1,123971.16,1.0,0.0,1.0,172814.99,0,3.7376696182833684
15633043,Fedorova,652.0,Spain,39.0,6,0.0,1.0,0.0,0.0,38410.74,1,3.6888794541139363
15752953,Chien,652.0,France,45.0,9,0.0,2.0,0.0,0.0,17622.82,0,3.828641396489095
15603088,Rossi,652.0,Spain,23.0,9,0.0,2.0,0.0,1.0,48021.71,0,3.1780538303479458
15606613,Samson,652.0,France,59.0,7,0.0,1.0,1.0,0.0,88958.49,1,4.0943445622221
15635939,Fenton,652.0,France,39.0,9,0.0,2.0,1.0,0.0,116343.09,0,3.6888794541139363
15666043,Mackey,652.0,France,33.0,4,156297.58,2.0,1.0,1.0,166102.61,0,3.5263605246161616
15746190,Payton,652.0,Spain,28.0,2,0.0,2.0,0.0,1.0,104353.26,0,3.367295829986474
15591357,Cowger,652.0,France,51.0,3,123372.3,1.0,1.0,1.0,115429.32,0,3.9512437185814275
15658716,Banks,652.0,Germany,37.0,5,92171.35,3.0,1.0,0.0,178106.34,1,3.6375861597263857
15679909,Pugliesi,652.0,Spain,41.0,8,0.0,2.0,1.0,0.0,132152.32,0,3.7376696182833684
15634262,Fantin,652.0,Germany,34.0,4,148375.19,2.0,1.0,1.0,21521.38,0,3.5553480614894135
15799825,Bentley,652.0,France,44.0,8,0.0,2.0,1.0,1.0,27431.62,0,3.8066624897703196
15756875,Freeman,652.0,Spain,34.0,6,147422.44,1.0,0.0,1.0,42143.61,0,3.5553480614894135
15678146,Wong,652.0,Spain,24.0,7,173962.32,1.0,0.0,0.0,106457.11,1,3.2188758248682006
15710743,Onwuamaeze,652.0,France,47.0,0,0.0,1.0,1.0,1.0,133831.37,1,3.8712010109078907
15595831,Shen,652.0,Germany,62.0,6,145215.43,1.0,1.0,1.0,164083.72,0,4.174387269895637
15626684,Huang,652.0,France,38.0,5,167539.97,1.0,0.0,1.0,159207.34,0,3.6635616461296463
15709846,Yeh,652.0,France,39.0,1,94968.97,1.0,1.0,0.0,84487.62,0,3.6888794541139363
15635459,Shih,652.0,Germany,27.0,3,106116.5,2.0,1.0,0.0,3674.71,0,3.332204510175204
15642544,Henderson,652.0,France,34.0,5,0.0,2.0,0.0,1.0,12092.03,0,3.5553480614894135
15566494,Fang,652.0,France,45.0,2,0.0,2.0,1.0,0.0,77475.73,0,3.828641396489095
15655238,Dellucci,652.0,France,31.0,9,0.0,2.0,0.0,0.0,41291.73,0,3.4657359027997265
15733429,Chou,652.0,Germany,34.0,8,120018.86,2.0,1.0,1.0,343.38,0,3.5553480614894135
15814536,Conti,652.0,France,37.0,2,112541.54,2.0,0.0,0.0,47432.43,0,3.6375861597263857
15771702,Roberts,652.0,France,35.0,5,166118.45,2.0,1.0,0.0,127827.18,0,3.58351893845611
15723008,Lo Duca,652.0,France,45.0,1,102882.4,2.0,1.0,1.0,35633.15,1,3.828641396489095
15797160,Glover,652.0,France,49.0,8,0.0,1.0,1.0,1.0,182865.09,1,3.912023005428146
15792222,Johnstone,652.0,France,37.0,1,106881.5,2.0,0.0,0.0,169386.81,0,3.6375861597263857
15644765,Ashton,652.0,Germany,26.0,4,120727.97,1.0,0.0,1.0,149073.88,0,3.295836866004329
15610686,Melton,652.0,France,62.0,8,169832.57,1.0,0.0,0.0,184107.26,1,4.1588830833596715
15730868,Marshall,652.0,France,41.0,5,0.0,2.0,1.0,1.0,22750.17,0,3.7376696182833684
15705991,Kenenna,652.0,Germany,38.0,9,113599.42,1.0,0.0,0.0,11950.29,0,3.6635616461296463
15577078,Zakharov,652.0,Spain,38.0,6,0.0,1.0,1.0,1.0,152880.07,1,3.6635616461296463
15679550,Chukwualuka,652.0,France,32.0,9,0.0,2.0,1.0,0.0,175252.78,0,3.4965075614664802
15787655,Chu,652.0,France,47.0,3,0.0,2.0,1.0,0.0,174303.29,0,3.8712010109078907
15668081,Capon,652.0,Spain,50.0,4,0.0,2.0,1.0,1.0,80701.72,0,3.9318256327243257
15747980,Cattaneo,652.0,Spain,38.0,6,146282.79,2.0,1.0,0.0,198516.2,0,3.6635616461296463
15710295,Patrick,652.0,Germany,38.0,6,119413.62,2.0,1.0,0.0,175756.36,0,3.6635616461296463
15724443,Taylor,652.0,Germany,29.0,3,122084.63,1.0,0.0,1.0,82824.08,0,3.4011973816621555
15571305,Stephenson,652.0,Germany,35.0,1,103060.63,1.0,1.0,0.0,179866.01,1,3.58351893845611
15569503,Yeh,652.0,France,44.0,6,0.0,2.0,1.0,1.0,159899.97,0,3.8066624897703196
15581840,DeRose,652.0,France,33.0,8,0.0,2.0,1.0,0.0,138504.28,0,3.5263605246161616
15772262,Vavilov,652.0,Germany,37.0,9,110483.86,1.0,1.0,1.0,127394.67,0,3.6375861597263857
15767794,Browne,652.0,France,31.0,9,120718.28,1.0,1.0,1.0,58961.49,0,3.4657359027997265
15629338,Collingridge de Tourcey,652.0,Spain,31.0,2,36566.96,1.0,1.0,0.0,103644.98,1,3.4657359027997265
15790379,Rowe,652.0,Germany,28.0,8,108601.0,1.0,1.0,1.0,119647.7,0,3.367295829986474
15750684,Jibunoh,652.0,France,42.0,4,0.0,1.0,1.0,0.0,28465.86,1,3.7612001156935624
15697214,Korovin,652.0,Spain,36.0,5,0.0,2.0,1.0,1.0,152979.14,0,3.6109179126442243
15711015,Hammonds,652.0,France,36.0,4,0.0,2.0,1.0,1.0,190911.02,0,3.6109179126442243
15573309,Ward,652.0,Spain,48.0,2,0.0,2.0,1.0,1.0,95794.98,0,3.8918202981106265
15805303,Olisanugo,652.0,Germany,44.0,1,141136.62,1.0,1.0,0.0,189742.78,1,3.8066624897703196
15741385,Gallop,652.0,Germany,45.0,9,108231.37,1.0,1.0,1.0,188574.08,0,3.828641396489095
15780254,Gartrell,652.0,France,40.0,6,0.0,1.0,0.0,0.0,183872.88,1,3.713572066704308
15744843,K'ung,652.0,Spain,34.0,6,144855.34,1.0,0.0,0.0,196555.32,0,3.5553480614894135
15815626,Oluchi,652.0,France,62.0,2,68432.45,2.0,1.0,1.0,112503.24,1,4.1588830833596715
15784736,Jamieson,652.0,France,45.0,6,136855.24,1.0,1.0,0.0,46864.0,0,3.828641396489095
15813412,Barlow,652.0,France,55.0,3,44020.89,1.0,1.0,0.0,65864.4,1,4.02535169073515
15809143,White,652.0,Germany,32.0,9,133060.63,1.0,1.0,1.0,125167.92,0,3.4965075614664802
15617617,Stewart,652.0,Spain,39.0,7,0.0,2.0,1.0,1.0,177519.39,0,3.6888794541139363
15779738,Buccho,652.0,France,24.0,1,0.0,1.0,1.0,1.0,169653.32,0,3.2188758248682006
15668669,Benson,652.0,France,36.0,5,97665.61,1.0,1.0,0.0,118372.55,1,3.6109179126442243
15687477,Thompson,652.0,Germany,28.0,5,185013.02,1.0,1.0,0.0,16481.12,0,3.367295829986474
15578908,Todd,652.0,Spain,32.0,0,0.0,2.0,1.0,1.0,138525.19,0,3.4965075614664802
15687658,Burgin,652.0,France,52.0,7,65971.61,2.0,1.0,0.0,14608.0,1,3.970291913552122
15615020,Nnaife,652.0,Germany,41.0,9,150463.11,2.0,0.0,1.0,81548.38,0,3.7376696182833684
15608886,Okwudiliolisa,652.0,France,33.0,1,0.0,2.0,0.0,0.0,69608.48,0,3.5263605246161616
15602551,Johnson,652.0,Spain,39.0,9,0.0,2.0,1.0,0.0,68873.8,0,3.6888794541139363
15672945,Parkes,652.0,France,37.0,5,136425.18,1.0,1.0,0.0,81102.81,0,3.6375861597263857
15757408,Lo,652.0,Spain,38.0,3,250898.09,3.0,0.0,1.0,81054.0,1,3.6635616461296463
15806132,Martin,652.0,France,55.0,4,146798.81,1.0,1.0,1.0,74149.77,0,4.02535169073515
15813022,Kapustina,652.0,Spain,62.0,1,0.0,2.0,0.0,0.0,99503.19,0,4.2626798770413155
15673578,Page,652.0,Germany,40.0,7,128486.91,2.0,1.0,0.0,10109.47,0,3.713572066704308
15757916,Amaechi,652.0,France,38.0,9,0.0,2.0,1.0,1.0,58855.85,0,3.6635616461296463
15689168,Munro,652.0,Spain,37.0,1,143407.29,2.0,0.0,1.0,84402.46,0,3.6375861597263857
15769216,Panicucci,652.0,France,43.0,2,0.0,1.0,1.0,0.0,49713.87,1,3.784189633918261
15593295,Greathouse,652.0,France,57.0,6,76165.65,1.0,1.0,1.0,133537.53,0,4.060443010546419
15804814,Ts'ui,652.0,France,40.0,4,0.0,2.0,1.0,0.0,124615.59,0,3.713572066704308
15778934,Napolitani,652.0,Spain,49.0,8,0.0,2.0,0.0,1.0,98090.69,0,3.912023005428146
15802351,Beers,652.0,Germany,33.0,6,90560.3,2.0,1.0,1.0,42607.69,0,3.5263605246161616
15630241,Tretyakova,652.0,France,61.0,3,62391.22,1.0,1.0,1.0,192434.11,0,4.127134385045092
15719561,Lin,652.0,France,42.0,5,0.0,3.0,0.0,0.0,60686.4,0,3.7612001156935624
15615096,Costa,652.0,France,31.0,7,0.0,2.0,1.0,1.0,49463.44,0,3.4657359027997265
15659931,Ibezimako,652.0,Germany,55.0,1,123378.2,1.0,1.0,0.0,81431.99,1,4.02535169073515
15714586,Marcelo,652.0,Spain,42.0,3,99836.47,1.0,0.0,1.0,22909.56,0,3.7612001156935624
15634949,Hay,652.0,Germany,62.0,5,161434.36,2.0,1.0,1.0,65532.17,0,4.31748811353631
15589224,Moore,652.0,Spain,41.0,5,0.0,2.0,0.0,1.0,141053.85,0,3.7376696182833684
15795990,Lumholtz,652.0,Germany,48.0,10,138311.76,1.0,1.0,1.0,3472.63,1,3.8918202981106265
15603216,Simpson,652.0,France,25.0,7,0.0,2.0,1.0,0.0,102083.78,0,3.258096538021482
15631201,Hill,652.0,Spain,28.0,4,0.0,2.0,1.0,0.0,1801.77,0,3.367295829986474
15686255,Mouzon,652.0,Germany,35.0,6,101744.84,1.0,0.0,0.0,85185.44,0,3.58351893845611
15746594,Wu,652.0,Spain,33.0,8,0.0,1.0,1.0,0.0,119882.7,0,3.5263605246161616
15718893,Pirozzi,652.0,Germany,54.0,4,125456.07,1.0,1.0,0.0,83715.66,1,4.007333185232471
15671609,Ibeabuchi,652.0,France,44.0,7,0.0,2.0,1.0,0.0,23425.78,0,3.8066624897703196
15652540,Garnsey,652.0,France,31.0,2,0.0,2.0,0.0,1.0,77326.78,0,3.4657359027997265
15774857,Synnot,652.0,France,27.0,7,0.0,2.0,1.0,0.0,156150.08,1,3.332204510175204
15791836,Wildman,652.0,France,29.0,5,0.0,2.0,1.0,0.0,108577.97,0,3.4011973816621555
15651554,Anenechukwu,652.0,Germany,54.0,4,118449.21,1.0,1.0,1.0,133573.29,1,4.007333185232471
15583576,Tai,652.0,France,30.0,2,0.0,1.0,0.0,1.0,102057.86,0,3.4339872044851463
15732740,Plant,652.0,Spain,32.0,9,178095.55,1.0,0.0,0.0,47247.56,0,3.4965075614664802
15723320,Azubuike,652.0,Germany,25.0,2,109175.14,2.0,1.0,0.0,114566.47,0,3.258096538021482
15603851,Galkin,652.0,France,32.0,7,127785.17,3.5,0.0,0.0,184464.7,1,3.4965075614664802
15777923,Johnston,652.0,France,45.0,6,0.0,2.0,0.0,1.0,151401.33,0,3.828641396489095
15735719,Babbage,652.0,France,40.0,9,0.0,2.0,1.0,1.0,70607.1,0,3.713572066704308
15703482,Walker,652.0,Germany,34.0,9,134260.36,2.0,1.0,0.0,147074.67,0,3.5553480614894135
15605835,Rice,652.0,France,37.0,8,69143.91,2.0,0.0,1.0,105780.18,0,3.6375861597263857
15664881,Norton,652.0,France,34.0,4,100054.77,1.0,1.0,0.0,109496.45,0,3.5553480614894135
15757568,Bogolyubov,652.0,France,45.0,6,0.0,1.0,1.0,1.0,137739.45,0,3.828641396489095
15792660,Gibbons,652.0,France,38.0,2,116248.88,1.0,1.0,0.0,105140.92,0,3.6635616461296463
15599722,Chia,652.0,Spain,43.0,6,86053.52,2.0,1.0,1.0,113276.46,1,3.784189633918261
15726354,Smith,652.0,France,32.0,6,123157.95,1.0,1.0,0.0,172531.23,0,3.4965075614664802
15610355,Hunter,652.0,France,44.0,1,63438.91,1.0,1.0,0.0,64375.4,0,3.8066624897703196
15704284,Ekechukwu,652.0,Germany,57.0,9,95295.39,1.0,1.0,0.0,28434.44,1,4.060443010546419
15621893,Bellucci,652.0,France,18.0,4,133550.67,1.0,1.0,1.0,46941.41,0,2.9444389791664403
15588219,Ford,652.0,France,38.0,1,106871.81,2.0,1.0,0.0,29333.01,0,3.6635616461296463
15688619,Scott,652.0,Spain,45.0,3,105266.32,2.0,1.0,1.0,193724.51,0,3.828641396489095
15765518,Gregson,652.0,France,51.0,2,105229.53,1.0,1.0,0.0,34967.75,1,3.9512437185814275
15616931,Moore,652.0,France,41.0,8,102768.42,1.0,1.0,0.0,55663.85,0,3.7376696182833684
15758372,Wallace,652.0,France,18.0,7,0.0,2.0,1.0,1.0,55753.12,1,2.9444389791664403
15782591,Cook,652.0,France,35.0,6,112689.95,1.0,1.0,0.0,176962.31,0,3.58351893845611
15612109,Speth,652.0,France,38.0,9,122334.26,2.0,1.0,1.0,181507.44,0,3.6635616461296463
15613712,Boag,652.0,Spain,34.0,1,0.0,2.0,1.0,0.0,61995.57,0,3.5553480614894135
15639322,Grave,652.0,Spain,33.0,4,137847.41,2.0,1.0,0.0,98349.13,0,3.5263605246161616
15594349,Streeten,652.0,France,49.0,5,122486.47,1.0,0.0,1.0,59748.19,0,3.912023005428146
15574167,Fox,652.0,France,33.0,2,101286.11,1.0,1.0,1.0,159840.51,0,3.5263605246161616
15811842,Artemyeva,652.0,Spain,26.0,7,0.0,2.0,1.0,1.0,6656.64,0,3.295836866004329
15648794,Giordano,652.0,Spain,57.0,4,101247.06,1.0,1.0,0.0,37141.62,1,4.060443010546419
15771211,Perkins,652.0,France,38.0,10,86977.96,1.0,0.0,1.0,37094.75,0,3.6635616461296463
15588614,Walton,652.0,France,57.0,7,0.0,1.0,1.0,0.0,159475.08,1,4.060443010546419
15630698,Hay,652.0,France,55.0,9,110123.59,1.0,0.0,1.0,51548.14,1,4.02535169073515
15694200,Gardner,652.0,France,36.0,8,178111.82,1.0,0.0,0.0,58719.63,1,3.6109179126442243
15721426,Milne,652.0,Germany,62.0,10,126306.64,3.0,0.0,0.0,7861.68,1,4.189654742026425
15725997,She,652.0,France,35.0,6,100768.77,1.0,1.0,0.0,19199.61,0,3.58351893845611
15762138,Hu,652.0,France,42.0,5,0.0,2.0,1.0,0.0,178504.29,0,3.7612001156935624
15750649,Uwakwe,652.0,France,44.0,3,0.0,2.0,1.0,1.0,189016.14,0,3.8066624897703196
15685706,Bird,652.0,France,40.0,7,118991.79,1.0,1.0,1.0,156048.64,0,3.713572066704308
15641835,Anderson,652.0,France,62.0,3,140997.26,1.0,0.0,1.0,52876.41,0,4.290459441148391
15586821,Bellew,652.0,France,28.0,5,0.0,2.0,0.0,1.0,19653.08,0,3.367295829986474
15569678,Cocci,652.0,Germany,32.0,6,166824.59,1.0,1.0,0.0,139451.98,0,3.4965075614664802
15793842,Krichauff,652.0,France,34.0,2,76322.69,1.0,1.0,0.0,128136.29,0,3.5553480614894135
15667554,Cameron,652.0,France,35.0,6,0.0,2.0,1.0,1.0,45206.57,0,3.58351893845611
15794479,Becker,652.0,Spain,62.0,8,149083.7,1.0,1.0,1.0,190146.83,0,4.356708826689592
15585041,Ainsworth,652.0,France,33.0,7,0.0,2.0,0.0,1.0,158313.87,0,3.5263605246161616
15780650,Biryukov,652.0,France,40.0,9,0.0,1.0,1.0,1.0,96670.2,0,3.713572066704308
15780846,Redding,652.0,France,33.0,1,126588.81,2.0,0.0,1.0,62163.53,0,3.5263605246161616
15805260,Wood,652.0,Germany,56.0,2,143249.67,1.0,1.0,0.0,88428.41,1,4.04305126783455
15621629,Scott,652.0,Germany,43.0,8,81844.91,2.0,1.0,1.0,35908.46,0,3.784189633918261
15662151,Gould,652.0,France,40.0,4,0.0,1.0,0.0,1.0,168780.04,0,3.713572066704308
15747174,Hao,652.0,Germany,58.0,9,190298.89,2.0,1.0,1.0,191263.76,0,4.07753744390572
15651585,Power,652.0,Germany,35.0,2,117212.18,1.0,1.0,1.0,83052.03,0,3.58351893845611
15649738,White,652.0,France,46.0,0,0.0,2.0,1.0,1.0,125962.02,0,3.8501476017100584
15633108,Thorpe,652.0,France,26.0,4,139848.17,1.0,1.0,0.0,164696.27,0,3.295836866004329
15769254,Tuan,652.0,Germany,34.0,9,101861.36,2.0,0.0,0.0,187011.96,0,3.5553480614894135
15704746,Inman,652.0,Spain,35.0,2,167455.66,2.0,1.0,1.0,55324.49,0,3.58351893845611
15637644,Hanson,652.0,France,24.0,4,0.0,2.0,0.0,1.0,34335.55,0,3.2188758248682006
15609562,MacDonald,652.0,Spain,43.0,1,116360.07,1.0,1.0,0.0,17004.14,0,3.784189633918261
15787459,Parkes,652.0,Spain,40.0,3,88466.82,1.0,0.0,0.0,116331.42,0,3.713572066704308
15762902,Stanley,652.0,France,42.0,7,0.0,2.0,0.0,1.0,22974.01,0,3.7612001156935624
15738605,Fischer,652.0,Germany,46.0,5,123642.36,1.0,1.0,1.0,49725.16,1,3.8501476017100584
15724889,Chinweuba,652.0,Spain,38.0,9,0.0,1.0,0.0,1.0,87412.74,0,3.6635616461296463
15730735,Henning,652.0,France,38.0,9,72286.84,2.0,1.0,1.0,26136.89,0,3.6635616461296463
15689147,Ogochukwu,652.0,France,40.0,1,0.0,2.0,1.0,0.0,126554.96,0,3.713572066704308
15730397,Narelle,652.0,Spain,40.0,1,109681.61,1.0,1.0,1.0,193321.3,0,3.713572066704308
15762169,Bergman,652.0,Germany,37.0,9,145018.64,2.0,1.0,0.0,90928.02,1,3.6375861597263857
15589320,Sagese,652.0,Spain,34.0,8,0.0,1.0,1.0,1.0,76510.46,0,3.5553480614894135
15799211,Anenechi,652.0,Spain,32.0,8,187487.63,1.0,1.0,1.0,120115.5,0,3.4965075614664802
15798310,Palerma,652.0,France,35.0,2,165692.91,1.0,1.0,1.0,197984.58,0,3.58351893845611
15609998,Okwudilichukwu,652.0,Germany,59.0,5,137648.41,1.0,1.0,0.0,142977.05,1,4.0943445622221
15583548,Harrison,652.0,Spain,47.0,6,118560.0,1.0,1.0,0.0,82522.61,1,3.8712010109078907
15761763,Jamieson,652.0,France,33.0,8,164385.53,1.0,1.0,0.0,150664.97,0,3.5263605246161616
15764409,Goodman,652.0,France,37.0,9,108286.5,1.0,1.0,1.0,114153.44,0,3.6375861597263857
15710161,Ko,652.0,France,34.0,2,0.0,2.0,1.0,1.0,171706.66,0,3.5553480614894135
15735246,Norman,652.0,Spain,58.0,9,0.0,2.0,0.0,0.0,119071.56,1,4.07753744390572
15791700,Ugochukwutubelum,652.0,Germany,47.0,2,118079.47,3.5,1.0,1.0,143007.49,1,3.8712010109078907
15670753,Uvarova,652.0,Spain,35.0,2,127283.78,1.0,1.0,1.0,31302.35,0,3.58351893845611
15573876,Chia,652.0,Spain,48.0,8,0.0,2.0,1.0,0.0,71139.8,0,3.8918202981106265
15770174,Piazza,652.0,France,29.0,6,141389.06,1.0,1.0,0.0,54122.89,0,3.4011973816621555
15641114,Power,652.0,France,37.0,8,130091.5,1.0,1.0,1.0,120031.29,0,3.6375861597263857
15682435,P'eng,652.0,France,35.0,4,143744.77,2.0,1.0,0.0,104076.51,0,3.58351893845611
15751788,Johnson,652.0,Spain,28.0,9,97408.03,1.0,1.0,1.0,175853.64,0,3.367295829986474
15672598,Walker,652.0,Spain,30.0,9,111927.45,1.0,1.0,1.0,175795.87,0,3.4339872044851463
15762803,Innes,652.0,France,31.0,3,0.0,2.0,1.0,0.0,15360.91,0,3.4657359027997265
15812982,Francis,652.0,Spain,38.0,2,0.0,1.0,0.0,0.0,168460.12,0,3.6635616461296463
15597901,Chidozie,652.0,France,34.0,1,0.0,1.0,1.0,1.0,181177.9,0,3.5553480614894135
15731507,Mackenzie,652.0,France,33.0,1,188285.68,1.0,0.0,0.0,58363.94,0,3.5263605246161616
15809826,Craigie,652.0,France,46.0,2,109705.52,1.0,1.0,0.0,20276.87,1,3.8501476017100584
15764237,Manfrin,652.0,Spain,33.0,9,0.0,2.0,0.0,0.0,91514.62,0,3.5263605246161616
15769917,Onyekachi,652.0,Germany,34.0,1,127122.79,3.0,0.0,1.0,76703.1,0,3.5553480614894135
15641850,Pethard,652.0,France,40.0,0,98241.04,1.0,1.0,0.0,110887.14,0,3.713572066704308
15770974,Nwabugwu,652.0,Germany,37.0,8,170840.08,2.0,0.0,0.0,109843.16,0,3.6375861597263857
15803749,DeRose,652.0,Germany,41.0,4,87541.06,2.0,1.0,1.0,12577.21,1,3.7376696182833684
15684999,Ch'eng,652.0,France,26.0,4,62610.96,2.0,0.0,1.0,179365.1,0,3.295836866004329
15770225,Padovesi,652.0,France,36.0,9,0.0,2.0,1.0,1.0,65816.53,0,3.6109179126442243
15627484,Obielumani,652.0,France,47.0,5,113328.93,1.0,1.0,0.0,124170.9,0,3.8712010109078907
15610337,Stephens,652.0,Spain,35.0,2,104832.49,1.0,1.0,0.0,175015.12,0,3.58351893845611
15752488,Emery,652.0,Spain,31.0,9,102289.85,1.0,1.0,1.0,115441.66,0,3.4657359027997265
15610056,Dufresne,652.0,Germany,34.0,6,125227.82,2.0,0.0,1.0,128247.03,0,3.5553480614894135
15806049,Lee,652.0,Germany,49.0,5,140510.89,1.0,1.0,0.0,141914.94,0,3.912023005428146
15736069,Hsing,652.0,Germany,35.0,6,132253.22,1.0,1.0,0.0,115566.57,1,3.58351893845611
15763662,Longo,652.0,Germany,43.0,2,39043.29,2.0,1.0,1.0,175423.69,0,3.784189633918261
15615575,Vial,652.0,France,34.0,8,0.0,2.0,1.0,1.0,133447.49,0,3.5553480614894135
15691723,Chukwudi,652.0,Spain,55.0,9,99685.06,1.0,1.0,0.0,114474.98,0,4.02535169073515
15774098,Grant,652.0,Germany,38.0,3,125385.49,2.0,0.0,1.0,52044.66,0,3.6635616461296463
15750808,Ma,652.0,Spain,46.0,2,131365.37,2.0,1.0,1.0,180290.68,0,3.8501476017100584
15744368,Sun,652.0,Spain,58.0,6,98308.51,1.0,1.0,1.0,132034.13,0,4.07753744390572
15610594,Moss,652.0,France,37.0,8,0.0,2.0,1.0,0.0,20968.88,0,3.6375861597263857
15756125,Booth,652.0,Spain,44.0,5,140856.16,2.0,1.0,0.0,158735.1,0,3.8066624897703196
15623277,Ross,652.0,France,30.0,8,0.0,2.0,1.0,1.0,196134.44,0,3.4339872044851463
15795954,Ndukaku,652.0,France,35.0,2,172274.01,1.0,1.0,0.0,22374.97,0,3.58351893845611
15671969,Pruneda,652.0,Spain,36.0,8,0.0,2.0,1.0,0.0,161668.15,0,3.6109179126442243
15791268,Neumann,652.0,Spain,38.0,0,122447.76,1.0,0.0,0.0,67339.34,0,3.6635616461296463
15713655,Calabrese,652.0,France,38.0,10,0.0,2.0,1.0,1.0,56229.72,1,3.6635616461296463
15633930,Yobachukwu,652.0,Spain,56.0,6,157559.59,2.0,1.0,0.0,140991.23,1,4.04305126783455
15712849,Tung,652.0,Germany,41.0,3,126550.7,1.0,0.0,0.0,177644.52,1,3.7376696182833684
15639077,Marchesi,652.0,France,30.0,2,158584.82,3.0,1.0,0.0,142342.55,1,3.4339872044851463
15808784,Hess,652.0,France,28.0,2,163569.61,2.0,1.0,1.0,154559.28,0,3.367295829986474
15648577,Pickering,652.0,France,31.0,3,0.0,1.0,1.0,1.0,176570.28,1,3.4657359027997265
15670345,Mazzi,652.0,Germany,33.0,6,127211.45,1.0,0.0,0.0,191961.83,0,3.5263605246161616
15633112,Madukaego,652.0,Germany,42.0,3,118199.97,2.0,1.0,0.0,9452.88,1,3.7612001156935624
15714397,Trentino,652.0,Germany,30.0,2,101014.08,2.0,1.0,1.0,165257.31,0,3.4339872044851463
15780038,Paterson,652.0,Spain,38.0,6,119208.85,1.0,1.0,0.0,169763.89,1,3.6635616461296463
15756305,Marchesi,652.0,France,62.0,6,0.0,2.0,1.0,1.0,160663.11,0,4.204692619390966
15578799,Anayolisa,652.0,France,58.0,10,53772.73,1.0,1.0,1.0,192072.1,1,4.07753744390572
15800326,Poole,652.0,Spain,39.0,6,0.0,2.0,1.0,0.0,93275.61,0,3.6888794541139363
15785485,Zhou,652.0,Germany,41.0,2,138878.81,1.0,0.0,1.0,112269.67,0,3.7376696182833684
15783958,Bates,652.0,Spain,37.0,1,130922.81,2.0,0.0,0.0,2186.83,0,3.6375861597263857
15727546,Olejuru,652.0,France,35.0,9,0.0,2.0,1.0,1.0,43075.7,0,3.58351893845611
15739576,Bustard,652.0,Spain,20.0,8,0.0,2.0,1.0,1.0,12368.11,0,3.044522437723423
15631333,Wade,652.0,Spain,25.0,8,130866.19,1.0,1.0,0.0,42410.21,0,3.258096538021482
15604782,Tan,652.0,Germany,33.0,7,187257.94,1.0,0.0,1.0,190430.81,0,3.5263605246161616
15589643,Ngozichukwuka,652.0,Spain,41.0,7,0.0,1.0,1.0,1.0,138394.37,0,3.7376696182833684
15585533,Calabrese,652.0,France,36.0,6,147733.64,1.0,0.0,1.0,172501.38,0,3.6109179126442243
15681506,Lane,652.0,Spain,43.0,1,0.0,2.0,1.0,1.0,197916.43,0,3.784189633918261
15630551,Forbes,652.0,France,33.0,2,163139.27,1.0,1.0,1.0,7035.36,0,3.5263605246161616
15698349,Davy,652.0,Spain,35.0,4,0.0,2.0,1.0,1.0,159676.55,0,3.58351893845611
15776631,Ma,652.0,France,36.0,5,119540.15,1.0,0.0,1.0,80603.99,0,3.6109179126442243
15762216,Barrera,652.0,France,41.0,4,129553.76,2.0,1.0,0.0,187599.8,0,3.7376696182833684
15623927,Alexander,652.0,France,55.0,9,0.0,2.0,1.0,1.0,94450.97,0,4.02535169073515
15681402,Ngozichukwuka,652.0,Germany,61.0,1,66101.89,1.0,1.0,1.0,143981.27,0,4.127134385045092
15586264,Murray,652.0,France,43.0,2,140431.98,1.0,1.0,0.0,26450.57,1,3.784189633918261
15594685,Hall,652.0,France,49.0,2,0.0,2.0,0.0,0.0,164482.92,0,3.912023005428146
15812945,Padovesi,652.0,France,29.0,0,0.0,1.0,1.0,1.0,84012.81,0,3.4011973816621555
15734628,Lysaght,652.0,France,35.0,5,0.0,2.0,1.0,0.0,101192.08,0,3.58351893845611
15629323,Kelechi,652.0,Germany,37.0,4,116471.43,2.0,1.0,0.0,175324.74,1,3.6375861597263857
15666823,Nebechi,652.0,France,39.0,4,0.0,2.0,1.0,0.0,197226.32,0,3.6888794541139363
15777553,Hanson,652.0,France,56.0,9,123785.24,1.0,1.0,0.0,99504.03,1,4.04305126783455
15613097,Kao,652.0,France,33.0,4,0.0,2.0,0.0,1.0,83700.66,0,3.5263605246161616
15622217,Tu,652.0,France,38.0,8,88758.95,2.0,0.0,0.0,28226.15,1,3.6635616461296463
15703588,Palerma,652.0,Germany,25.0,5,153611.83,2.0,1.0,0.0,35321.65,0,3.258096538021482
15570835,Fallaci,652.0,Germany,57.0,4,112044.72,1.0,1.0,1.0,41229.73,1,4.060443010546419
15679299,Shen,652.0,Spain,27.0,7,123826.07,1.0,0.0,1.0,78970.58,0,3.332204510175204
15808044,Ts'ui,652.0,France,62.0,9,106804.26,3.0,1.0,0.0,107890.69,1,4.189654742026425
15579208,Chikezie,652.0,France,48.0,6,0.0,2.0,1.0,1.0,191870.28,0,3.8918202981106265
15684951,He,652.0,France,59.0,2,68892.77,2.0,1.0,0.0,7905.06,1,4.0943445622221
15667620,Dreyer,652.0,France,43.0,6,0.0,2.0,1.0,0.0,65731.53,0,3.784189633918261
15582960,Short,652.0,France,33.0,5,125827.43,1.0,0.0,1.0,145698.73,0,3.5263605246161616
15590730,Hunt,652.0,Spain,34.0,9,0.0,2.0,1.0,0.0,50046.25,0,3.5553480614894135
15763747,Ricci,652.0,France,36.0,7,0.0,2.0,1.0,1.0,60830.24,0,3.6109179126442243
15778320,Teng,652.0,Germany,40.0,5,148495.64,1.0,0.0,0.0,158853.98,0,3.713572066704308
15642787,Ijendu,652.0,France,37.0,1,133043.66,1.0,0.0,0.0,111243.09,0,3.6375861597263857
15624633,Kibby,652.0,France,45.0,9,74989.58,1.0,1.0,1.0,171014.69,0,3.828641396489095
15766765,Obiuto,652.0,Germany,39.0,7,60263.23,1.0,1.0,0.0,170835.32,0,3.6888794541139363
15783615,Ramos,652.0,Germany,50.0,3,129370.91,3.5,1.0,1.0,47775.34,1,3.9318256327243257
15640161,Calabrese,652.0,Germany,44.0,5,157955.83,2.0,0.0,0.0,139297.71,0,3.8066624897703196
15619889,Vasin,652.0,France,26.0,4,0.0,1.0,1.0,0.0,195167.38,0,3.295836866004329
15579166,Munro,652.0,France,30.0,7,70729.17,1.0,1.0,1.0,160948.87,0,3.4339872044851463
15789097,Keeley,652.0,France,48.0,8,0.0,2.0,0.0,1.0,44965.54,1,3.8918202981106265
15674880,Archer,652.0,Spain,50.0,2,0.0,2.0,1.0,0.0,52137.73,0,3.9318256327243257
15778157,Murray,652.0,Spain,27.0,8,90721.52,2.0,1.0,0.0,109296.18,0,3.332204510175204
15779064,Chidiegwu,652.0,France,27.0,2,0.0,2.0,1.0,1.0,20092.89,0,3.332204510175204
15801265,Tang,652.0,Spain,45.0,0,57784.22,1.0,1.0,0.0,197804.0,1,3.828641396489095
15589204,Farrar,652.0,France,33.0,9,131765.72,1.0,1.0,0.0,118782.06,0,3.5263605246161616
15664543,Shaw,652.0,France,40.0,7,0.0,1.0,0.0,1.0,152876.13,1,3.713572066704308
15582714,Napolitani,652.0,Germany,47.0,9,110022.74,1.0,0.0,1.0,135655.29,1,3.8712010109078907
15797595,Greenhalgh,652.0,France,40.0,9,131569.63,1.0,1.0,1.0,103970.58,0,3.713572066704308
15614034,Martin,652.0,Germany,61.0,2,164523.5,2.0,1.0,1.0,35786.76,0,4.127134385045092
15763171,Hu,652.0,Germany,25.0,2,114330.95,1.0,1.0,1.0,25325.07,0,3.258096538021482
15647266,Y?an,652.0,Spain,45.0,10,135923.16,1.0,1.0,0.0,18732.84,0,3.828641396489095
15757577,Odili,652.0,France,61.0,8,0.0,2.0,1.0,1.0,118522.73,0,4.127134385045092
15736656,H?,652.0,France,49.0,4,0.0,2.0,0.0,1.0,89972.25,0,3.912023005428146
15635078,Chiemela,652.0,Spain,45.0,0,124693.48,1.0,0.0,1.0,187194.15,0,3.828641396489095
15680141,Yuan,652.0,Spain,35.0,7,147936.42,1.0,1.0,1.0,106785.7,0,3.58351893845611
15576945,Clements,652.0,France,29.0,0,0.0,1.0,1.0,0.0,142516.35,0,3.4011973816621555
15602034,Kolesnikov,652.0,France,34.0,2,126558.92,1.0,1.0,0.0,73334.43,0,3.5553480614894135
15732020,Rutherford,652.0,Germany,57.0,6,106938.11,2.0,0.0,1.0,186612.47,0,4.060443010546419
15611029,Hsiung,652.0,Germany,33.0,4,140002.35,1.0,1.0,0.0,123613.81,0,3.5263605246161616
15621210,Angelo,652.0,Germany,46.0,9,123444.72,1.0,1.0,1.0,31368.08,1,3.8501476017100584
15569222,Mendes,652.0,France,32.0,6,147107.91,1.0,1.0,1.0,40066.95,0,3.4965075614664802
15664639,McGregor,652.0,France,19.0,9,128514.84,1.0,0.0,0.0,175969.19,0,2.995732273553991
15724223,Bronner,652.0,France,55.0,5,0.0,1.0,0.0,0.0,10034.77,1,4.02535169073515
15644621,Mironova,652.0,Germany,40.0,9,106756.01,2.0,1.0,0.0,151167.94,0,3.713572066704308
15756056,Ku,652.0,Spain,28.0,3,0.0,2.0,1.0,0.0,191387.76,0,3.367295829986474
15700353,Evans,652.0,France,37.0,6,0.0,2.0,1.0,0.0,51229.17,0,3.6375861597263857
15624388,Henderson,652.0,Germany,50.0,5,155393.32,1.0,1.0,1.0,87351.42,1,3.9318256327243257
15627212,Smith,652.0,France,36.0,2,110414.48,1.0,1.0,1.0,48984.95,0,3.6109179126442243
15648005,Russell,652.0,Spain,33.0,2,0.0,2.0,1.0,1.0,182738.0,0,3.5263605246161616
15681446,Sun,652.0,Germany,37.0,9,157098.52,1.0,1.0,1.0,153535.27,0,3.6375861597263857
15775888,McDonald,652.0,Germany,38.0,5,85626.6,1.0,1.0,1.0,125079.65,0,3.6635616461296463
15749019,Wong,652.0,Germany,45.0,6,93796.42,2.0,1.0,1.0,162321.26,0,3.828641396489095
15709928,Niu,652.0,Spain,41.0,1,0.0,2.0,1.0,0.0,3414.72,0,3.7376696182833684
15784676,Fanucci,652.0,France,51.0,6,125268.03,2.0,1.0,0.0,165082.25,0,3.9512437185814275
15748116,Zetticci,652.0,France,29.0,2,148143.84,1.0,1.0,1.0,52021.39,0,3.4011973816621555
15612193,Hsia,652.0,Spain,29.0,10,115545.33,2.0,1.0,0.0,148256.43,0,3.4011973816621555
15762984,McIntosh,652.0,Spain,35.0,7,0.0,2.0,0.0,0.0,122899.01,0,3.58351893845611
15613713,Kozlova,652.0,France,30.0,5,44928.88,1.0,1.0,1.0,10771.46,0,3.4339872044851463
15664204,Meany,652.0,Spain,29.0,2,0.0,2.0,1.0,1.0,18255.51,0,3.4011973816621555
15639415,Thompson,652.0,France,35.0,3,162442.35,1.0,1.0,0.0,183566.78,0,3.58351893845611
15806332,Le Gallienne,652.0,Spain,39.0,5,0.0,2.0,1.0,1.0,175224.12,0,3.6888794541139363
15614929,Cheng,652.0,Germany,28.0,0,96213.82,2.0,1.0,0.0,147913.56,0,3.367295829986474
15695492,P'eng,652.0,France,29.0,6,156569.43,1.0,1.0,0.0,180598.66,0,3.4011973816621555
15635972,Lloyd,652.0,Spain,36.0,8,0.0,2.0,1.0,0.0,186136.48,0,3.6109179126442243
15616380,Wheeler,652.0,Spain,37.0,1,0.0,2.0,0.0,0.0,7455.2,0,3.6375861597263857
15581440,Christie,652.0,Germany,48.0,6,110463.25,2.0,1.0,1.0,80552.11,1,3.8918202981106265
15654390,He,652.0,France,33.0,7,154575.76,1.0,1.0,0.0,25722.28,1,3.5263605246161616
15660688,King,652.0,Spain,35.0,9,0.0,2.0,0.0,0.0,170996.86,0,3.58351893845611
15806307,Favors,652.0,France,37.0,3,0.0,2.0,1.0,1.0,20603.32,0,3.6375861597263857
15647975,Vida,652.0,Germany,26.0,5,147037.32,1.0,0.0,0.0,141763.26,0,3.295836866004329
15595728,Thomas,652.0,Germany,41.0,0,119276.31,1.0,0.0,0.0,122284.38,1,3.7376696182833684
15735388,Wayn,652.0,France,25.0,7,108664.85,2.0,1.0,0.0,190011.85,0,3.258096538021482
15788535,Tan,652.0,Spain,44.0,5,0.0,1.0,1.0,0.0,128046.98,0,3.8066624897703196
15765902,Gibson,652.0,Germany,38.0,5,163034.82,2.0,1.0,1.0,135662.17,0,3.6635616461296463
15642345,Y?,652.0,Germany,49.0,4,93059.34,1.0,1.0,0.0,7571.51,1,3.912023005428146
15641250,Calabresi,652.0,Spain,38.0,9,179581.31,1.0,1.0,0.0,23596.24,0,3.6635616461296463
15706163,Enyinnaya,652.0,Germany,46.0,4,113625.93,1.0,0.0,0.0,92727.42,1,3.8501476017100584
15746708,Ritchie,652.0,Germany,55.0,7,119961.48,1.0,1.0,0.0,65156.83,1,4.02535169073515
15775203,Chia,652.0,France,45.0,3,129209.48,1.0,0.0,0.0,60151.77,0,3.828641396489095
15787907,Wang,652.0,Germany,42.0,5,137227.04,3.0,1.0,0.0,149097.38,1,3.7612001156935624
15646764,Lorenzo,652.0,Germany,58.0,3,119024.75,2.0,1.0,0.0,35199.24,1,4.07753744390572
15678284,Pai,652.0,France,35.0,7,74623.5,3.0,1.0,0.0,129451.29,1,3.58351893845611
15726791,Nuttall,652.0,Spain,45.0,2,157929.45,1.0,1.0,1.0,145134.49,1,3.828641396489095
15813144,Osborne,652.0,France,26.0,7,92606.86,2.0,1.0,0.0,192709.69,0,3.295836866004329
15669342,Ferri,652.0,Germany,35.0,2,127862.93,2.0,1.0,0.0,139083.7,0,3.58351893845611
15710366,Hamilton,652.0,Spain,42.0,1,0.0,1.0,1.0,1.0,83629.6,1,3.7612001156935624
15614934,McEwan,652.0,Germany,37.0,4,142711.81,1.0,1.0,0.0,35625.41,0,3.6375861597263857
15588701,Lai,652.0,France,38.0,4,0.0,2.0,1.0,0.0,35338.96,0,3.6635616461296463
15665438,Hs?,652.0,France,43.0,1,163159.85,1.0,0.0,1.0,15602.8,0,3.784189633918261
15644896,Thompson,652.0,Germany,32.0,3,108586.86,1.0,1.0,1.0,182355.21,0,3.4965075614664802
15670205,Boyd,652.0,Germany,41.0,5,110624.99,1.0,1.0,0.0,89327.67,0,3.7376696182833684
15635776,Trevisani,652.0,Germany,43.0,5,154846.24,2.0,1.0,1.0,151903.6,0,3.784189633918261
15791053,Lucciano,652.0,Germany,45.0,4,122917.71,1.0,1.0,1.0,11.58,1,3.828641396489095
15644005,Holman,652.0,France,33.0,9,0.0,2.0,0.0,1.0,77519.62,0,3.5263605246161616
15796343,Bazhenov,652.0,France,31.0,2,82787.93,2.0,0.0,0.0,91423.69,0,3.4657359027997265
15751057,Douglas,652.0,Germany,32.0,5,102500.34,1.0,0.0,0.0,106287.77,0,3.4965075614664802
15623430,Hill,652.0,France,34.0,9,0.0,2.0,1.0,0.0,161800.77,0,3.5553480614894135
15682600,Lo,652.0,Germany,39.0,9,159492.79,1.0,1.0,0.0,80582.34,1,3.6888794541139363
15769312,Forbes,652.0,Spain,48.0,10,0.0,2.0,1.0,1.0,185094.48,0,3.8918202981106265
15708212,Lin,652.0,Spain,54.0,7,118241.02,1.0,1.0,0.0,172586.89,1,4.007333185232471
15650258,Sinclair,652.0,France,35.0,2,113090.4,1.0,1.0,0.0,195649.79,0,3.58351893845611
15604345,Kemp,652.0,France,22.0,9,65763.57,1.0,1.0,1.0,145792.01,0,3.1354942159291497
15578297,Ebelegbulam,652.0,Germany,43.0,1,125537.38,1.0,1.0,0.0,138510.01,1,3.784189633918261
15671789,Woods,652.0,France,31.0,3,94263.91,2.0,1.0,0.0,168895.06,0,3.4657359027997265
15726186,Genovese,652.0,Spain,29.0,4,133434.57,2.0,1.0,0.0,97983.44,0,3.4011973816621555
15764618,Tseng,652.0,Spain,39.0,6,0.0,1.0,1.0,1.0,85167.88,0,3.6888794541139363
15730738,Chiang,652.0,Spain,31.0,9,0.0,2.0,1.0,1.0,18210.36,0,3.4657359027997265
15637650,Williams,652.0,France,50.0,9,94748.76,2.0,0.0,1.0,13608.18,0,3.9318256327243257
15606267,Wilson,652.0,France,38.0,4,98640.74,1.0,1.0,1.0,110457.99,0,3.6635616461296463
15625904,Wang,652.0,France,26.0,9,74681.9,2.0,0.0,0.0,31231.35,0,3.295836866004329
15654463,Moore,652.0,France,34.0,4,0.0,2.0,1.0,0.0,141582.66,0,3.5553480614894135
15774151,Iadanza,652.0,Spain,41.0,7,179915.85,1.0,0.0,0.0,14666.35,1,3.7376696182833684
15693259,Wallace,652.0,France,30.0,1,128207.23,1.0,1.0,1.0,55400.17,0,3.4339872044851463
15642468,Clark,652.0,France,42.0,9,132739.26,2.0,0.0,0.0,174667.65,0,3.7612001156935624
15758531,Y?,652.0,France,40.0,10,0.0,2.0,1.0,0.0,154189.08,0,3.713572066704308
15728352,Yermakov,652.0,France,27.0,4,120509.81,1.0,0.0,0.0,142170.44,0,3.332204510175204
15637240,Wei,652.0,France,46.0,4,124547.13,2.0,1.0,0.0,94499.06,0,3.8501476017100584
15595588,Chukwunonso,652.0,Spain,39.0,4,0.0,2.0,0.0,1.0,182081.45,0,3.6888794541139363
15778395,McIntyre,652.0,Germany,34.0,4,88815.56,2.0,1.0,0.0,68562.26,1,3.5553480614894135
15711825,Ts'ai,652.0,Spain,35.0,1,82231.51,2.0,1.0,0.0,88798.02,0,3.58351893845611
15599251,Chung,652.0,Germany,32.0,7,184715.86,2.0,1.0,0.0,113781.99,0,3.4965075614664802
15570004,Tsou,652.0,France,31.0,3,0.0,2.0,1.0,0.0,121866.87,0,3.4657359027997265
15656912,Aitken,652.0,Spain,51.0,4,0.0,1.0,1.0,1.0,150390.57,0,3.9512437185814275
15657342,Dawson,652.0,Germany,28.0,4,147972.19,1.0,1.0,0.0,60708.72,1,3.367295829986474
15716284,Ward,652.0,France,43.0,9,0.0,2.0,1.0,1.0,78858.07,0,3.784189633918261
15672374,Pai,652.0,France,52.0,8,170008.84,1.0,0.0,0.0,56407.42,1,3.970291913552122
15732476,Ifeanyichukwu,652.0,France,27.0,3,0.0,2.0,0.0,1.0,125698.97,0,3.332204510175204
15747724,Briggs,652.0,Spain,34.0,10,0.0,1.0,1.0,0.0,23235.38,0,3.5553480614894135
15633877,Morrison,652.0,Spain,42.0,8,95386.82,1.0,1.0,1.0,75732.25,0,3.7612001156935624
15672516,Wall,652.0,Germany,51.0,7,90373.28,2.0,1.0,0.0,179861.79,0,3.9512437185814275
15607827,Nebechukwu,652.0,Germany,34.0,4,133467.77,2.0,1.0,1.0,42976.64,0,3.5553480614894135
15751336,Yao,652.0,Spain,30.0,3,0.0,2.0,0.0,1.0,10486.69,0,3.4339872044851463
15646539,Liao,652.0,France,31.0,3,96288.26,1.0,1.0,0.0,56794.73,0,3.4657359027997265
15756901,Ch'ang,652.0,France,26.0,4,91547.84,2.0,0.0,1.0,28157.34,0,3.295836866004329
15809286,Burke,652.0,Germany,37.0,8,138292.64,2.0,0.0,0.0,152422.91,1,3.6375861597263857
15759021,Kay,652.0,France,35.0,9,0.0,1.0,1.0,0.0,167033.83,0,3.58351893845611
15725039,McIntyre,652.0,Spain,32.0,8,71667.74,1.0,1.0,1.0,126082.18,0,3.4965075614664802
15579130,Chidiegwu,652.0,Germany,43.0,0,118994.84,1.0,1.0,0.0,181499.77,1,3.784189633918261
15754112,Musgrove,652.0,Spain,55.0,7,0.0,2.0,1.0,1.0,41967.03,0,4.02535169073515
15735522,Boulger,652.0,Germany,37.0,2,145610.07,2.0,0.0,0.0,186300.59,0,3.6375861597263857
15613326,Gow,652.0,France,33.0,1,138162.81,1.0,1.0,0.0,85412.54,0,3.5263605246161616
15739502,Amaechi,652.0,Germany,31.0,9,135020.21,2.0,1.0,1.0,23343.18,0,3.4657359027997265
15670914,Robe,652.0,France,38.0,2,0.0,2.0,1.0,0.0,180698.32,0,3.6635616461296463
15604073,Bibi,652.0,Germany,25.0,8,135161.67,1.0,1.0,1.0,136071.05,0,3.258096538021482
15806027,Niu,652.0,France,52.0,9,0.0,1.0,1.0,0.0,175149.2,1,3.970291913552122
15574886,Palerma,652.0,France,32.0,6,94486.47,1.0,1.0,1.0,146949.74,0,3.4965075614664802
15707120,Cocci,652.0,France,46.0,9,117640.39,1.0,1.0,0.0,88920.68,0,3.8501476017100584
15800845,Artemieva,652.0,Spain,33.0,8,111379.55,1.0,1.0,1.0,45098.62,0,3.5263605246161616
15603914,Arcuri,652.0,France,40.0,6,0.0,1.0,1.0,1.0,20339.79,1,3.713572066704308
15722765,Owen,652.0,Spain,57.0,0,136820.99,1.0,0.0,1.0,108528.74,0,4.060443010546419
15783305,Franklin,652.0,France,46.0,7,98752.51,1.0,1.0,0.0,145560.38,0,3.8501476017100584
15574842,Lorenzo,652.0,Germany,25.0,2,158266.42,3.0,1.0,1.0,199357.24,0,3.258096538021482
15607837,Muriel,652.0,France,29.0,4,105599.67,1.0,1.0,1.0,43106.17,0,3.4011973816621555
15714877,MacDevitt,652.0,France,29.0,10,0.0,2.0,1.0,0.0,137508.31,0,3.4011973816621555
15782941,Chijindum,652.0,France,31.0,2,0.0,2.0,1.0,1.0,91957.39,0,3.4657359027997265
15630167,Gibson,652.0,Spain,39.0,4,139723.9,1.0,1.0,1.0,120612.11,0,3.6888794541139363
15759038,Whitehead,652.0,France,41.0,3,141806.46,1.0,1.0,0.0,102921.17,0,3.7376696182833684
15661821,Johnstone,652.0,Germany,49.0,5,132571.67,1.0,1.0,1.0,31686.33,1,3.912023005428146
15728006,Endrizzi,652.0,France,40.0,2,180516.9,1.0,1.0,0.0,180002.42,0,3.713572066704308
15712176,Burke,652.0,France,31.0,8,0.0,2.0,1.0,1.0,28407.4,0,3.4657359027997265
15689351,Johnson,652.0,Germany,41.0,4,92805.72,1.0,0.0,1.0,73743.95,1,3.7376696182833684
15782247,Yeh,652.0,France,22.0,4,0.0,3.0,1.0,1.0,186233.26,1,3.1354942159291497
15769064,Marshall,652.0,Germany,39.0,3,135309.36,1.0,1.0,0.0,31728.86,1,3.6888794541139363
15718153,Kao,652.0,Spain,62.0,6,128917.84,1.0,1.0,1.0,48244.64,0,4.31748811353631
15613189,Browne,652.0,France,52.0,2,56580.93,1.0,1.0,0.0,113266.28,1,3.970291913552122
15661734,Taylor,652.0,Germany,42.0,8,131390.75,2.0,1.0,0.0,71178.09,0,3.7612001156935624
15592645,Gibbons,652.0,Spain,37.0,4,0.0,2.0,0.0,0.0,25684.93,0,3.6375861597263857
15768387,Nott,652.0,France,41.0,8,0.0,2.0,0.0,0.0,29737.14,0,3.7376696182833684
15792525,Lei,652.0,Germany,61.0,1,97361.66,1.0,1.0,1.0,149922.38,1,4.127134385045092
15586976,Alexeeva,652.0,France,42.0,6,0.0,1.0,1.0,0.0,180702.12,1,3.7612001156935624
15790659,Sheets,652.0,Spain,59.0,7,0.0,2.0,0.0,1.0,27597.59,0,4.0943445622221
15691446,Tokaryev,652.0,Spain,29.0,10,0.0,2.0,1.0,1.0,95025.27,0,3.4011973816621555
15772632,Ts'ui,652.0,France,34.0,1,0.0,2.0,1.0,0.0,167035.07,0,3.5553480614894135
15706587,Johnston,652.0,France,57.0,0,0.0,2.0,0.0,1.0,116781.71,0,4.060443010546419
15572461,Kung,652.0,Germany,29.0,4,102714.65,2.0,0.0,0.0,21170.81,0,3.4011973816621555
15654409,Unwin,652.0,France,34.0,5,67816.72,1.0,1.0,1.0,29641.58,0,3.5553480614894135
15568025,Hsueh,652.0,France,51.0,8,81710.46,1.0,1.0,1.0,116520.07,0,3.9512437185814275
15715769,Hao,652.0,France,26.0,2,75237.54,1.0,0.0,1.0,44220.4,0,3.295836866004329
15667458,L?,652.0,Germany,28.0,10,124023.18,1.0,1.0,0.0,166188.28,0,3.367295829986474
15567980,Frater,652.0,Germany,46.0,5,100727.5,1.0,0.0,1.0,140857.76,1,3.8501476017100584
15679294,Brennan,652.0,France,46.0,10,107238.85,2.0,1.0,0.0,37024.28,0,3.8501476017100584
15606507,Pisani,652.0,France,24.0,5,0.0,2.0,1.0,0.0,27513.47,0,3.2188758248682006
15578825,Golubev,652.0,France,29.0,0,139994.66,1.0,1.0,0.0,17744.72,0,3.4011973816621555
15619935,Vanmeter,652.0,Spain,59.0,9,126224.87,1.0,1.0,1.0,4423.63,0,4.0943445622221
15636089,Hs?,652.0,Germany,51.0,1,145751.03,1.0,0.0,0.0,109718.44,1,3.9512437185814275
15727490,Scott,652.0,France,47.0,5,0.0,1.0,0.0,1.0,107243.31,1,3.8712010109078907
15591766,Crawford,652.0,Spain,25.0,4,121166.89,1.0,0.0,1.0,115288.24,0,3.258096538021482
15641629,P'eng,652.0,Spain,38.0,1,0.0,2.0,0.0,1.0,41233.97,0,3.6635616461296463
15813303,Rearick,652.0,Spain,62.0,10,0.0,2.0,1.0,1.0,52952.24,0,4.48863636973214
15756920,Genovesi,652.0,France,62.0,9,70655.48,1.0,0.0,0.0,78955.8,1,4.1588830833596715
15726403,Glenny,652.0,Germany,41.0,1,129901.21,1.0,1.0,0.0,26025.6,1,3.7376696182833684
15592765,Marks,652.0,France,40.0,8,125470.81,1.0,1.0,1.0,174536.17,0,3.713572066704308
15704442,Fleming,652.0,France,53.0,9,169406.33,3.5,1.0,1.0,147311.47,1,3.9889840465642745
15641136,Davison,652.0,France,32.0,2,0.0,2.0,0.0,1.0,77965.44,0,3.4965075614664802
15725818,Chibuzo,652.0,Germany,40.0,4,107041.3,1.0,1.0,1.0,5635.63,0,3.713572066704308
15612071,Wilson,652.0,Spain,32.0,10,95153.77,1.0,0.0,1.0,81310.1,0,3.4965075614664802
15719809,Endrizzi,652.0,Germany,32.0,3,145166.09,2.0,0.0,0.0,111421.45,0,3.4965075614664802
15716518,Yuryeva,652.0,France,27.0,4,0.0,2.0,0.0,0.0,190269.21,0,3.332204510175204
15742210,Ugochukwu,652.0,France,38.0,9,65962.63,1.0,1.0,1.0,100950.48,0,3.6635616461296463
15630617,Lo Duca,652.0,Germany,36.0,6,140418.81,1.0,1.0,1.0,113033.73,1,3.6109179126442243
15720838,Gallo,652.0,Spain,31.0,3,139799.63,1.0,0.0,1.0,120663.57,0,3.4657359027997265
15595537,Trout,652.0,Germany,49.0,9,171787.84,2.0,1.0,0.0,187192.23,0,3.912023005428146
15623196,Morley,652.0,France,38.0,6,149238.97,1.0,1.0,1.0,97825.23,0,3.6635616461296463
15679249,Chou,652.0,Germany,57.0,4,163146.46,1.0,1.0,0.0,169621.69,1,4.060443010546419
15693199,Shao,652.0,France,37.0,8,0.0,2.0,1.0,0.0,191557.1,1,3.6375861597263857
15661219,Trentino,652.0,France,32.0,10,0.0,2.0,1.0,0.0,103287.62,0,3.4965075614664802
15617136,Mazzanti,652.0,Germany,38.0,9,61482.47,1.0,1.0,1.0,167538.66,0,3.6635616461296463
15760294,Endrizzi,652.0,France,41.0,8,145150.28,1.0,1.0,0.0,64869.32,1,3.7376696182833684
15652808,Monaldo,652.0,France,41.0,5,126670.37,1.0,1.0,0.0,102426.06,0,3.7376696182833684
15657139,Otutodilinna,652.0,France,40.0,8,84390.8,2.0,0.0,1.0,107876.2,0,3.713572066704308
15803790,Allen,652.0,Germany,37.0,2,89728.86,2.0,1.0,1.0,37294.88,0,3.6375861597263857
15764105,Milne,652.0,France,57.0,1,0.0,2.0,1.0,0.0,89248.99,0,4.060443010546419
15672610,Somadina,652.0,Spain,40.0,4,118628.8,1.0,0.0,0.0,91973.63,0,3.713572066704308
15766896,Chieloka,652.0,France,37.0,3,0.0,2.0,1.0,0.0,16870.2,0,3.6375861597263857
15587735,Chukwuebuka,652.0,France,39.0,6,96863.13,1.0,1.0,1.0,121681.19,0,3.6888794541139363
15659501,Chioke,652.0,France,38.0,6,142263.45,1.0,0.0,1.0,33730.43,0,3.6635616461296463
15745001,Kovalev,652.0,Spain,36.0,7,0.0,2.0,1.0,0.0,104786.59,0,3.6109179126442243
15651140,Doherty,652.0,France,32.0,3,0.0,1.0,1.0,0.0,94790.34,0,3.4965075614664802
15571148,Baranov,652.0,Spain,21.0,1,0.0,2.0,0.0,0.0,28726.07,0,3.091042453358316
15776824,Rossi,652.0,France,28.0,6,122724.37,1.0,1.0,1.0,67057.27,0,3.367295829986474
15633141,Robinson,652.0,Germany,35.0,4,174902.26,1.0,1.0,0.0,69079.85,0,3.58351893845611
15764174,Bidencope,652.0,Spain,26.0,4,0.0,2.0,1.0,1.0,179780.74,0,3.295836866004329
15778155,T'ien,652.0,Germany,31.0,3,108914.17,1.0,1.0,1.0,183572.39,1,3.4657359027997265
15715920,De Bernales,652.0,Spain,23.0,10,98052.66,1.0,1.0,1.0,142587.32,0,3.1780538303479458
15671917,Wade,652.0,France,46.0,5,123873.19,1.0,1.0,1.0,177844.06,0,3.8501476017100584
15666548,Chung,652.0,Germany,56.0,2,111920.13,3.0,1.0,0.0,197634.11,1,4.04305126783455
15625623,Stevenson,652.0,France,45.0,4,0.0,2.0,0.0,1.0,121053.19,0,3.828641396489095
15748123,Chienezie,652.0,France,20.0,3,0.0,2.0,1.0,1.0,149613.77,0,3.044522437723423
15648735,Cashin,652.0,France,37.0,8,0.0,2.0,1.0,1.0,142.81,0,3.6375861597263857
15634974,Seppelt,652.0,France,37.0,8,75150.34,3.5,0.0,1.0,131766.67,1,3.6375861597263857
15713378,Brownless,652.0,France,38.0,10,0.0,2.0,0.0,0.0,53311.78,0,3.6635616461296463
15753370,McDonald,652.0,Germany,38.0,5,114753.76,1.0,1.0,0.0,107665.02,0,3.6635616461296463
15782659,Mamelu,652.0,France,32.0,0,0.0,1.0,1.0,0.0,109523.88,0,3.4965075614664802
15583364,McGregor,652.0,France,32.0,6,111871.93,1.0,0.0,0.0,112132.86,0,3.4965075614664802
15625942,McDonald,652.0,Spain,45.0,0,0.0,2.0,0.0,0.0,113645.4,0,3.828641396489095
15720284,Crawford,652.0,Germany,37.0,4,135927.06,1.0,0.0,0.0,180890.4,0,3.6375861597263857
15679642,Feng,652.0,Spain,44.0,8,0.0,2.0,1.0,1.0,70974.13,0,3.8066624897703196
15628007,Genovese,652.0,France,33.0,1,0.0,2.0,0.0,0.0,53379.52,0,3.5263605246161616
15661974,Pirozzi,652.0,France,46.0,2,57037.74,1.0,1.0,1.0,158531.01,0,3.8501476017100584
15689341,Gibbs,652.0,France,50.0,10,0.0,3.5,1.0,0.0,179267.94,1,3.9318256327243257
15607993,Milne,652.0,France,52.0,2,79468.96,1.0,1.0,1.0,84606.03,0,3.970291913552122
15693267,Dickson,652.0,Germany,34.0,7,121063.85,1.0,1.0,0.0,56984.58,0,3.5553480614894135
15769522,O'Connor,652.0,France,51.0,1,118537.47,1.0,1.0,1.0,116912.45,0,3.9512437185814275
15755825,McGuirk,652.0,France,39.0,10,0.0,2.0,1.0,0.0,102999.33,0,3.6888794541139363
15598175,Toscani,652.0,Germany,26.0,4,105082.07,2.0,1.0,0.0,132801.57,0,3.295836866004329
15744327,Ruth,652.0,France,40.0,4,0.0,1.0,1.0,0.0,85455.62,1,3.713572066704308
15798666,Hughes,652.0,France,36.0,6,0.0,2.0,1.0,1.0,98657.01,0,3.6109179126442243
15577064,Onyekaozulu,652.0,Germany,36.0,2,104702.65,2.0,1.0,0.0,107948.72,0,3.6109179126442243
15759436,Aksenov,652.0,France,50.0,2,95813.76,3.0,1.0,1.0,67944.09,1,3.9318256327243257
15690231,K'ung,652.0,Spain,62.0,0,167026.61,2.0,1.0,1.0,192892.05,0,4.143134726391533
15751561,Meng,652.0,Germany,61.0,7,102453.26,1.0,1.0,0.0,187247.56,1,4.127134385045092
15739068,Nwoye,652.0,Germany,25.0,4,148045.45,2.0,1.0,1.0,114722.42,0,3.258096538021482
15758056,Calabresi,652.0,France,35.0,1,0.0,2.0,0.0,0.0,111687.57,0,3.58351893845611
15742269,Milano,652.0,France,24.0,1,0.0,2.0,1.0,0.0,184182.25,0,3.2188758248682006
15726490,Kirby,652.0,Spain,52.0,4,0.0,1.0,1.0,1.0,52759.82,1,3.970291913552122
15738411,Ho,652.0,France,34.0,10,104498.79,1.0,0.0,1.0,126451.14,0,3.5553480614894135
15727919,Chukwuemeka,652.0,Spain,29.0,6,0.0,2.0,0.0,0.0,12048.67,0,3.4011973816621555
15709396,Hale,652.0,France,42.0,6,0.0,2.0,1.0,1.0,95804.33,0,3.7612001156935624
15654106,K?,652.0,France,26.0,8,149542.52,2.0,0.0,1.0,197911.52,0,3.295836866004329
15621653,Rice,652.0,France,29.0,10,87946.39,1.0,1.0,1.0,182531.74,0,3.4011973816621555
15598086,Brown,652.0,France,45.0,3,68639.57,1.0,1.0,0.0,168002.31,1,3.828641396489095
15752300,Sagese,652.0,Germany,47.0,4,148826.32,1.0,1.0,1.0,79450.61,0,3.8712010109078907
15658693,Aksyonova,652.0,France,60.0,2,0.0,2.0,0.0,1.0,60615.83,0,4.110873864173311
15631838,Findlay,652.0,France,61.0,5,108166.09,2.0,0.0,1.0,8643.21,0,4.127134385045092
15803804,Walker,652.0,Germany,35.0,5,103214.71,1.0,1.0,0.0,172172.7,0,3.58351893845611
15578809,Hao,652.0,Germany,40.0,1,134760.21,2.0,0.0,0.0,174434.06,1,3.713572066704308
15752026,Hammer,652.0,France,58.0,3,0.0,1.0,0.0,1.0,194930.3,1,4.07753744390572
15723706,Abbott,652.0,France,33.0,0,90124.64,1.0,1.0,0.0,137476.71,0,3.5263605246161616
15752838,Lucas,652.0,Spain,38.0,6,0.0,2.0,1.0,1.0,94415.6,0,3.6635616461296463
15569571,Davydova,652.0,Germany,46.0,6,87361.02,2.0,1.0,0.0,120376.87,1,3.8501476017100584
15769703,West,652.0,Germany,45.0,8,111257.59,1.0,0.0,0.0,97623.42,1,3.828641396489095
15679770,Smith,652.0,France,61.0,3,131583.59,3.5,0.0,1.0,66238.23,1,4.127134385045092
15791102,Mai,652.0,Germany,41.0,9,95020.8,3.0,1.0,1.0,131710.59,1,3.7376696182833684
15655192,Fiorentino,652.0,Spain,24.0,1,0.0,2.0,0.0,1.0,69052.87,0,3.2188758248682006
15709487,Freeman,652.0,Germany,34.0,5,80242.37,2.0,0.0,0.0,56780.97,0,3.5553480614894135
15687130,Nkemjika,652.0,France,43.0,0,0.0,1.0,1.0,1.0,170072.9,0,3.784189633918261
15755178,Ramos,652.0,France,50.0,1,0.0,3.0,1.0,1.0,191849.15,1,3.9318256327243257
15634772,Mario,652.0,Spain,59.0,0,122661.39,1.0,0.0,1.0,84803.76,0,4.0943445622221
15617197,Chien,652.0,France,50.0,4,0.0,2.0,1.0,1.0,31840.59,1,3.9318256327243257
15631240,Dubinina,652.0,France,36.0,8,0.0,2.0,1.0,1.0,12096.61,1,3.6109179126442243
15784301,Wang,652.0,France,42.0,0,0.0,2.0,1.0,0.0,44165.84,0,3.7612001156935624
15631310,Hsieh,652.0,France,53.0,3,0.0,1.0,1.0,1.0,91406.62,0,3.9889840465642745
15756560,Moran,652.0,Spain,46.0,7,81742.84,2.0,1.0,0.0,83282.21,0,3.8501476017100584
15732270,Hung,652.0,Spain,62.0,8,0.0,1.0,1.0,1.0,198446.91,1,4.276666119016055
15739357,Moss,652.0,Spain,30.0,2,145127.85,1.0,0.0,0.0,7554.68,0,3.4339872044851463
15771540,Fedorova,652.0,France,38.0,9,148912.44,1.0,1.0,0.0,80416.16,0,3.6635616461296463
15567486,Li,652.0,Spain,41.0,4,0.0,2.0,1.0,1.0,164549.74,0,3.7376696182833684
15714634,Nebechi,652.0,France,26.0,4,89900.24,2.0,1.0,0.0,175477.03,0,3.295836866004329
15727021,Obialo,652.0,Germany,30.0,8,119027.28,2.0,1.0,1.0,137903.54,0,3.4339872044851463
15650670,Bateson,652.0,Germany,40.0,2,105222.86,2.0,1.0,0.0,93795.86,0,3.713572066704308
15711834,Long,652.0,Spain,30.0,6,0.0,1.0,0.0,0.0,67997.13,1,3.4339872044851463
15729763,Nelson,652.0,Spain,34.0,1,116114.93,1.0,1.0,1.0,49492.15,0,3.5553480614894135
15646566,Bell,652.0,France,58.0,9,187911.55,1.0,0.0,1.0,35825.18,0,4.07753744390572
15645463,Udinese,652.0,France,27.0,5,0.0,2.0,1.0,1.0,67494.23,0,3.332204510175204
15672144,Mao,652.0,France,38.0,6,144432.04,1.0,1.0,1.0,73963.17,1,3.6635616461296463
15596088,Fanucci,652.0,France,50.0,4,77065.9,2.0,0.0,1.0,145159.26,0,3.9318256327243257
15614878,Yeh,652.0,Germany,29.0,6,180520.29,1.0,1.0,1.0,123850.58,0,3.4011973816621555
15635240,Onuoha,652.0,France,42.0,1,0.0,2.0,0.0,0.0,23822.04,0,3.7612001156935624
15775905,Moore,652.0,Germany,47.0,6,130024.87,1.0,1.0,1.0,45750.21,1,3.8712010109078907
15700657,Thornton,652.0,Germany,40.0,2,110086.69,1.0,1.0,0.0,159773.14,0,3.713572066704308
15611905,Warlow-Davies,652.0,Spain,31.0,5,174853.46,1.0,1.0,0.0,84238.63,0,3.4657359027997265
15652527,Champion,652.0,France,44.0,7,108724.98,1.0,0.0,1.0,72330.46,0,3.8066624897703196
15785865,Mazzanti,652.0,France,58.0,9,91285.13,2.0,1.0,1.0,26767.85,0,4.07753744390572
15645942,Macleod,652.0,Spain,40.0,2,0.0,2.0,1.0,1.0,164768.82,0,3.713572066704308
15688691,Lei,652.0,Germany,51.0,9,110610.41,2.0,0.0,1.0,1112.76,1,3.9512437185814275
15592736,Lucchese,652.0,Germany,54.0,5,102994.04,1.0,1.0,0.0,176680.16,1,4.007333185232471
15673529,Lombardo,652.0,Spain,36.0,4,59893.85,2.0,1.0,0.0,43999.64,0,3.6109179126442243
15724145,William,652.0,Germany,29.0,8,149318.55,1.0,1.0,0.0,140746.13,0,3.4011973816621555
15704629,Wright,652.0,France,32.0,1,116409.55,1.0,0.0,1.0,152790.92,0,3.4965075614664802
15597896,Ozoemena,652.0,Germany,30.0,0,127760.07,1.0,1.0,0.0,81537.85,1,3.4339872044851463
15731790,Boyle,652.0,Germany,38.0,6,132591.36,1.0,1.0,1.0,7387.8,1,3.6635616461296463
15634719,Chinwendu,652.0,France,31.0,0,0.0,2.0,1.0,0.0,183038.33,0,3.4657359027997265
15703205,Uwaezuoke,652.0,France,46.0,5,113402.14,2.0,1.0,1.0,138849.06,0,3.8501476017100584
15567333,Archambault,652.0,France,31.0,7,0.0,2.0,1.0,0.0,170333.38,0,3.4657359027997265
15754537,Ko,652.0,France,40.0,0,0.0,1.0,0.0,0.0,60416.76,0,3.713572066704308
15612030,Udegbulam,652.0,France,28.0,9,0.0,2.0,1.0,1.0,100240.2,0,3.367295829986474
15573242,Greene,652.0,France,50.0,6,136953.47,1.0,1.0,1.0,2704.98,0,3.9318256327243257
15601892,Hunter,652.0,France,33.0,8,0.0,2.0,0.0,1.0,68815.05,0,3.5263605246161616
15663885,Blinova,652.0,France,32.0,5,0.0,1.0,1.0,1.0,64839.23,0,3.4965075614664802
15701096,De Garis,652.0,France,44.0,8,123863.64,1.0,1.0,0.0,144494.94,0,3.8066624897703196
15710450,Okwudiliolisa,652.0,Spain,22.0,7,120811.89,1.0,1.0,1.0,185510.34,0,3.1354942159291497
15790846,Ts'ai,652.0,Germany,38.0,2,148430.55,1.0,1.0,1.0,56055.72,0,3.6635616461296463
15658956,Tuan,652.0,Germany,40.0,6,47869.69,2.0,1.0,1.0,155061.97,0,3.713572066704308
15755223,Tseng,652.0,Germany,53.0,7,150926.99,2.0,0.0,0.0,119817.19,0,3.9889840465642745
15787318,Holmwood,652.0,Germany,47.0,6,103163.35,1.0,1.0,0.0,16259.64,1,3.8712010109078907
15737310,Thompson,652.0,France,29.0,10,130206.28,1.0,1.0,0.0,184654.87,0,3.4011973816621555
15763665,Y?,652.0,France,28.0,4,136674.51,2.0,0.0,0.0,5278.78,0,3.367295829986474
15668818,Chidubem,652.0,Spain,40.0,2,200322.45,1.0,1.0,1.0,113244.73,0,3.713572066704308
15765812,Trevisani,652.0,Spain,48.0,1,0.0,2.0,1.0,1.0,8908.0,0,3.8918202981106265
15704844,Hsiung,652.0,Spain,62.0,7,80927.56,1.0,0.0,1.0,64490.67,0,4.143134726391533
15744582,Randall,652.0,France,24.0,10,0.0,3.0,1.0,0.0,154971.63,1,3.2188758248682006
15616700,Leach,652.0,Spain,41.0,9,0.0,2.0,1.0,1.0,155786.39,0,3.7376696182833684
15683521,Godfrey,652.0,Germany,28.0,0,142574.71,2.0,1.0,0.0,129084.82,0,3.367295829986474
15583049,Wallace,652.0,Germany,34.0,7,160426.07,1.0,0.0,1.0,188533.11,0,3.5553480614894135
15643752,Wei,652.0,France,25.0,5,116160.23,1.0,1.0,0.0,13411.67,0,3.258096538021482
15620398,Mitchell,652.0,Spain,34.0,5,98683.47,2.0,1.0,0.0,15733.19,0,3.5553480614894135
15715707,Light,652.0,France,32.0,3,118829.03,2.0,1.0,1.0,73127.61,0,3.4965075614664802
15814209,Capon,652.0,France,31.0,1,118870.92,1.0,1.0,0.0,101704.19,0,3.4657359027997265
15733768,Hou,652.0,France,32.0,1,0.0,1.0,1.0,1.0,101986.16,0,3.4965075614664802
15755242,Rowe,652.0,France,46.0,2,0.0,1.0,1.0,1.0,114442.66,0,3.8501476017100584
15729412,Holloway,652.0,France,38.0,4,107192.38,1.0,1.0,1.0,15669.17,0,3.6635616461296463
15746564,O'Sullivan,652.0,France,42.0,3,108010.78,1.0,1.0,1.0,157486.1,0,3.7612001156935624
15588446,Udinesi,652.0,Spain,34.0,3,0.0,2.0,0.0,0.0,131281.28,0,3.5553480614894135
15665221,Nwebube,652.0,France,26.0,7,129837.72,2.0,0.0,1.0,197001.15,0,3.295836866004329
15640846,Chibueze,652.0,Germany,58.0,3,106458.31,3.5,1.0,0.0,128881.87,1,4.07753744390572
15700209,Walker,652.0,France,62.0,9,97009.15,1.0,1.0,1.0,85101.0,0,4.1588830833596715
15658360,Gregory,652.0,Spain,35.0,9,122929.42,2.0,0.0,0.0,149822.04,0,3.58351893845611
15602735,Kuo,652.0,Germany,45.0,6,152296.83,3.5,0.0,1.0,108040.86,1,3.828641396489095
15724834,Wilson,652.0,France,30.0,1,0.0,2.0,0.0,0.0,135795.53,0,3.4339872044851463
15800062,Lanford,652.0,Spain,49.0,8,0.0,1.0,0.0,0.0,25867.67,1,3.912023005428146
15685300,Meng,652.0,France,35.0,6,128993.76,2.0,1.0,0.0,130483.56,0,3.58351893845611
15760102,Yeh,652.0,France,36.0,5,0.0,1.0,1.0,0.0,183479.12,0,3.6109179126442243
15787026,Onwuatuegwu,652.0,Germany,27.0,0,185267.45,2.0,1.0,1.0,77027.34,0,3.332204510175204
15653696,Goliwe,652.0,France,28.0,9,0.0,2.0,0.0,0.0,94141.75,0,3.367295829986474
15788946,Anthony,652.0,Spain,29.0,3,116805.82,1.0,0.0,0.0,4092.75,0,3.4011973816621555
15600724,Scott,652.0,Germany,29.0,5,129750.68,1.0,1.0,0.0,109257.59,0,3.4011973816621555
15574324,Genovese,652.0,Germany,29.0,2,129177.01,2.0,0.0,1.0,104617.99,0,3.4011973816621555
15707144,Onyeorulu,652.0,Germany,25.0,6,82506.72,2.0,1.0,0.0,167705.07,0,3.258096538021482
15775891,Myers,652.0,Germany,48.0,2,107247.69,1.0,1.0,1.0,103712.05,1,3.8918202981106265
15711789,Davey,652.0,Spain,42.0,3,0.0,1.0,0.0,0.0,161242.99,1,3.7612001156935624
15600879,Parsons,652.0,Germany,36.0,3,157780.93,2.0,1.0,0.0,6089.13,0,3.6109179126442243
15681196,Chikere,652.0,France,35.0,1,172170.36,1.0,1.0,1.0,159777.37,0,3.58351893845611
15716000,Hs?eh,652.0,Spain,48.0,2,0.0,2.0,1.0,1.0,7919.08,0,3.8918202981106265
15766776,Sal,652.0,France,41.0,1,0.0,1.0,1.0,1.0,188274.6,0,3.7376696182833684
15680278,Ts'ai,652.0,Spain,42.0,9,75361.44,1.0,1.0,0.0,27608.12,1,3.7612001156935624
15688637,Witt,652.0,France,27.0,4,0.0,2.0,1.0,1.0,183569.25,0,3.332204510175204
15591179,Skelton,652.0,Spain,30.0,2,0.0,2.0,1.0,1.0,145537.32,0,3.4339872044851463
15677435,Kazantseva,652.0,France,29.0,0,98263.46,2.0,1.0,0.0,164717.95,0,3.4011973816621555
15698619,Bowhay,652.0,France,43.0,9,0.0,2.0,1.0,1.0,76357.43,0,3.784189633918261
15581036,Beyer,652.0,Germany,40.0,3,109308.79,2.0,1.0,0.0,120158.72,1,3.713572066704308
15622117,Fries,652.0,Spain,31.0,8,0.0,2.0,1.0,0.0,151843.54,0,3.4657359027997265
15599301,Tao,652.0,Germany,28.0,6,164365.44,1.0,0.0,1.0,5698.97,0,3.367295829986474
15581548,Kaodilinakachukwu,652.0,Spain,22.0,5,98800.0,1.0,1.0,0.0,122865.55,0,3.1354942159291497
15586870,Ni,652.0,France,27.0,4,193125.85,1.0,1.0,1.0,152665.85,0,3.332204510175204
15735263,Hsueh,652.0,France,27.0,5,51522.75,1.0,0.0,1.0,192131.77,0,3.332204510175204
15765322,Connely,652.0,France,23.0,5,84284.48,2.0,1.0,1.0,62851.6,0,3.1780538303479458
15582944,Becker,652.0,Spain,39.0,5,0.0,2.0,1.0,0.0,140941.47,0,3.6888794541139363
15687162,Clayton,652.0,France,51.0,9,119889.84,1.0,0.0,0.0,56767.67,1,3.9512437185814275
15644962,Connolly,652.0,France,21.0,4,137910.45,1.0,1.0,1.0,177235.23,0,3.091042453358316
15612615,Graham,652.0,France,37.0,6,0.0,2.0,1.0,0.0,86242.18,0,3.6375861597263857
15813439,Ch'ien,652.0,France,33.0,5,100116.82,1.0,1.0,0.0,34215.58,0,3.5263605246161616
15604544,Manfrin,652.0,Germany,40.0,4,166082.15,2.0,0.0,1.0,44406.17,0,3.713572066704308
15761348,Kuo,652.0,France,38.0,0,0.0,2.0,1.0,0.0,165196.65,0,3.6635616461296463
15785078,Fomin,652.0,Spain,26.0,3,0.0,1.0,1.0,0.0,34542.41,0,3.295836866004329
15759874,Chamberlain,652.0,France,44.0,3,148595.55,1.0,1.0,0.0,74838.64,1,3.8066624897703196
15643658,Barber,652.0,Germany,53.0,2,94078.97,2.0,1.0,0.0,36980.54,0,3.9889840465642745
15713267,Zimmer,652.0,Spain,34.0,5,0.0,2.0,0.0,1.0,111676.63,0,3.5553480614894135
15737782,Brazenor,652.0,France,29.0,9,0.0,1.0,1.0,1.0,25858.68,0,3.4011973816621555
15815490,Cocci,652.0,Germany,40.0,2,164948.98,3.0,0.0,0.0,177028.0,1,3.713572066704308
15679410,Caldwell,652.0,France,62.0,4,140549.4,1.0,1.0,0.0,30990.16,1,4.143134726391533
15756241,Yirawala,652.0,France,44.0,2,152509.25,1.0,1.0,1.0,136915.15,0,3.8066624897703196
15688409,Donaldson,652.0,France,28.0,2,191864.51,1.0,1.0,0.0,108457.99,1,3.367295829986474
15742272,Ozerova,652.0,France,44.0,8,96418.09,1.0,0.0,0.0,131609.48,1,3.8066624897703196
15717898,Bruce,652.0,Spain,32.0,2,131945.94,1.0,0.0,1.0,159737.56,0,3.4965075614664802
15769582,Kang,652.0,France,29.0,3,0.0,2.0,1.0,1.0,142238.54,0,3.4011973816621555
15635660,Rossi,652.0,Germany,30.0,9,142910.15,1.0,1.0,0.0,105890.55,1,3.4339872044851463
15576723,Ts'ai,652.0,France,37.0,7,0.0,2.0,1.0,1.0,194270.91,0,3.6375861597263857
15591577,Moran,652.0,France,35.0,3,146311.58,1.0,1.0,1.0,105443.47,0,3.58351893845611
15582325,Jennings,652.0,France,52.0,2,87894.26,1.0,1.0,0.0,173899.42,1,3.970291913552122
15693947,Tokareva,652.0,France,19.0,5,97445.49,2.0,1.0,0.0,122823.34,0,2.995732273553991
15760446,Pagnotto,652.0,France,62.0,9,0.0,1.0,0.0,1.0,13181.37,1,4.174387269895637
15611105,Castella,652.0,Spain,35.0,7,0.0,2.0,0.0,1.0,140780.8,0,3.58351893845611
15630920,Du Cane,652.0,France,34.0,2,154485.74,2.0,0.0,0.0,78560.64,0,3.5553480614894135
15574910,Ferguson,652.0,France,50.0,2,115625.07,1.0,1.0,0.0,185855.21,0,3.9318256327243257
15756472,Odinakachukwu,652.0,France,25.0,7,108396.67,1.0,1.0,0.0,128276.95,0,3.258096538021482
15682890,Woronoff,652.0,Germany,38.0,5,65095.41,2.0,1.0,1.0,140197.42,0,3.6635616461296463
15641994,Meng,652.0,Germany,43.0,1,103018.45,1.0,1.0,0.0,32462.39,1,3.784189633918261
15733297,Sinclair,652.0,France,38.0,10,84764.79,1.0,1.0,1.0,162253.9,0,3.6635616461296463
15767793,Hsu,652.0,France,38.0,10,0.0,2.0,1.0,0.0,30498.7,0,3.6635616461296463
15725698,Panicucci,652.0,Spain,35.0,4,115680.81,1.0,1.0,1.0,90280.7,0,3.58351893845611
15813532,Burns,652.0,France,39.0,5,0.0,2.0,1.0,0.0,32615.21,0,3.6888794541139363
15576760,Onodugoadiegbemma,652.0,Germany,36.0,5,73088.06,2.0,0.0,0.0,196142.26,0,3.6109179126442243
15732102,Darling,652.0,Germany,27.0,3,150905.03,2.0,1.0,0.0,16998.72,0,3.332204510175204
15739046,Maggard,652.0,Spain,23.0,9,143054.85,1.0,0.0,1.0,62980.96,0,3.1780538303479458
15631927,Thomas,652.0,Spain,28.0,7,0.0,2.0,0.0,0.0,185660.3,0,3.367295829986474
15672115,Lettiere,652.0,France,60.0,6,0.0,2.0,1.0,1.0,77331.77,0,4.110873864173311
15618765,Ponomaryov,652.0,Germany,42.0,0,99948.45,1.0,0.0,1.0,97338.62,0,3.7612001156935624
15679148,Oliver,652.0,France,44.0,3,115451.05,2.0,0.0,0.0,67234.33,0,3.8066624897703196
15728474,Chienezie,652.0,Germany,32.0,4,108235.91,1.0,1.0,1.0,143783.28,0,3.4965075614664802
15636999,Mao,652.0,France,38.0,8,0.0,1.0,0.0,1.0,77661.12,1,3.6635616461296463
15754261,Ho,652.0,Spain,42.0,2,98795.61,2.0,1.0,0.0,89123.99,0,3.7612001156935624
15629150,Lucchese,652.0,France,37.0,1,0.0,2.0,1.0,0.0,70810.8,0,3.6375861597263857
15736274,Prokhorova,652.0,France,31.0,8,0.0,2.0,0.0,0.0,17550.49,0,3.4657359027997265
15627697,Alekseyeva,652.0,France,34.0,2,0.0,2.0,0.0,1.0,21497.27,0,3.5553480614894135
15721585,Blacklock,652.0,Germany,29.0,3,113146.98,2.0,0.0,1.0,124749.08,0,3.4011973816621555
15639946,Sazonova,652.0,Germany,39.0,8,162532.14,3.0,1.0,0.0,36051.46,1,3.6888794541139363
15792176,Henty,652.0,Spain,40.0,0,92053.44,1.0,1.0,1.0,143681.83,0,3.713572066704308
15699450,Li,652.0,France,48.0,7,0.0,2.0,1.0,1.0,150694.58,0,3.8918202981106265
15729954,Azuka,652.0,France,28.0,5,0.0,3.0,1.0,0.0,170487.4,1,3.367295829986474
15600103,Alexander,652.0,Germany,29.0,8,104944.1,1.0,1.0,1.0,97684.46,0,3.4011973816621555
15786200,Brock,652.0,France,31.0,4,0.0,2.0,1.0,0.0,53520.03,0,3.4657359027997265
15797010,Shen,652.0,France,31.0,2,0.0,2.0,1.0,0.0,15200.61,0,3.4657359027997265
15670172,Padovesi,652.0,France,30.0,4,107879.04,1.0,0.0,1.0,196894.62,0,3.4339872044851463
15627352,Bulgakov,652.0,Germany,46.0,7,110356.42,1.0,1.0,0.0,4969.13,1,3.8501476017100584
15622494,Mazzanti,652.0,France,27.0,2,0.0,2.0,0.0,0.0,26229.24,0,3.332204510175204
15585835,Lord,652.0,Spain,34.0,4,109783.69,2.0,1.0,0.0,134034.32,0,3.5553480614894135
15595071,Ramos,652.0,France,22.0,9,149777.0,1.0,1.0,1.0,198032.93,0,3.1354942159291497
15628203,Pai,652.0,France,38.0,3,104339.56,1.0,0.0,0.0,119882.86,0,3.6635616461296463
15667190,Yuan,652.0,Spain,21.0,1,85818.18,1.0,1.0,1.0,133102.3,0,3.091042453358316
15780212,Mao,652.0,France,37.0,4,212692.97,1.0,0.0,0.0,176395.02,0,3.6375861597263857
15766869,Uspenskaya,652.0,Germany,37.0,1,89696.84,2.0,1.0,1.0,193179.88,0,3.6375861597263857
15775741,Powell,652.0,France,28.0,9,0.0,2.0,1.0,1.0,125062.02,0,3.367295829986474
15628170,Brown,652.0,Germany,32.0,9,68067.24,1.0,1.0,0.0,143287.58,0,3.4965075614664802
15701318,Poole,652.0,Spain,62.0,9,148564.66,1.0,0.0,1.0,87236.4,0,4.219507705176107
15710928,McChesney,652.0,France,55.0,8,136354.16,1.0,1.0,1.0,93769.89,0,4.02535169073515
15682547,Lucchese,652.0,France,38.0,1,122214.0,1.0,0.0,1.0,88965.46,0,3.6635616461296463
15631170,Clements,652.0,France,45.0,3,0.0,2.0,1.0,1.0,30793.61,0,3.828641396489095
15648702,Yuriev,652.0,Germany,62.0,6,119684.88,2.0,1.0,1.0,74532.02,0,4.2626798770413155
15783444,Endrizzi,652.0,France,39.0,3,135139.33,1.0,0.0,1.0,113086.08,0,3.6888794541139363
15809178,Pan,652.0,Germany,42.0,9,146100.75,1.0,1.0,0.0,32574.01,1,3.7612001156935624
15806688,Manfrin,652.0,Spain,56.0,8,123110.9,3.0,0.0,1.0,130113.78,1,4.04305126783455
15576824,Kennedy,652.0,Germany,44.0,3,111760.4,3.0,1.0,1.0,104722.47,1,3.8066624897703196
15675422,Conway,652.0,France,32.0,9,110728.39,1.0,1.0,1.0,14559.62,0,3.4965075614664802
15681550,Lablanc,652.0,France,41.0,8,121558.46,1.0,1.0,1.0,598.8,0,3.7376696182833684
15812628,Dodd,652.0,Germany,38.0,8,120623.21,1.0,1.0,0.0,129697.99,0,3.6635616461296463
15597951,Muir,652.0,France,58.0,4,114713.57,1.0,1.0,1.0,36315.03,0,4.07753744390572
15807045,Milanesi,652.0,Germany,37.0,3,103457.76,1.0,0.0,0.0,1114.12,0,3.6375861597263857
15581748,Shen,652.0,Germany,57.0,2,101134.87,2.0,1.0,1.0,70954.41,0,4.060443010546419
15770420,Dillon,652.0,Germany,46.0,10,78136.36,2.0,1.0,1.0,73470.98,0,3.8501476017100584
15608230,Hoelscher,652.0,France,23.0,1,0.0,2.0,1.0,0.0,91573.19,0,3.1780538303479458
15730339,Bell,652.0,Spain,30.0,3,133446.34,1.0,0.0,0.0,3154.95,0,3.4339872044851463
15712584,Liao,652.0,France,33.0,7,0.0,2.0,1.0,1.0,88187.81,0,3.5263605246161616
15592816,Udokamma,652.0,Germany,48.0,1,108076.33,1.0,1.0,0.0,118855.26,1,3.8918202981106265
15641480,Sinnett,652.0,France,32.0,5,131354.25,1.0,1.0,0.0,125256.53,0,3.4965075614664802
15708505,Palerma,652.0,Germany,37.0,7,62974.64,2.0,0.0,1.0,39016.43,0,3.6375861597263857
15791131,Chimaijem,652.0,Germany,30.0,2,143340.44,1.0,1.0,0.0,145796.49,0,3.4339872044851463
15618225,Porter,652.0,Germany,36.0,8,116993.43,2.0,1.0,0.0,168816.22,0,3.6109179126442243
15644724,Fan,652.0,France,31.0,4,58662.92,2.0,0.0,1.0,73322.0,0,3.4657359027997265
15662098,Palmer,652.0,Spain,41.0,3,128808.65,3.0,0.0,0.0,113677.53,1,3.7376696182833684
15723894,Younger,652.0,France,45.0,7,137555.44,1.0,0.0,0.0,124607.7,0,3.828641396489095
15787699,Burke,652.0,Germany,34.0,4,142393.11,1.0,1.0,1.0,11276.48,0,3.5553480614894135
15687738,Nwagugheuzo,652.0,France,38.0,8,0.0,2.0,1.0,0.0,136620.64,0,3.6635616461296463
15576126,Young,652.0,France,41.0,2,125785.23,1.0,1.0,1.0,70523.92,0,3.7376696182833684
15658889,Watson,652.0,France,22.0,4,136444.25,1.0,1.0,0.0,51980.25,1,3.1354942159291497
15667046,Tseng,652.0,Spain,38.0,7,121527.4,1.0,1.0,0.0,113481.02,0,3.6635616461296463
15669957,Drake,652.0,Germany,52.0,9,144696.75,1.0,1.0,1.0,49025.79,0,3.970291913552122
15655794,Hanna,652.0,France,36.0,8,0.0,2.0,1.0,1.0,145937.99,0,3.6109179126442243
15599829,Padovesi,652.0,France,35.0,10,0.0,2.0,1.0,1.0,25161.61,0,3.58351893845611
15753332,Loftus,652.0,Germany,48.0,8,128140.17,1.0,1.0,0.0,175753.55,1,3.8918202981106265
15671124,Buccho,652.0,France,25.0,6,120383.41,1.0,1.0,1.0,24903.09,0,3.258096538021482
15767474,Lorenzo,652.0,France,57.0,9,0.0,3.0,1.0,1.0,169719.35,1,4.060443010546419
15720671,Ibezimako,652.0,France,42.0,8,129735.3,2.0,1.0,1.0,179565.57,0,3.7612001156935624
15626787,Wei,652.0,Spain,31.0,8,185078.26,1.0,0.0,0.0,115337.74,1,3.4657359027997265
15774491,Ross,652.0,France,28.0,6,0.0,2.0,0.0,0.0,48131.92,0,3.367295829986474
15579647,Oluchukwu,652.0,France,42.0,0,0.0,1.0,1.0,1.0,160828.98,0,3.7612001156935624
15625522,Walker,652.0,Spain,31.0,7,0.0,2.0,0.0,1.0,145151.96,0,3.4657359027997265
15765806,Wu,652.0,France,29.0,1,144591.96,1.0,1.0,1.0,196293.76,0,3.4011973816621555
15566708,Chidalu,652.0,France,45.0,4,0.0,2.0,1.0,0.0,161653.5,1,3.828641396489095
15668347,Ingram,652.0,France,36.0,6,0.0,2.0,0.0,0.0,84635.64,0,3.6109179126442243
15575214,Ch'en,652.0,France,37.0,7,0.0,1.0,1.0,0.0,159486.76,0,3.6375861597263857
15591123,Iredale,652.0,Germany,62.0,2,100194.44,1.0,1.0,1.0,38596.34,0,4.23410650459726
15573280,Gallagher,652.0,Germany,50.0,6,145295.31,2.0,1.0,1.0,27814.74,0,3.9318256327243257
15589018,Padilla,652.0,Germany,28.0,3,106070.29,2.0,1.0,1.0,183893.31,0,3.367295829986474
15654495,Potter,652.0,Germany,47.0,6,120621.89,1.0,1.0,1.0,140803.7,0,3.8712010109078907
15597265,Mao,652.0,France,38.0,7,0.0,2.0,0.0,1.0,146585.53,0,3.6635616461296463
15733876,Schneider,652.0,France,36.0,9,0.0,2.0,1.0,1.0,40062.29,0,3.6109179126442243
15677217,Ibragimova,652.0,France,30.0,1,0.0,1.0,1.0,1.0,181300.32,0,3.4339872044851463
15747265,Huang,652.0,Germany,27.0,10,171283.91,1.0,1.0,1.0,84136.12,0,3.332204510175204
15713379,Anderson,652.0,France,26.0,4,0.0,2.0,1.0,1.0,197594.34,0,3.295836866004329
15730433,Nakayama,652.0,Germany,38.0,1,128218.47,1.0,1.0,0.0,125953.83,1,3.6635616461296463
15693347,Gardener,652.0,France,32.0,5,0.0,2.0,1.0,1.0,75465.41,0,3.4965075614664802
15715465,Aksenova,652.0,Germany,28.0,7,77776.39,1.0,1.0,0.0,177737.07,0,3.367295829986474
15680736,Milne,652.0,Germany,62.0,6,124978.19,2.0,1.0,1.0,7144.46,0,4.290459441148391
15610765,Onwumelu,652.0,France,29.0,1,0.0,2.0,0.0,0.0,155639.76,0,3.4011973816621555
15650034,Kudryashova,652.0,France,28.0,1,0.0,1.0,1.0,1.0,162428.05,0,3.367295829986474
15782468,Hart,652.0,Spain,51.0,3,109799.55,2.0,1.0,1.0,12457.76,1,3.9512437185814275
15685109,Teng,652.0,France,39.0,7,0.0,2.0,0.0,0.0,14917.09,0,3.6888794541139363
15776233,Kruglova,652.0,Germany,61.0,8,125397.21,1.0,1.0,0.0,182184.09,1,4.127134385045092
15761141,Palerma,652.0,Spain,62.0,10,0.0,2.0,1.0,1.0,129984.2,0,4.276666119016055
15781702,Brookes,652.0,Germany,38.0,9,111347.37,2.0,0.0,1.0,194872.97,0,3.6635616461296463
15790235,Hsing,652.0,Spain,40.0,8,104291.41,2.0,1.0,1.0,117507.11,0,3.713572066704308
15641416,Shaffer,652.0,Germany,61.0,9,94867.18,2.0,1.0,1.0,157527.6,1,4.127134385045092
15775234,Laurie,652.0,France,24.0,8,0.0,2.0,0.0,0.0,92612.88,0,3.2188758248682006
15659475,Chung,652.0,France,33.0,6,135703.59,2.0,0.0,0.0,74850.84,0,3.5263605246161616
15642202,Whitfield,652.0,Germany,37.0,5,106453.53,2.0,0.0,1.0,127413.0,0,3.6375861597263857
15771417,Thomas,652.0,France,43.0,7,132412.38,1.0,0.0,0.0,69584.3,1,3.784189633918261
15585100,Rioux,652.0,Germany,40.0,9,124401.6,1.0,1.0,0.0,198814.24,1,3.713572066704308
15700487,Osonduagwuike,652.0,France,46.0,6,118022.06,3.0,1.0,0.0,162643.15,1,3.8501476017100584
15726589,Matveyev,652.0,Germany,39.0,1,82531.11,1.0,1.0,0.0,114092.52,0,3.6888794541139363
15747503,Hayward,652.0,Spain,44.0,0,184552.12,1.0,1.0,0.0,68860.3,1,3.8066624897703196
15595883,Nkemdirim,652.0,Germany,39.0,4,127278.31,1.0,1.0,1.0,16150.34,0,3.6888794541139363
15663826,Brim,652.0,Spain,62.0,3,0.0,1.0,1.0,1.0,115227.02,0,4.204692619390966
15742820,Trevisano,652.0,France,45.0,2,0.0,2.0,0.0,1.0,170621.55,0,3.828641396489095
15624793,Soubeiran,652.0,Germany,23.0,5,184244.86,1.0,1.0,0.0,103099.22,0,3.1780538303479458
15597930,Wilson,652.0,France,52.0,8,59669.43,1.0,0.0,0.0,172495.81,1,3.970291913552122
15665110,Helena,652.0,France,25.0,7,79543.59,1.0,0.0,1.0,38772.82,0,3.258096538021482
15770719,Duncan,652.0,France,39.0,6,151553.19,1.0,1.0,1.0,44946.29,0,3.6888794541139363
15731327,Hale,652.0,Germany,27.0,2,166527.88,2.0,0.0,1.0,146007.7,0,3.332204510175204
15576044,Macdonald,652.0,Germany,28.0,6,150329.15,1.0,1.0,0.0,145558.42,0,3.367295829986474
15775662,McKay,652.0,France,43.0,8,121911.59,1.0,1.0,0.0,193312.33,0,3.784189633918261
15646817,Chiekwugo,652.0,France,51.0,9,156773.78,2.0,1.0,0.0,40257.79,0,3.9512437185814275
15596060,Skinner,652.0,Spain,29.0,8,127864.26,1.0,1.0,1.0,46677.9,0,3.4011973816621555
15723299,Sorokina,652.0,France,53.0,4,113709.28,1.0,1.0,1.0,153887.93,1,3.9889840465642745
15636982,Weller,652.0,Germany,43.0,7,79974.55,1.0,1.0,1.0,103108.33,0,3.784189633918261
15751175,Bess,652.0,France,44.0,2,0.0,2.0,1.0,1.0,58652.23,0,3.8066624897703196
15618936,MacDonald,652.0,France,51.0,5,0.0,1.0,1.0,0.0,91624.11,1,3.9512437185814275
15787529,Gray,652.0,Spain,38.0,0,0.0,1.0,1.0,0.0,65986.48,1,3.6635616461296463
15780128,Ogbonnaya,652.0,France,33.0,3,144427.96,2.0,1.0,0.0,113845.19,0,3.5263605246161616
15615991,Udegbulam,652.0,France,42.0,7,99263.09,1.0,1.0,1.0,67607.9,0,3.7612001156935624
15757001,Mai,652.0,France,32.0,2,79368.87,2.0,1.0,1.0,145471.94,0,3.4965075614664802
15595388,Yeh,652.0,France,30.0,10,0.0,2.0,1.0,1.0,124071.71,0,3.4339872044851463
15699550,Babbage,652.0,Spain,34.0,9,0.0,2.0,1.0,1.0,67502.12,0,3.5553480614894135
15581620,Franklin,652.0,France,28.0,2,0.0,3.0,1.0,1.0,78707.97,0,3.367295829986474
15600934,Randell,652.0,France,52.0,7,125095.94,1.0,1.0,0.0,171189.83,1,3.970291913552122
15738672,Paterson,652.0,Germany,40.0,2,162485.8,2.0,1.0,0.0,149381.32,0,3.713572066704308
15721307,Pickering,652.0,Germany,37.0,1,95668.82,2.0,1.0,0.0,100335.55,0,3.6375861597263857
15619280,Uspensky,652.0,France,25.0,4,0.0,2.0,1.0,0.0,152698.24,0,3.258096538021482
15768244,Macleod,652.0,Spain,30.0,8,0.0,2.0,1.0,1.0,41192.95,0,3.4339872044851463
15806837,Nnaife,652.0,France,37.0,4,0.0,1.0,1.0,0.0,132540.33,0,3.6375861597263857
15643496,Randolph,652.0,France,34.0,5,74197.38,2.0,1.0,0.0,96875.52,0,3.5553480614894135
15813916,Kudryashova,652.0,France,31.0,1,89688.94,1.0,1.0,1.0,152305.47,0,3.4657359027997265
15626385,George,652.0,Spain,33.0,10,103121.33,2.0,1.0,1.0,49672.01,0,3.5263605246161616
15603582,Robertson,652.0,Spain,34.0,3,0.0,1.0,1.0,0.0,133997.53,0,3.5553480614894135
15764351,Yuryeva,652.0,Germany,59.0,5,120170.07,1.0,0.0,1.0,50454.8,0,4.0943445622221
15667938,Hurst,652.0,France,32.0,9,149136.31,2.0,1.0,1.0,16402.11,0,3.4965075614664802
15576360,Ch'iu,652.0,France,40.0,1,141136.79,1.0,1.0,1.0,67803.83,0,3.713572066704308
15628813,King,652.0,France,43.0,4,152341.55,1.0,1.0,0.0,9241.78,0,3.784189633918261
15584190,Esposito,652.0,France,36.0,7,120026.98,2.0,0.0,1.0,100601.73,0,3.6109179126442243
15716449,Fraser,652.0,Spain,33.0,9,132168.28,1.0,0.0,0.0,98734.15,0,3.5263605246161616
15759913,Trentini,652.0,Germany,43.0,6,85200.82,2.0,1.0,1.0,160574.09,0,3.784189633918261
15701555,Nicholls,652.0,Spain,53.0,1,84903.33,2.0,0.0,1.0,26015.8,0,3.9889840465642745
15758482,Montalvo,652.0,France,32.0,0,0.0,2.0,0.0,0.0,187172.54,0,3.4965075614664802
15758171,Tien,652.0,France,20.0,4,0.0,1.0,1.0,1.0,55763.66,0,3.044522437723423
15680346,Chuang,652.0,Spain,40.0,8,0.0,1.0,1.0,0.0,75848.22,0,3.713572066704308
15649124,Fang,652.0,France,30.0,9,121535.18,1.0,0.0,0.0,40313.47,0,3.4339872044851463
15812917,Kosisochukwu,652.0,Spain,35.0,6,116662.96,2.0,1.0,1.0,23864.21,0,3.58351893845611
15768455,Young,652.0,France,60.0,8,0.0,2.0,1.0,1.0,51380.9,0,4.110873864173311
15703059,Scott,652.0,Germany,49.0,6,124829.16,1.0,0.0,1.0,93551.36,0,3.912023005428146
15646196,Yeh,652.0,Spain,36.0,2,155180.56,2.0,0.0,0.0,169415.54,0,3.6109179126442243
15585451,Vigano,652.0,Germany,32.0,1,108262.87,1.0,1.0,1.0,6935.31,0,3.4965075614664802
15714057,Windradyne,652.0,Spain,40.0,4,0.0,2.0,1.0,0.0,25399.7,0,3.713572066704308
15748473,Curnow,652.0,France,38.0,5,0.0,2.0,1.0,0.0,66256.27,0,3.6635616461296463
15785782,Ugonna,652.0,Spain,48.0,2,0.0,1.0,1.0,1.0,114709.13,1,3.8918202981106265
15693233,De Neeve,652.0,Germany,38.0,6,99812.88,2.0,1.0,1.0,158357.97,0,3.6635616461296463
15757521,Ricci,652.0,France,35.0,2,132164.26,1.0,0.0,1.0,164815.59,0,3.58351893845611
15812513,Nnaife,652.0,Germany,45.0,10,103583.05,1.0,1.0,0.0,132127.69,1,3.828641396489095
15674950,Ebelechukwu,652.0,Germany,39.0,4,142406.43,2.0,1.0,0.0,146637.45,0,3.6888794541139363
15678572,Keating,652.0,Spain,38.0,7,99842.5,2.0,1.0,0.0,90256.06,1,3.6635616461296463
15713608,Tuan,652.0,France,41.0,5,0.0,2.0,1.0,1.0,34827.43,0,3.7376696182833684
15579262,Shearston,652.0,France,41.0,9,0.0,1.0,0.0,0.0,22074.48,0,3.7376696182833684
15610426,Tien,652.0,France,39.0,5,81042.42,1.0,0.0,1.0,109805.17,0,3.6888794541139363
15776454,Hamilton,652.0,France,48.0,5,0.0,1.0,1.0,0.0,100478.6,1,3.8918202981106265
15771483,Arnold,652.0,France,40.0,6,0.0,2.0,1.0,1.0,97416.34,0,3.713572066704308
15648489,Ting,652.0,France,53.0,4,199689.49,1.0,1.0,1.0,24207.86,1,3.9889840465642745
15646609,Chao,652.0,France,33.0,1,142645.43,1.0,0.0,0.0,69132.66,0,3.5263605246161616
15693203,Powell,652.0,Spain,62.0,5,0.0,2.0,1.0,1.0,9376.89,0,4.330733340286331
15813067,Williams,652.0,Germany,45.0,3,110219.14,1.0,1.0,0.0,43046.7,1,3.828641396489095
15769829,Cheng,652.0,Spain,51.0,3,0.0,2.0,0.0,1.0,20856.31,0,3.9512437185814275
15662434,Zhdanova,652.0,France,25.0,3,0.0,2.0,0.0,0.0,187048.72,0,3.258096538021482
15773503,Tsai,652.0,Spain,32.0,4,0.0,2.0,1.0,0.0,53420.53,0,3.4965075614664802
15705890,Nebechukwu,652.0,France,45.0,7,142072.02,1.0,1.0,0.0,37013.29,0,3.828641396489095
15711398,Fetherstonhaugh,652.0,France,25.0,6,0.0,2.0,1.0,0.0,89566.64,0,3.258096538021482
15752375,Ojiofor,652.0,Germany,33.0,8,149564.61,1.0,0.0,0.0,149913.84,0,3.5263605246161616
15659175,Severson,652.0,France,43.0,9,0.0,2.0,1.0,0.0,18066.69,0,3.784189633918261
15597033,Speight,652.0,Germany,37.0,8,153366.13,1.0,1.0,1.0,26912.34,0,3.6375861597263857
15590228,Greenwalt,652.0,France,21.0,6,76467.16,1.0,1.0,1.0,173511.72,0,3.091042453358316
15631848,Grover,652.0,France,26.0,9,121508.28,1.0,1.0,1.0,146785.44,0,3.295836866004329
15654211,Milani,652.0,Spain,27.0,1,0.0,1.0,0.0,1.0,1050.33,0,3.332204510175204
15707968,Akobundu,652.0,Spain,36.0,8,73211.12,2.0,1.0,0.0,89587.34,1,3.6109179126442243
15594084,Anderson,652.0,France,22.0,9,0.0,2.0,1.0,0.0,74405.34,0,3.1354942159291497
15651093,Chien,652.0,France,55.0,1,0.0,2.0,0.0,1.0,54409.48,0,4.02535169073515
15798824,Kennedy,652.0,Spain,38.0,0,92674.94,2.0,1.0,0.0,3647.57,0,3.6635616461296463
15671591,Castiglione,652.0,Spain,52.0,3,96196.24,3.5,1.0,0.0,198874.52,1,3.970291913552122
15707189,Marshall,652.0,Germany,36.0,1,114391.62,1.0,1.0,1.0,53412.54,0,3.6109179126442243
15733581,Duncan,652.0,Germany,32.0,9,80262.66,1.0,1.0,0.0,194867.78,0,3.4965075614664802
15641640,Uspenskaya,652.0,Spain,33.0,7,173331.52,1.0,1.0,0.0,150452.88,0,3.5263605246161616
15585284,Thomson,652.0,Spain,35.0,7,147285.52,1.0,1.0,1.0,57807.05,0,3.58351893845611
15617866,Calabrese,652.0,Spain,62.0,5,119785.47,2.0,1.0,1.0,107534.32,0,4.219507705176107
15667751,Herrera,652.0,Spain,36.0,1,140137.15,1.0,1.0,0.0,194073.33,0,3.6109179126442243
15669411,Muse,652.0,Germany,52.0,6,107467.56,1.0,1.0,0.0,126233.18,1,3.970291913552122
15789425,Marsden,652.0,Germany,37.0,8,98218.04,2.0,1.0,0.0,182354.46,1,3.6375861597263857
15570943,Artemyeva,652.0,Germany,35.0,2,133607.75,1.0,1.0,1.0,120586.32,0,3.58351893845611
15685829,McKay,652.0,France,37.0,3,0.0,2.0,1.0,1.0,50578.4,0,3.6375861597263857
15721917,Chuang,652.0,France,38.0,8,95139.41,1.0,1.0,1.0,86575.46,0,3.6635616461296463
15776047,Nicholls,652.0,France,29.0,3,0.0,2.0,0.0,1.0,153392.28,0,3.4011973816621555
15716024,Dennis,652.0,Spain,42.0,5,0.0,2.0,1.0,0.0,115509.59,0,3.7612001156935624
15675328,Knight,652.0,France,37.0,6,0.0,2.0,1.0,0.0,82176.48,0,3.6375861597263857
15604314,Webb,652.0,Germany,26.0,1,97331.19,1.0,1.0,0.0,63717.49,0,3.295836866004329
15658339,Pugliesi,652.0,Germany,37.0,2,139265.63,2.0,1.0,1.0,198745.94,0,3.6375861597263857
15630402,Nebechukwu,652.0,France,31.0,9,0.0,1.0,0.0,1.0,5719.11,0,3.4657359027997265
15689616,Ward,652.0,Spain,34.0,5,168094.01,1.0,0.0,0.0,20058.61,0,3.5553480614894135
15774224,Nixon,652.0,Germany,30.0,5,131563.88,2.0,1.0,0.0,170638.98,0,3.4339872044851463
15701291,Chidubem,652.0,France,44.0,3,0.0,2.0,1.0,0.0,30607.11,0,3.8066624897703196
15719606,Rivers,652.0,France,50.0,9,0.0,2.0,0.0,0.0,37171.46,0,3.9318256327243257
15644119,Sochima,652.0,France,31.0,3,0.0,1.0,1.0,1.0,42589.33,0,3.4657359027997265
15646859,Heydon,652.0,Germany,47.0,7,107363.29,1.0,1.0,1.0,66799.28,0,3.8712010109078907
15606836,Lombardo,652.0,France,33.0,2,94493.03,1.0,0.0,1.0,101866.39,0,3.5263605246161616
15664150,Holland,652.0,Germany,29.0,9,170214.23,2.0,1.0,0.0,49284.0,0,3.4011973816621555
15624510,Tien,652.0,France,52.0,6,139781.06,1.0,1.0,0.0,27445.4,1,3.970291913552122
15810944,Bryant,652.0,France,35.0,7,0.0,2.0,1.0,0.0,70760.69,0,3.58351893845611
15668575,Hao,652.0,Spain,26.0,8,148610.41,3.0,0.0,1.0,104502.02,1,3.295836866004329
15603246,Genovesi,652.0,France,62.0,2,170241.7,2.0,1.0,1.0,165407.96,0,4.304065093204169
15804002,Kovalev,652.0,France,33.0,1,128306.83,1.0,1.0,1.0,113580.79,0,3.5263605246161616
15728773,Hsieh,652.0,France,47.0,7,0.0,2.0,1.0,1.0,45978.39,0,3.8712010109078907
15598044,Debellis,652.0,France,35.0,3,0.0,1.0,1.0,1.0,152012.36,0,3.58351893845611
15694829,Chibueze,652.0,Germany,32.0,7,175454.0,1.0,0.0,1.0,77349.92,0,3.4965075614664802
15600575,Padovano,652.0,Spain,41.0,6,0.0,2.0,1.0,0.0,47322.05,0,3.7376696182833684
15727311,Yen,652.0,France,22.0,0,100885.93,2.0,1.0,1.0,38772.65,0,3.1354942159291497
15570769,Kibble,652.0,France,62.0,9,93320.8,1.0,1.0,1.0,24489.44,0,4.248495242049359
15606274,Lori,652.0,Germany,38.0,6,63176.44,2.0,1.0,1.0,14466.08,0,3.6635616461296463
15746139,Enemuo,652.0,France,33.0,2,139451.67,1.0,0.0,0.0,63142.12,0,3.5263605246161616
15704987,Lu,652.0,France,52.0,8,49113.75,1.0,1.0,0.0,41858.43,0,3.970291913552122
15628972,Nebeolisa,652.0,Germany,32.0,1,123906.22,3.0,1.0,1.0,127443.82,1,3.4965075614664802
15697686,Stewart,652.0,France,40.0,6,0.0,2.0,1.0,1.0,84151.98,0,3.713572066704308
15733883,Ward,652.0,France,28.0,7,0.0,2.0,0.0,0.0,58595.64,0,3.367295829986474
15617482,Milanesi,652.0,Germany,52.0,1,131441.51,1.0,1.0,0.0,37240.11,1,3.970291913552122
15704583,Chikwado,652.0,France,56.0,2,0.0,1.0,1.0,0.0,114522.68,1,4.04305126783455
15621083,Douglas,652.0,France,57.0,6,136325.48,2.0,1.0,1.0,72549.27,1,4.060443010546419
15649487,Sal,652.0,Germany,38.0,4,113150.44,2.0,1.0,0.0,176712.59,1,3.6635616461296463
15736760,Douglas,652.0,Spain,42.0,9,0.0,1.0,0.0,0.0,152855.96,0,3.7612001156935624
15714658,Yates,652.0,France,33.0,4,0.0,2.0,1.0,1.0,73371.65,0,3.5263605246161616
15599081,Watt,652.0,Germany,46.0,8,102785.16,1.0,1.0,1.0,70323.68,0,3.8501476017100584
15705113,P'an,652.0,Spain,34.0,6,83264.28,1.0,0.0,0.0,9663.28,0,3.5553480614894135
15631159,H?,652.0,Germany,41.0,4,72252.64,2.0,1.0,1.0,142514.66,0,3.7376696182833684
15792818,Perry,652.0,Germany,29.0,6,148051.52,1.0,1.0,0.0,118623.94,0,3.4011973816621555
15633531,Lavrov,652.0,France,62.0,9,138489.66,1.0,1.0,1.0,68400.14,0,4.343805421853684
15744529,Chiekwugo,652.0,France,62.0,8,0.0,2.0,1.0,1.0,115291.86,0,4.1588830833596715
15669656,Macdonald,652.0,France,32.0,6,111589.33,1.0,1.0,1.0,170382.99,0,3.4965075614664802
15581198,Jenkins,652.0,Germany,39.0,0,122104.79,1.0,1.0,0.0,112946.67,1,3.6888794541139363
15729054,Korovina,652.0,Germany,32.0,4,96106.83,1.0,1.0,1.0,79812.77,0,3.4965075614664802
15573452,Manning,652.0,Germany,42.0,7,115930.87,1.0,1.0,0.0,19862.78,0,3.7612001156935624
15776733,Wilson,652.0,Germany,37.0,7,124513.66,2.0,1.0,0.0,158610.89,0,3.6375861597263857
15724858,Begum,652.0,France,54.0,9,0.0,1.0,1.0,0.0,191212.63,1,4.007333185232471
15713144,Ingrassia,652.0,Spain,46.0,8,0.0,1.0,1.0,0.0,61931.21,0,3.8501476017100584
15690188,Maclean,652.0,France,33.0,7,0.0,1.0,1.0,1.0,58043.02,1,3.5263605246161616
15689425,Olejuru,652.0,Spain,35.0,8,100988.39,2.0,1.0,0.0,22247.27,0,3.58351893845611
15671766,Enyinnaya,652.0,France,44.0,10,118577.24,1.0,1.0,1.0,31448.52,0,3.8066624897703196
15782806,Watson,652.0,Spain,28.0,6,0.0,2.0,1.0,0.0,146875.86,0,3.367295829986474
15764419,Langdon,652.0,France,27.0,5,0.0,2.0,1.0,1.0,116081.93,0,3.332204510175204
15591915,Frolov,652.0,France,39.0,2,0.0,1.0,0.0,1.0,73669.94,1,3.6888794541139363
15772798,Chikezie,652.0,Spain,28.0,5,0.0,2.0,1.0,1.0,93959.96,0,3.367295829986474
15792008,Zetticci,652.0,Spain,26.0,9,0.0,2.0,0.0,1.0,158918.03,0,3.295836866004329
15715541,Yang,652.0,France,42.0,9,113311.11,1.0,1.0,1.0,198193.75,0,3.7612001156935624
15639277,Lin,652.0,France,41.0,9,0.0,1.0,0.0,0.0,13160.03,0,3.7376696182833684
15798850,Goddard,652.0,France,32.0,7,0.0,2.0,1.0,0.0,4660.91,0,3.4965075614664802
15776348,Rogers,652.0,Germany,20.0,4,124365.42,1.0,0.0,0.0,180197.74,1,3.044522437723423
15727696,Zubareva,652.0,France,42.0,1,147249.29,2.0,1.0,1.0,63023.02,0,3.7612001156935624
15793813,Onochie,652.0,France,36.0,7,103688.19,1.0,0.0,1.0,118971.74,0,3.6109179126442243
15694395,Ts'ui,652.0,France,29.0,1,138740.24,2.0,0.0,0.0,154700.61,0,3.4011973816621555
15764195,Newsom,652.0,Spain,39.0,4,111900.14,1.0,1.0,1.0,97577.17,0,3.6888794541139363
15744919,Genovese,652.0,Spain,37.0,0,152760.24,1.0,1.0,1.0,48990.5,0,3.6375861597263857
15671655,Thorpe,652.0,Germany,31.0,7,143966.3,2.0,1.0,1.0,140262.96,1,3.4657359027997265
15654901,Horton,652.0,France,51.0,10,141556.96,1.0,1.0,0.0,130189.53,0,3.9512437185814275
15649136,Williamson,652.0,France,43.0,6,0.0,2.0,1.0,1.0,16301.91,0,3.784189633918261
15775562,Shoobridge,652.0,France,33.0,5,0.0,2.0,1.0,0.0,126962.41,0,3.5263605246161616
15807481,Peng,652.0,France,46.0,1,0.0,1.0,1.0,1.0,158750.53,0,3.8501476017100584
15642885,Gray,652.0,France,30.0,8,0.0,2.0,1.0,0.0,199644.2,0,3.4339872044851463
15789109,Watson,652.0,France,41.0,10,0.0,1.0,1.0,1.0,144272.71,1,3.7376696182833684
15814004,Fyodorova,652.0,France,29.0,2,0.0,2.0,0.0,1.0,98320.27,0,3.4011973816621555
15673619,Bazhenov,652.0,France,25.0,9,162560.32,1.0,1.0,0.0,64129.03,0,3.258096538021482
15595135,Solomon,652.0,Germany,29.0,7,123229.46,1.0,1.0,0.0,181221.09,0,3.4011973816621555
15583681,Layh,652.0,Spain,31.0,7,76665.71,2.0,1.0,1.0,163809.08,0,3.4657359027997265
15605000,John,652.0,France,38.0,9,140278.99,3.0,1.0,1.0,171457.06,1,3.6635616461296463
15718071,Tuan,652.0,France,51.0,3,0.0,2.0,0.0,1.0,15801.02,0,3.9512437185814275
15679760,Slattery,652.0,France,46.0,1,115764.32,2.0,0.0,0.0,102950.79,0,3.8501476017100584
15654574,Onyekachi,652.0,Germany,36.0,5,131142.53,2.0,1.0,0.0,174918.46,0,3.6109179126442243
15577178,Genovese,652.0,France,45.0,5,68375.27,1.0,1.0,0.0,193160.25,1,3.828641396489095
15595324,Daniels,652.0,Germany,39.0,5,117833.3,3.0,0.0,0.0,5831.0,1,3.6888794541139363
15756932,Caldwell,652.0,Spain,36.0,7,0.0,2.0,1.0,1.0,82298.59,0,3.6109179126442243
15726358,Chiemenam,652.0,France,34.0,7,0.0,2.0,0.0,0.0,130686.59,0,3.5553480614894135
15595228,Wanliss,652.0,France,45.0,7,0.0,1.0,0.0,1.0,52885.23,1,3.828641396489095
15782530,Bruce,652.0,Spain,30.0,2,111093.01,1.0,1.0,0.0,68985.99,0,3.4339872044851463
15592877,Wright,652.0,Spain,42.0,9,132657.55,1.0,1.0,0.0,35367.19,0,3.7612001156935624
15651983,Fang,652.0,France,56.0,9,128882.49,1.0,1.0,1.0,196241.94,1,4.04305126783455
15746737,Eames,652.0,Germany,59.0,9,69129.59,1.0,1.0,1.0,170705.53,0,4.0943445622221
15774179,Sutherland,652.0,France,37.0,6,0.0,2.0,1.0,1.0,126477.41,0,3.6375861597263857
15667265,Cavenagh,652.0,France,39.0,4,121404.64,1.0,1.0,1.0,159618.17,0,3.6888794541139363
15655123,Dumetolisa,652.0,Spain,45.0,9,131355.3,3.0,1.0,0.0,195395.33,1,3.828641396489095
15595917,Mackay,652.0,France,35.0,1,102097.33,1.0,0.0,1.0,168285.85,0,3.58351893845611
15668385,Dellucci,652.0,France,40.0,1,154863.15,1.0,1.0,1.0,138052.51,0,3.713572066704308
15709476,Kenyon,652.0,Spain,41.0,3,99945.93,2.0,1.0,0.0,71179.31,0,3.7376696182833684
15711218,Parry,652.0,Germany,39.0,2,121704.32,2.0,1.0,0.0,55556.3,0,3.6888794541139363
15798659,Kennedy,652.0,Spain,43.0,3,0.0,2.0,1.0,0.0,31705.19,0,3.784189633918261
15663939,Arnott,652.0,Germany,35.0,8,138782.76,1.0,1.0,1.0,186118.93,0,3.58351893845611
15694946,Hanson,652.0,France,35.0,9,0.0,2.0,1.0,1.0,195580.28,0,3.58351893845611
15631912,T'ao,652.0,France,30.0,8,136291.71,1.0,1.0,0.0,54113.38,0,3.4339872044851463
15768816,Shen,652.0,Germany,42.0,0,107856.57,2.0,1.0,0.0,127528.84,0,3.7612001156935624
15682268,Steere,652.0,Germany,26.0,1,108348.66,1.0,0.0,0.0,60231.74,1,3.295836866004329
15684801,Abbott,652.0,France,47.0,1,93871.95,3.0,1.0,0.0,156878.42,1,3.8712010109078907
15636428,Sutherland,652.0,Spain,45.0,1,0.0,1.0,1.0,0.0,182784.11,1,3.828641396489095
15809823,Thurgood,652.0,Germany,19.0,2,125860.2,1.0,0.0,0.0,129690.5,0,2.995732273553991
15699284,Johnson,652.0,France,49.0,8,172713.44,1.0,1.0,0.0,113860.81,0,3.912023005428146
15786993,Lung,652.0,France,51.0,5,0.0,2.0,0.0,1.0,184524.74,0,3.9512437185814275
15709441,Cocci,652.0,Spain,59.0,8,0.0,1.0,1.0,1.0,36124.98,0,4.0943445622221
15710257,Matveyeva,652.0,France,39.0,3,130786.92,1.0,0.0,1.0,121316.07,0,3.6888794541139363
15582492,Moore,652.0,France,29.0,2,112367.34,1.0,1.0,0.0,185630.76,0,3.4011973816621555
15575694,Yobachukwu,652.0,Spain,45.0,7,91091.06,2.0,1.0,0.0,71133.12,0,3.828641396489095
15756820,Fleming,652.0,France,26.0,7,106198.5,1.0,0.0,1.0,32020.42,0,3.295836866004329
15766289,Dickinson,652.0,France,47.0,5,142669.93,2.0,1.0,0.0,162760.96,0,3.8712010109078907
15593014,Evseyev,652.0,France,33.0,1,112833.35,1.0,0.0,1.0,175178.56,0,3.5263605246161616
15584545,Aksenov,652.0,France,40.0,5,0.0,2.0,0.0,1.0,177099.71,0,3.713572066704308
15675949,Fleming,652.0,Spain,43.0,4,0.0,2.0,1.0,1.0,66406.37,0,3.784189633918261
15672091,Ulyanov,652.0,Germany,32.0,2,104336.43,2.0,0.0,0.0,59559.81,0,3.4965075614664802
15801658,Summers,652.0,France,55.0,6,104305.74,1.0,0.0,1.0,175750.21,0,4.02535169073515
15706185,Clements,652.0,Germany,47.0,5,140187.1,2.0,1.0,1.0,174311.3,0,3.8712010109078907
15789863,Kazakova,652.0,France,39.0,4,0.0,2.0,1.0,0.0,171716.81,0,3.6888794541139363
15720943,Pirozzi,652.0,France,45.0,1,114959.12,1.0,1.0,0.0,189362.39,1,3.828641396489095
15697997,Jamieson,652.0,France,33.0,5,164704.38,1.0,0.0,1.0,180716.1,1,3.5263605246161616
15665416,Ferri,652.0,France,62.0,10,119096.55,1.0,0.0,1.0,116977.89,0,4.143134726391533
15660200,Mai,652.0,France,31.0,1,0.0,2.0,1.0,1.0,185105.44,0,3.4657359027997265
15619653,Hannaford,652.0,France,47.0,2,0.0,1.0,1.0,0.0,35046.97,1,3.8712010109078907
15773447,Fomin,652.0,Spain,30.0,8,0.0,1.0,1.0,0.0,36251.0,0,3.4339872044851463
15739160,Mahon,652.0,France,41.0,9,115465.28,1.0,1.0,0.0,103174.5,0,3.7376696182833684
15689237,Shaw,652.0,France,27.0,4,0.0,2.0,1.0,0.0,122642.09,0,3.332204510175204
15679297,Volkova,652.0,Spain,43.0,3,184926.61,1.0,1.0,0.0,122937.57,0,3.784189633918261
15591433,Miles,652.0,Germany,43.0,8,85957.88,2.0,1.0,0.0,8757.39,0,3.784189633918261
15642725,Madison,652.0,France,32.0,10,114084.6,1.0,0.0,1.0,125782.29,0,3.4965075614664802
15701962,Scott,652.0,Spain,29.0,2,166930.76,2.0,1.0,0.0,122487.73,0,3.4011973816621555
15811613,Voss,652.0,France,27.0,8,0.0,1.0,1.0,0.0,20066.38,0,3.332204510175204
15741049,Colebatch,652.0,France,29.0,7,0.0,2.0,1.0,1.0,55473.15,0,3.4011973816621555
15724423,Wilson,652.0,France,38.0,6,107193.82,2.0,0.0,0.0,38962.94,0,3.6635616461296463
15574305,T'ang,652.0,France,36.0,3,116275.12,1.0,1.0,1.0,63795.8,0,3.6109179126442243
15678168,Gibson,652.0,Spain,27.0,7,0.0,2.0,1.0,1.0,163060.43,0,3.332204510175204
15697020,Hs?eh,652.0,France,39.0,2,91068.56,1.0,1.0,0.0,26578.69,0,3.6888794541139363
15610801,Pan,652.0,Germany,41.0,5,123049.21,1.0,0.0,1.0,5066.76,0,3.7376696182833684
15745232,Chikelu,652.0,France,39.0,6,0.0,2.0,1.0,1.0,140497.67,0,3.6888794541139363
15722758,Allan,652.0,France,40.0,7,0.0,2.0,0.0,0.0,146156.98,0,3.713572066704308
15792102,Yefremova,652.0,France,42.0,3,137781.65,1.0,0.0,0.0,199316.19,0,3.7612001156935624
15675185,Chuang,652.0,Germany,48.0,2,108128.96,2.0,1.0,1.0,103944.37,0,3.8918202981106265
15801247,Fan,652.0,Spain,39.0,10,105317.73,2.0,1.0,0.0,138021.36,0,3.6888794541139363
15725660,Dellucci,652.0,France,20.0,1,80569.73,1.0,0.0,0.0,68621.98,0,3.044522437723423
15638963,Garran,652.0,France,22.0,4,174852.89,1.0,1.0,1.0,28149.06,0,3.1354942159291497
15800061,Moretti,652.0,Spain,45.0,3,89158.94,3.0,1.0,0.0,135169.76,1,3.828641396489095
15578006,Yao,652.0,France,62.0,10,0.0,2.0,1.0,1.0,116537.96,0,4.454347296253507
15668504,Lucchesi,652.0,France,36.0,2,89800.14,1.0,1.0,1.0,105922.69,0,3.6109179126442243
15687491,Nkemdilim,652.0,Germany,45.0,9,101207.75,1.0,0.0,0.0,88211.12,1,3.828641396489095
15610403,Anderson,652.0,France,43.0,1,106086.42,2.0,1.0,0.0,26900.63,0,3.784189633918261
15741094,Sagese,652.0,France,21.0,1,0.0,2.0,1.0,1.0,3494.02,0,3.091042453358316
15807909,Rubensohn,652.0,France,47.0,9,0.0,2.0,1.0,0.0,113163.17,0,3.8712010109078907
15666141,Baldwin,652.0,Spain,26.0,8,101440.36,2.0,1.0,1.0,19324.5,0,3.295836866004329
15617134,Iqbal,652.0,France,38.0,4,0.0,2.0,1.0,0.0,189678.7,0,3.6635616461296463
15783029,Monaldo,652.0,France,34.0,7,106603.74,2.0,1.0,1.0,26387.71,0,3.5553480614894135
15622833,Mahon,652.0,Germany,29.0,10,130420.2,2.0,0.0,0.0,106276.55,0,3.4011973816621555
15746422,Muir,652.0,France,38.0,1,0.0,1.0,1.0,0.0,45015.38,0,3.6635616461296463
15750839,Burns,652.0,Spain,29.0,2,45022.23,1.0,1.0,1.0,173495.77,0,3.4011973816621555
15749130,Dyer,652.0,Germany,27.0,1,74298.43,1.0,1.0,1.0,52581.96,0,3.332204510175204
15779862,Lyons,652.0,Germany,31.0,3,133003.03,1.0,0.0,1.0,146339.27,1,3.4657359027997265
15767871,H?,652.0,Spain,48.0,7,0.0,2.0,1.0,1.0,182609.97,0,3.8918202981106265
15679651,Gardiner,652.0,Spain,37.0,1,136689.66,1.0,1.0,0.0,197890.65,0,3.6375861597263857
15576219,Cameron,652.0,France,32.0,4,0.0,2.0,1.0,1.0,6225.63,0,3.4965075614664802
15699247,Chapman,652.0,France,44.0,5,0.0,2.0,1.0,1.0,123977.86,1,3.8066624897703196
15619087,Taylor,652.0,France,53.0,1,102520.37,1.0,1.0,1.0,170195.4,0,3.9889840465642745
15605327,Namatjira,652.0,France,35.0,2,0.0,2.0,1.0,1.0,114190.3,0,3.58351893845611
15610140,He,652.0,France,34.0,5,0.0,2.0,1.0,0.0,27022.57,0,3.5553480614894135
15791174,Leibius,652.0,Spain,62.0,1,88382.01,1.0,0.0,1.0,59457.0,0,4.219507705176107
15602373,White,652.0,France,44.0,4,115049.15,2.0,1.0,0.0,165038.41,0,3.8066624897703196
15762605,Wall,652.0,France,58.0,1,104796.54,1.0,1.0,1.0,154181.41,0,4.07753744390572
15598840,Moretti,652.0,France,33.0,1,123082.08,1.0,1.0,0.0,134960.98,0,3.5263605246161616
15744279,Patterson,652.0,Spain,58.0,8,0.0,2.0,1.0,1.0,65708.5,0,4.07753744390572
15670619,Coppin,652.0,France,33.0,8,0.0,2.0,0.0,0.0,117374.22,0,3.5263605246161616
15599533,Tsao,652.0,France,43.0,7,0.0,2.0,1.0,1.0,77703.19,0,3.784189633918261
15757837,Kao,652.0,Germany,33.0,3,88311.48,2.0,1.0,1.0,177651.38,0,3.5263605246161616
15697574,Stewart,652.0,France,40.0,9,0.0,3.0,1.0,1.0,60954.45,0,3.713572066704308
15578738,Tuan,652.0,France,32.0,7,71872.19,1.0,1.0,1.0,151924.9,0,3.4965075614664802
15762228,Barnes,652.0,Spain,35.0,6,110046.93,2.0,1.0,0.0,26318.73,0,3.58351893845611
15614827,Sun,652.0,France,42.0,8,104430.08,1.0,1.0,1.0,147557.71,0,3.7612001156935624
15789815,Fallaci,652.0,France,28.0,5,0.0,2.0,1.0,0.0,125918.17,0,3.367295829986474
15579781,Buccho,652.0,Germany,31.0,10,138653.51,1.0,1.0,0.0,190803.37,0,3.4657359027997265
15587013,Tien,652.0,France,31.0,7,102575.04,1.0,1.0,1.0,11043.54,0,3.4657359027997265
15570932,Pirozzi,652.0,France,43.0,7,137780.74,2.0,1.0,1.0,119100.05,1,3.784189633918261
15794661,Liu,652.0,Spain,32.0,2,0.0,2.0,1.0,0.0,140579.17,0,3.4965075614664802
15581654,Long,652.0,France,32.0,7,0.0,2.0,0.0,1.0,37731.95,0,3.4965075614664802
15644296,Scott,652.0,France,30.0,8,105209.54,1.0,1.0,0.0,1852.58,0,3.4339872044851463
15614420,Gerasimova,652.0,Germany,32.0,0,109570.21,2.0,1.0,1.0,172049.84,0,3.4965075614664802
15609653,Ifeatu,652.0,Germany,44.0,6,118715.86,1.0,1.0,0.0,133591.11,1,3.8066624897703196
15594577,De Luca,652.0,France,35.0,10,0.0,2.0,1.0,1.0,192751.18,0,3.58351893845611
15584114,Ogbonnaya,652.0,Germany,43.0,2,153393.18,2.0,1.0,1.0,193828.27,0,3.784189633918261
15673367,Humffray,652.0,Germany,33.0,6,132603.36,1.0,1.0,0.0,55775.72,0,3.5263605246161616
15685576,Degtyaryov,652.0,Spain,36.0,6,0.0,2.0,1.0,1.0,102280.29,0,3.6109179126442243
15774727,Monaldo,652.0,Germany,34.0,1,129398.01,2.0,0.0,0.0,44965.44,0,3.5553480614894135
15694288,Cawthorne,652.0,Spain,28.0,3,0.0,2.0,1.0,0.0,170661.02,0,3.367295829986474
15603319,Graham,652.0,France,29.0,2,151352.74,1.0,0.0,0.0,197145.89,0,3.4011973816621555
15759066,Carpenter,652.0,France,44.0,5,136836.49,1.0,1.0,0.0,192359.9,1,3.8066624897703196
15814816,Kambinachi,652.0,France,40.0,4,91592.06,1.0,1.0,0.0,141210.18,1,3.713572066704308
15724402,Tyler,652.0,France,30.0,8,0.0,2.0,1.0,0.0,100557.03,0,3.4339872044851463
15571059,Martin,652.0,France,54.0,3,0.0,1.0,1.0,0.0,130805.54,1,4.007333185232471
15674206,Walker,652.0,France,22.0,8,0.0,2.0,1.0,1.0,92606.98,0,3.1354942159291497
15715160,Khan,652.0,France,36.0,2,165536.28,2.0,1.0,1.0,123956.83,0,3.6109179126442243
15730448,Iroawuchi,652.0,Germany,25.0,5,62482.95,1.0,1.0,1.0,102758.43,0,3.258096538021482
15662067,Summers,652.0,France,40.0,8,68155.59,1.0,1.0,0.0,94876.65,0,3.713572066704308
15779581,Bottrill,652.0,Spain,43.0,3,55853.33,2.0,0.0,1.0,94811.85,1,3.784189633918261
15662901,Hu,652.0,France,37.0,2,0.0,2.0,0.0,1.0,67840.81,0,3.6375861597263857
15689751,Jones,652.0,France,31.0,2,79589.43,1.0,0.0,0.0,4050.57,0,3.4657359027997265
15667742,Vincent,652.0,Spain,41.0,5,100880.76,1.0,0.0,1.0,134665.25,0,3.7376696182833684
15738448,Sanford,652.0,Germany,25.0,3,174330.35,2.0,0.0,0.0,181647.13,0,3.258096538021482
15680243,Brown,652.0,France,19.0,7,143390.51,1.0,1.0,0.0,33282.84,0,2.995732273553991
15745083,Lei,652.0,Germany,59.0,8,91415.76,1.0,0.0,0.0,27965.0,1,4.0943445622221
15708228,Toscani,652.0,Germany,30.0,3,134366.42,1.0,1.0,0.0,68343.53,0,3.4339872044851463
15628523,Chien,652.0,France,24.0,3,0.0,2.0,1.0,1.0,198161.07,0,3.2188758248682006
15708196,Uchenna,652.0,Spain,60.0,8,88786.81,1.0,1.0,1.0,196858.4,0,4.110873864173311
15735549,Lori,652.0,Germany,35.0,3,96814.46,2.0,1.0,1.0,120511.03,0,3.58351893845611
15809347,Fanucci,652.0,Germany,32.0,9,160680.41,1.0,1.0,0.0,30886.35,0,3.4965075614664802
15660866,Chimaobim,652.0,France,29.0,3,0.0,2.0,1.0,0.0,2743.69,0,3.4011973816621555
15766609,Jowers,652.0,France,47.0,10,0.0,2.0,1.0,0.0,167778.62,0,3.8712010109078907
15654230,Miller,652.0,Germany,31.0,5,145537.21,1.0,1.0,0.0,132404.64,0,3.4657359027997265
15794566,Kirsova,652.0,France,28.0,4,0.0,2.0,1.0,1.0,144423.17,1,3.367295829986474
15800890,T'ien,652.0,France,45.0,6,0.0,2.0,1.0,1.0,181204.5,0,3.828641396489095
15697424,Ku,652.0,Spain,30.0,2,119370.11,1.0,1.0,1.0,182726.22,1,3.4339872044851463
15724536,Chin,652.0,Spain,28.0,1,0.0,2.0,1.0,1.0,120880.72,0,3.367295829986474
15735878,Law,652.0,Germany,47.0,10,134381.52,1.0,0.0,0.0,26812.89,1,3.8712010109078907
15707596,Chung,652.0,Germany,62.0,8,114888.74,2.0,1.0,1.0,66732.63,1,4.31748811353631
15657163,Cockrum,652.0,Germany,42.0,1,149332.48,2.0,1.0,0.0,100834.22,0,3.7612001156935624
15622478,Greaves,652.0,France,40.0,7,105061.74,3.0,1.0,0.0,107815.31,1,3.713572066704308
15779529,Grant,652.0,France,32.0,7,0.0,2.0,1.0,1.0,34665.79,0,3.4965075614664802
15636023,O'Donnell,652.0,France,40.0,10,0.0,1.0,1.0,1.0,147093.84,1,3.713572066704308
15582066,Maclean,652.0,France,21.0,4,0.0,1.0,1.0,1.0,36942.35,0,3.091042453358316
15666675,Hsieh,652.0,France,39.0,7,155062.8,1.0,1.0,1.0,16460.77,0,3.6888794541139363
15732987,Hs?,652.0,Spain,43.0,3,88798.34,1.0,0.0,0.0,45610.63,0,3.784189633918261
15789432,Mazzanti,652.0,France,33.0,6,0.0,2.0,1.0,0.0,184954.11,0,3.5263605246161616
15663161,Chiu,652.0,Germany,51.0,5,143139.87,1.0,0.0,0.0,47795.43,1,3.9512437185814275
15694879,Reeves,652.0,Spain,23.0,7,0.0,2.0,1.0,0.0,196789.9,0,3.1780538303479458
15593715,Castiglione,652.0,Germany,27.0,3,107027.52,1.0,1.0,0.0,173425.68,0,3.332204510175204
15575002,Ferguson,652.0,France,29.0,4,140720.93,1.0,1.0,0.0,36221.18,0,3.4011973816621555
15622171,Nnamdi,652.0,France,30.0,8,80964.57,2.0,1.0,0.0,174738.2,0,3.4339872044851463
15795224,Wu,652.0,France,39.0,6,178585.46,1.0,1.0,0.0,67131.3,1,3.6888794541139363
15685346,Chu,652.0,Spain,26.0,4,135889.13,1.0,1.0,1.0,165692.03,0,3.295836866004329
15691808,King,652.0,France,43.0,7,134919.85,1.0,1.0,0.0,194691.95,0,3.784189633918261
15721007,Charlton,652.0,Germany,33.0,8,115130.34,1.0,0.0,0.0,129525.5,1,3.5263605246161616
15794253,Marsh,652.0,Spain,34.0,6,138190.13,2.0,0.0,1.0,146511.2,0,3.5553480614894135
15694453,Walker,652.0,Germany,37.0,9,131519.49,2.0,1.0,1.0,51752.18,0,3.6375861597263857
15813113,Chang,652.0,Spain,56.0,5,0.0,1.0,1.0,0.0,35418.69,1,4.04305126783455
15614187,Pottinger,652.0,Germany,39.0,3,126935.98,2.0,0.0,1.0,57995.74,0,3.6888794541139363
15619407,Buckley,652.0,France,39.0,4,133707.09,1.0,1.0,1.0,108152.75,0,3.6888794541139363
15646227,Folliero,652.0,France,27.0,1,97893.2,1.0,1.0,0.0,166144.98,0,3.332204510175204
15660541,Olisanugo,652.0,France,34.0,5,127900.03,1.0,1.0,0.0,101737.8,0,3.5553480614894135
15753874,Kent,652.0,France,37.0,10,143835.47,1.0,0.0,1.0,33326.71,0,3.6375861597263857
15617877,Jessop,652.0,France,44.0,0,0.0,2.0,1.0,1.0,81140.09,0,3.8066624897703196
15772073,Hodge,652.0,France,48.0,10,0.0,1.0,1.0,0.0,140173.17,1,3.8918202981106265
15701537,Ignatiev,652.0,France,60.0,2,0.0,1.0,1.0,1.0,166513.49,1,4.110873864173311
15736228,Chambers,652.0,France,40.0,3,129596.77,1.0,1.0,1.0,103232.6,0,3.713572066704308
15780572,Mansom,652.0,Spain,30.0,4,0.0,2.0,1.0,0.0,120736.04,0,3.4339872044851463
15769596,Yen,652.0,Germany,24.0,2,110407.44,2.0,0.0,0.0,15832.43,1,3.2188758248682006
15586996,Azikiwe,652.0,France,62.0,7,0.0,2.0,0.0,1.0,188772.45,0,4.343805421853684
15722061,Allen,652.0,Germany,41.0,8,142015.76,2.0,1.0,0.0,114323.66,0,3.7376696182833684
15638003,Komarova,652.0,Spain,55.0,1,81370.07,1.0,0.0,1.0,181534.04,0,4.02535169073515
15775590,Mackay,652.0,Germany,48.0,2,69329.47,1.0,0.0,0.0,102640.52,1,3.8918202981106265
15730688,Yu,652.0,France,28.0,8,116755.5,2.0,1.0,1.0,158585.17,1,3.367295829986474
15753102,Curtis,652.0,Spain,44.0,6,83870.33,1.0,1.0,0.0,178722.24,0,3.8066624897703196
15810075,Fang,652.0,France,39.0,6,130694.89,2.0,1.0,1.0,153955.38,1,3.6888794541139363
15723373,Page,652.0,Spain,34.0,8,117451.47,1.0,1.0,0.0,65374.86,0,3.5553480614894135
15795298,Olisaemeka,652.0,Germany,35.0,9,206868.78,2.0,0.0,1.0,102986.15,0,3.58351893845611
15584320,Brennan,652.0,France,39.0,3,111695.62,1.0,0.0,0.0,136643.84,0,3.6888794541139363
15724161,Sutton,652.0,France,40.0,9,137285.26,3.5,1.0,0.0,77063.63,1,3.713572066704308
15750056,Hyde,652.0,France,29.0,6,149218.39,1.0,1.0,1.0,9633.01,0,3.4011973816621555
15609637,Nkemakolam,652.0,France,51.0,7,0.0,2.0,0.0,1.0,43496.36,0,3.9512437185814275
15794493,Chimaijem,652.0,Spain,32.0,7,0.0,2.0,1.0,1.0,24267.28,0,3.4965075614664802
15569641,Sung,652.0,Germany,41.0,8,130701.29,1.0,1.0,0.0,59354.24,1,3.7376696182833684
15815236,Chiganu,652.0,Spain,34.0,5,0.0,2.0,0.0,0.0,28269.86,0,3.5553480614894135
15811177,Beneventi,652.0,France,31.0,3,167949.48,1.0,1.0,0.0,143162.34,0,3.4657359027997265
15680587,Esposito,652.0,France,23.0,4,131254.81,1.0,1.0,0.0,20199.3,0,3.1780538303479458
15672821,Owen,652.0,France,28.0,5,0.0,2.0,1.0,1.0,48606.92,0,3.367295829986474
15767681,Smalley,652.0,Spain,34.0,9,0.0,2.0,0.0,1.0,89013.67,0,3.5553480614894135
15600379,Hsiung,652.0,Spain,34.0,7,86656.13,1.0,0.0,1.0,59890.29,0,3.5553480614894135
15801336,Ch'ang,652.0,Germany,37.0,8,114737.26,1.0,1.0,1.0,106655.88,1,3.6375861597263857
15721592,Barton,652.0,France,38.0,5,0.0,2.0,1.0,0.0,156439.56,0,3.6635616461296463
15581282,Lucchese,652.0,France,39.0,6,0.0,1.0,1.0,0.0,24176.44,0,3.6888794541139363
15746203,Hsia,652.0,Germany,62.0,4,119817.33,1.0,0.0,1.0,43507.1,1,4.143134726391533
15583137,Pope,652.0,France,48.0,7,130806.99,2.0,1.0,1.0,132005.85,1,3.8918202981106265
15680752,Horrocks,652.0,France,49.0,0,0.0,1.0,1.0,1.0,80496.71,1,3.912023005428146
15688172,Tai,652.0,Spain,40.0,5,0.0,2.0,1.0,0.0,88947.56,0,3.713572066704308
15791373,Chikezie,652.0,Germany,35.0,2,80931.75,1.0,0.0,0.0,12639.67,1,3.58351893845611
15589449,Frye,652.0,France,56.0,3,0.0,3.0,1.0,1.0,94248.16,1,4.04305126783455
15692819,Toscani,652.0,Germany,32.0,1,132178.67,1.0,0.0,0.0,11865.76,0,3.4965075614664802
15727467,Mellor,652.0,France,27.0,3,0.0,2.0,1.0,0.0,141449.86,0,3.332204510175204
15734312,Kang,652.0,Spain,43.0,6,0.0,2.0,1.0,1.0,149457.81,0,3.784189633918261
15764604,Sutherland,652.0,France,35.0,7,164769.02,3.0,1.0,0.0,119814.25,1,3.58351893845611
15613014,Hs?,652.0,Germany,29.0,1,107233.85,2.0,1.0,0.0,24924.92,0,3.4011973816621555
15759684,Ting,652.0,France,27.0,7,176227.07,2.0,0.0,1.0,139481.53,0,3.332204510175204
15609669,Chuang,652.0,France,39.0,4,109949.39,2.0,1.0,1.0,41268.65,0,3.6888794541139363
15685536,Chu,652.0,France,34.0,5,0.0,2.0,1.0,1.0,1351.41,0,3.5553480614894135
15750447,Ozoemena,652.0,France,60.0,10,117738.81,1.0,1.0,0.0,147489.76,1,4.110873864173311
15663249,Howells,652.0,Spain,37.0,9,133292.45,1.0,1.0,0.0,111175.09,0,3.6375861597263857
15638646,Lucchese,652.0,France,43.0,1,160474.59,1.0,1.0,1.0,95963.14,0,3.784189633918261
15734161,Nnonso,652.0,France,43.0,6,0.0,2.0,1.0,0.0,43128.95,0,3.784189633918261
15631070,Gerasimova,652.0,Germany,55.0,9,154393.43,1.0,1.0,1.0,137674.96,1,4.02535169073515
15761950,Woronoff,652.0,Germany,45.0,9,110827.49,1.0,1.0,1.0,153383.54,1,3.828641396489095
15649668,Wilhelm,652.0,Germany,36.0,10,145750.45,2.0,1.0,1.0,96660.76,0,3.6109179126442243
15713912,Nebechukwu,652.0,Spain,45.0,8,109044.3,1.0,0.0,1.0,115818.16,0,3.828641396489095
15586757,Anenechukwu,652.0,France,32.0,4,75170.54,1.0,1.0,1.0,37898.5,0,3.4965075614664802
15596522,Meredith,652.0,France,42.0,2,0.0,2.0,1.0,0.0,145222.93,0,3.7612001156935624
15625395,Chinomso,652.0,France,28.0,6,105795.9,1.0,1.0,1.0,41219.09,0,3.367295829986474
15760570,Stephenson,652.0,France,32.0,5,0.0,2.0,1.0,0.0,59249.83,0,3.4965075614664802
15566689,Chimaoke,652.0,Spain,62.0,8,0.0,2.0,1.0,1.0,116747.62,0,4.204692619390966
15725794,Winters,652.0,France,49.0,1,0.0,1.0,1.0,0.0,116249.72,1,3.912023005428146
15673539,Napolitani,652.0,France,26.0,3,118097.87,1.0,1.0,0.0,61257.83,0,3.295836866004329
15705298,L?,652.0,Germany,29.0,0,172693.54,1.0,0.0,0.0,141798.98,0,3.4011973816621555
15675791,Williams,652.0,France,36.0,4,129440.3,2.0,1.0,0.0,102638.35,0,3.6109179126442243
15747043,Giles,652.0,Spain,36.0,4,0.0,2.0,0.0,0.0,13210.56,0,3.6109179126442243
15736397,Wang,652.0,France,23.0,1,96471.2,1.0,1.0,0.0,35550.97,0,3.1780538303479458
15678201,Robertson,652.0,France,46.0,1,0.0,1.0,1.0,1.0,104469.06,1,3.8501476017100584
15720745,Murray,652.0,Spain,24.0,4,140197.18,1.0,1.0,1.0,142935.83,0,3.2188758248682006
15637593,Greco,652.0,France,20.0,6,0.0,2.0,1.0,0.0,195486.28,0,3.044522437723423
15598070,Marchesi,652.0,France,33.0,4,135946.26,1.0,1.0,0.0,63170.0,0,3.5263605246161616
15787550,Chao,652.0,France,62.0,3,0.0,2.0,1.0,1.0,58320.06,0,4.248495242049359
15603942,Hawthorn,652.0,Germany,50.0,3,81290.02,3.0,0.0,1.0,177747.03,1,3.9318256327243257
15733973,Bibi,652.0,France,42.0,8,0.0,1.0,1.0,0.0,19632.64,1,3.7612001156935624
15596761,Hawdon,652.0,Germany,60.0,9,113715.36,1.0,1.0,0.0,18424.24,1,4.110873864173311
15652400,Moss,652.0,Spain,56.0,2,168883.08,1.0,0.0,1.0,18897.78,0,4.04305126783455
15717893,Briggs,652.0,Germany,36.0,8,143421.74,1.0,1.0,0.0,97879.02,0,3.6109179126442243
15622585,McIntyre,652.0,France,26.0,7,153644.39,1.0,1.0,1.0,63197.88,0,3.295836866004329
15733964,Russo,652.0,Spain,53.0,1,109330.06,1.0,1.0,1.0,75860.01,0,3.9889840465642745
15753861,Ballard,652.0,Germany,27.0,1,115095.88,2.0,0.0,0.0,78622.46,0,3.332204510175204
15747097,Hs?,652.0,France,35.0,10,0.0,1.0,1.0,1.0,23598.23,1,3.58351893845611
15594762,Pisani,652.0,Spain,46.0,1,183276.32,1.0,1.0,1.0,13460.27,0,3.8501476017100584
15667417,Tao,652.0,France,33.0,9,68193.72,1.0,1.0,0.0,19998.31,0,3.5263605246161616
15684861,Thomson,652.0,France,32.0,8,0.0,2.0,0.0,0.0,185075.63,0,3.4965075614664802
15742204,Hsu,652.0,Germany,31.0,6,139729.54,1.0,0.0,1.0,135815.38,0,3.4657359027997265
15623502,Morrison,652.0,Spain,56.0,4,98365.33,1.0,1.0,1.0,44251.33,0,4.04305126783455
15774872,Joslin,652.0,France,36.0,10,0.0,2.0,1.0,0.0,136349.55,0,3.6109179126442243
15611191,Scott,652.0,Germany,37.0,10,122453.97,2.0,1.0,1.0,52693.99,0,3.6375861597263857
15674331,Bidwill,652.0,Germany,30.0,7,132174.41,2.0,0.0,0.0,93767.03,0,3.4339872044851463
15619465,Cameron,652.0,Spain,24.0,2,0.0,2.0,0.0,1.0,197866.55,0,3.2188758248682006
15575247,Cartwright,652.0,France,30.0,1,0.0,2.0,1.0,0.0,126812.85,0,3.4339872044851463
15695679,Yao,652.0,Spain,39.0,2,104349.45,1.0,0.0,0.0,79503.05,0,3.6888794541139363
15713463,Tate,652.0,Germany,41.0,2,138881.04,1.0,1.0,0.0,129936.53,1,3.7376696182833684
15785170,Neal,652.0,Germany,32.0,0,116968.91,1.0,0.0,0.0,175094.62,0,3.4965075614664802
15796351,Yao,652.0,Germany,35.0,1,105346.03,2.0,1.0,1.0,130379.5,0,3.58351893845611
15639576,Burns,652.0,France,26.0,9,136623.19,1.0,1.0,0.0,153228.0,0,3.295836866004329
15693264,Onyinyechukwuka,652.0,France,29.0,10,0.0,2.0,1.0,1.0,111285.85,0,3.4011973816621555
15589715,Fulks,652.0,France,62.0,5,0.0,1.0,1.0,0.0,49553.38,1,4.204692619390966
15769902,Christie,652.0,France,33.0,6,0.0,2.0,1.0,1.0,98015.85,0,3.5263605246161616
15587177,Lloyd,652.0,France,36.0,6,124445.52,1.0,1.0,0.0,88481.32,0,3.6109179126442243
15814553,Ball,652.0,France,34.0,5,68999.66,2.0,1.0,1.0,66879.27,0,3.5553480614894135
15601550,Genovesi,652.0,Spain,36.0,6,85768.42,1.0,1.0,1.0,24802.77,0,3.6109179126442243
15664907,Alexander,652.0,France,47.0,1,0.0,1.0,1.0,0.0,21312.16,1,3.8712010109078907
15612465,Siciliano,652.0,Spain,34.0,9,100628.0,2.0,1.0,1.0,190263.78,0,3.5553480614894135
15810800,Ositadimma,652.0,Spain,32.0,0,0.0,1.0,1.0,1.0,72873.33,0,3.4965075614664802
15665760,Kazantsev,652.0,Spain,38.0,7,0.0,2.0,0.0,1.0,57764.65,0,3.6635616461296463
15588080,Giles,652.0,France,54.0,6,0.0,1.0,1.0,0.0,110273.84,1,4.007333185232471
15776844,Hao,652.0,Spain,19.0,6,0.0,2.0,1.0,0.0,55500.17,0,2.995732273553991
15717560,Martin,652.0,France,50.0,0,125647.36,1.0,1.0,0.0,57541.08,1,3.9318256327243257
15629739,Hartley,652.0,Germany,31.0,8,100375.39,1.0,1.0,1.0,90384.26,0,3.4657359027997265
15729908,Allan,652.0,France,36.0,10,0.0,1.0,0.0,0.0,120694.35,0,3.6109179126442243
15716781,Dolgorukova,652.0,France,24.0,7,171922.72,1.0,0.0,1.0,178028.96,0,3.2188758248682006
15646936,Nnamdi,652.0,Germany,32.0,2,146810.99,2.0,1.0,1.0,180990.29,0,3.4965075614664802
15768151,Romano,652.0,Germany,45.0,3,109032.23,1.0,0.0,1.0,155407.21,1,3.828641396489095
15579212,Chuang,652.0,France,57.0,6,0.0,1.0,1.0,0.0,33676.48,1,4.060443010546419
15721835,Owen,652.0,Spain,25.0,7,0.0,1.0,1.0,0.0,89666.28,0,3.258096538021482
15800515,Singh,652.0,France,35.0,5,128653.59,1.0,1.0,0.0,127558.26,0,3.58351893845611
15591279,Nwagugheuzo,652.0,France,37.0,3,80387.81,1.0,0.0,1.0,77272.62,0,3.6375861597263857
15587419,Shipton,652.0,France,58.0,8,0.0,2.0,0.0,1.0,107665.68,1,4.07753744390572
15750335,Paterson,652.0,Germany,43.0,0,108508.82,3.0,1.0,0.0,184044.8,1,3.784189633918261
15699619,Rivas,652.0,France,31.0,10,155978.17,1.0,1.0,0.0,91510.71,0,3.4657359027997265
15606472,Lung,652.0,France,38.0,5,0.0,1.0,1.0,1.0,87363.56,0,3.6635616461296463
15778368,Allan,652.0,Germany,50.0,4,121175.56,1.0,1.0,0.0,117505.07,1,3.9318256327243257
15671387,Fetherstonhaugh,652.0,France,29.0,4,89349.47,2.0,0.0,0.0,180626.68,0,3.4011973816621555
15573926,Lung,652.0,Spain,38.0,7,86131.71,2.0,0.0,0.0,93478.96,0,3.6635616461296463
15709183,Davidson,652.0,France,58.0,3,102346.86,1.0,1.0,1.0,114672.64,0,4.07753744390572
15577514,Mai,652.0,Germany,36.0,7,121263.62,1.0,1.0,1.0,13387.88,0,3.6109179126442243
15778830,Dellucci,652.0,France,31.0,2,0.0,2.0,1.0,0.0,173240.52,0,3.4657359027997265
15768072,Mitchell,652.0,Spain,33.0,2,0.0,1.0,0.0,0.0,27557.18,1,3.5263605246161616
15768293,Sun,652.0,France,51.0,3,0.0,2.0,1.0,1.0,5552.37,0,3.9512437185814275
15654456,Napolitano,652.0,Germany,48.0,6,149726.08,1.0,0.0,0.0,88307.87,1,3.8918202981106265
15807525,Bailey,652.0,France,43.0,2,0.0,2.0,1.0,0.0,33879.26,1,3.784189633918261
15574372,Hoolan,652.0,France,35.0,5,161274.05,2.0,1.0,0.0,181429.87,0,3.58351893845611
15671249,Kent,652.0,France,33.0,2,0.0,2.0,1.0,0.0,102655.31,0,3.5263605246161616
15779744,Chou,652.0,Spain,30.0,1,103138.17,1.0,1.0,1.0,96555.42,0,3.4339872044851463
15624755,Pepper,652.0,Germany,40.0,3,109628.44,1.0,1.0,0.0,189366.03,0,3.713572066704308
15611430,Abramowitz,652.0,France,54.0,5,0.0,1.0,1.0,0.0,12847.61,1,4.007333185232471
15774744,Lord,652.0,Germany,33.0,7,97286.16,2.0,1.0,0.0,143433.33,0,3.5263605246161616
15629885,Wilson,652.0,France,33.0,7,118004.26,1.0,1.0,0.0,183983.82,0,3.5263605246161616
15708791,Abazu,652.0,Spain,32.0,9,85534.83,1.0,0.0,0.0,169137.24,0,3.4965075614664802
15793890,Harriman,652.0,France,59.0,4,0.0,1.0,1.0,1.0,163365.85,1,4.0943445622221
15646091,Frankland,652.0,Spain,43.0,4,95140.44,2.0,1.0,0.0,123181.44,1,3.784189633918261
15596984,Pinto,652.0,France,31.0,6,0.0,1.0,1.0,1.0,16447.6,1,3.4657359027997265
15800215,Kwemtochukwu,652.0,France,25.0,3,0.0,2.0,0.0,1.0,173948.4,0,3.258096538021482
15577806,Chiu,652.0,Germany,54.0,1,75900.84,1.0,1.0,1.0,192154.66,0,4.007333185232471
15749381,Yu,652.0,France,41.0,2,126619.27,1.0,1.0,0.0,198224.38,0,3.7376696182833684
15683758,Onyekachukwu,652.0,France,44.0,7,111833.47,1.0,1.0,0.0,67202.74,0,3.8066624897703196
15670615,Castiglione,652.0,Spain,37.0,7,0.0,2.0,1.0,0.0,68789.93,0,3.6375861597263857
15715622,To Rot,652.0,France,57.0,3,238387.56,1.0,0.0,1.0,147964.99,1,4.060443010546419
15707634,Anenechukwu,652.0,France,32.0,2,108698.96,2.0,1.0,1.0,161069.73,0,3.4965075614664802
15806901,Henderson,652.0,France,39.0,2,112687.69,1.0,1.0,1.0,127749.61,0,3.6888794541139363
15775335,Ellis,652.0,Germany,48.0,4,81556.89,2.0,1.0,0.0,191914.37,0,3.8918202981106265
15724150,Nkemdirim,652.0,France,48.0,9,136596.85,1.0,1.0,1.0,185791.9,0,3.8918202981106265
15627220,Kang,652.0,Germany,43.0,9,98807.45,1.0,0.0,0.0,184570.04,1,3.784189633918261
15672330,Lear,652.0,France,31.0,1,0.0,2.0,0.0,1.0,130446.65,0,3.4657359027997265
15668521,Jamieson,652.0,France,37.0,1,0.0,2.0,1.0,1.0,82867.55,0,3.6375861597263857
15807837,Mazzanti,652.0,France,30.0,6,107499.7,1.0,1.0,1.0,187632.22,0,3.4339872044851463
15592570,Marino,652.0,Spain,23.0,8,0.0,2.0,1.0,0.0,56759.79,0,3.1780538303479458
15748589,Winter,652.0,France,30.0,9,0.0,2.0,1.0,0.0,34180.33,0,3.4339872044851463
15635893,T'ien,652.0,France,28.0,8,0.0,2.0,1.0,1.0,158545.25,0,3.367295829986474
15757632,Hughes-Jones,652.0,France,41.0,1,176024.05,2.0,1.0,0.0,182337.98,0,3.7376696182833684
15691863,Cody,652.0,France,39.0,3,0.0,2.0,1.0,1.0,84175.34,0,3.6888794541139363
15706071,Hunt,652.0,Germany,39.0,0,127631.62,1.0,0.0,1.0,22197.8,1,3.6888794541139363
15654296,Estrada,652.0,Spain,19.0,9,0.0,1.0,1.0,0.0,189641.11,0,2.995732273553991
15755018,Dickinson,652.0,Germany,26.0,10,109819.16,2.0,1.0,0.0,154491.39,0,3.295836866004329
15594041,Fanucci,652.0,Spain,41.0,2,138734.94,1.0,1.0,0.0,90020.74,0,3.7376696182833684
15670587,Yang,652.0,Germany,25.0,10,111363.1,2.0,1.0,0.0,197264.35,0,3.258096538021482
15724527,Forbes,652.0,France,34.0,9,0.0,2.0,1.0,1.0,31933.06,0,3.5553480614894135
15801904,Heard,652.0,Germany,28.0,0,143988.0,2.0,1.0,0.0,8755.69,1,3.367295829986474
15658195,Efremova,652.0,France,34.0,5,118838.75,1.0,1.0,1.0,52820.13,0,3.5553480614894135
15630113,Morphett,652.0,Spain,35.0,4,161637.75,1.0,1.0,1.0,20008.46,0,3.58351893845611
15784320,Lenhardt,652.0,France,44.0,3,133793.89,1.0,1.0,1.0,34607.14,1,3.8066624897703196
15676513,Burns,652.0,Germany,35.0,8,71553.83,1.0,1.0,0.0,177384.45,0,3.58351893845611
15574072,Ch'ien,652.0,France,62.0,8,0.0,1.0,1.0,1.0,165702.64,0,4.143134726391533
15633854,Sun,652.0,France,40.0,3,0.0,2.0,1.0,0.0,167889.1,0,3.713572066704308
15618566,Jamieson,652.0,France,38.0,7,0.0,2.0,1.0,1.0,133122.62,0,3.6635616461296463
15733014,Nolan,652.0,France,62.0,10,64667.95,2.0,0.0,1.0,140454.14,0,4.143134726391533
15753343,Barry,652.0,France,28.0,2,121164.11,1.0,1.0,1.0,59938.81,0,3.367295829986474
15746076,Saunders,652.0,Spain,50.0,3,0.0,2.0,1.0,0.0,12016.79,0,3.9318256327243257
15608226,McMorran,652.0,Spain,62.0,3,98903.06,1.0,1.0,1.0,81251.24,0,4.290459441148391
15605684,Phelan,652.0,France,31.0,7,104158.84,1.0,1.0,0.0,134169.85,0,3.4657359027997265
15638988,Fu,652.0,France,54.0,6,0.0,2.0,1.0,1.0,94888.6,0,4.007333185232471
15628767,Hotchin,652.0,Spain,62.0,3,139529.93,2.0,1.0,1.0,175696.16,1,4.1588830833596715
15737977,Aksyonov,652.0,France,25.0,6,0.0,2.0,0.0,1.0,96758.58,0,3.258096538021482
15758116,Rossi,652.0,France,53.0,5,64646.7,1.0,1.0,0.0,128019.48,1,3.9889840465642745
15575119,Hughes,652.0,France,62.0,3,0.0,2.0,1.0,1.0,146895.36,1,4.276666119016055
15625126,Duncan,652.0,France,40.0,6,0.0,2.0,1.0,1.0,139356.3,0,3.713572066704308
15567114,McGarry,652.0,France,35.0,1,118894.22,1.0,0.0,0.0,2923.61,0,3.58351893845611
15672242,Aksenov,652.0,France,24.0,2,0.0,1.0,0.0,1.0,121232.51,0,3.2188758248682006
15681327,Akhtar,652.0,France,30.0,9,0.0,2.0,1.0,1.0,2053.42,0,3.4339872044851463
15802585,Pisani,652.0,France,41.0,8,68213.99,1.0,1.0,1.0,6382.46,0,3.7376696182833684
15740630,Pisano,652.0,Spain,31.0,1,0.0,2.0,1.0,0.0,158750.13,0,3.4657359027997265
15815420,McDaniels,652.0,Spain,47.0,8,139196.0,1.0,0.0,1.0,74028.36,0,3.8712010109078907
15711468,Tennant,652.0,France,32.0,7,0.0,2.0,1.0,1.0,44099.75,0,3.4965075614664802
15799626,Donaghy,652.0,Germany,50.0,4,126345.55,1.0,0.0,1.0,17323.0,1,3.9318256327243257
15659325,Todd,652.0,Spain,40.0,5,0.0,2.0,1.0,1.0,175043.69,0,3.713572066704308
15651352,Tobenna,652.0,France,38.0,2,0.0,1.0,1.0,0.0,146388.85,1,3.6635616461296463
15684925,Vicars,652.0,France,43.0,3,0.0,2.0,0.0,0.0,2465.8,0,3.784189633918261
15657439,Chao,652.0,France,18.0,4,0.0,2.0,1.0,1.0,47799.15,0,2.9444389791664403
15574122,Tien,652.0,France,34.0,5,129278.43,1.0,0.0,0.0,165562.84,0,3.5553480614894135
15720508,Hsing,652.0,France,31.0,3,119558.35,1.0,0.0,0.0,72927.68,0,3.4657359027997265
15599078,Yang,652.0,Germany,41.0,5,92467.58,1.0,1.0,0.0,38270.47,0,3.7376696182833684
15702300,Walker,652.0,France,27.0,5,0.0,2.0,0.0,0.0,120893.07,0,3.332204510175204
15660735,T'ang,652.0,Spain,31.0,6,0.0,2.0,1.0,0.0,188377.21,0,3.4657359027997265
15671390,Chukwukere,652.0,Spain,36.0,10,0.0,2.0,1.0,0.0,55902.93,0,3.6109179126442243
15647385,Ch'iu,652.0,Spain,56.0,4,99340.83,1.0,0.0,0.0,4523.74,1,4.04305126783455
15739223,Pai,652.0,Spain,24.0,3,0.0,2.0,1.0,1.0,102195.16,0,3.2188758248682006
15631305,Franklin,652.0,Spain,28.0,4,126833.79,2.0,1.0,0.0,60843.09,1,3.367295829986474
15809263,Y?,652.0,Germany,29.0,5,109676.52,1.0,1.0,1.0,25548.47,0,3.4011973816621555
15640866,Peng,652.0,France,29.0,3,0.0,1.0,0.0,1.0,134462.29,0,3.4011973816621555
15775663,Otitodilichukwu,652.0,Germany,53.0,6,134729.99,2.0,1.0,1.0,132702.64,0,3.9889840465642745
15631800,Pagnotto,652.0,France,37.0,3,98431.37,1.0,0.0,0.0,75698.44,0,3.6375861597263857
15654292,Vessels,652.0,Germany,33.0,8,130368.31,2.0,1.0,0.0,105642.43,0,3.5263605246161616
15648320,Heller,652.0,France,31.0,7,123974.96,1.0,1.0,0.0,102153.75,0,3.4657359027997265
15726747,Donaldson,652.0,France,62.0,4,138082.16,1.0,0.0,1.0,166677.54,0,4.1588830833596715
15694510,Ifeanyichukwu,652.0,France,45.0,1,129855.32,1.0,0.0,0.0,24218.65,0,3.828641396489095
15572291,Kao,652.0,France,40.0,6,132308.22,1.0,0.0,0.0,117122.5,0,3.713572066704308
15603465,Dunn,652.0,Germany,45.0,5,155447.65,2.0,1.0,0.0,51871.95,1,3.828641396489095
15685628,Calabresi,652.0,Spain,35.0,2,124268.64,2.0,0.0,1.0,84321.03,0,3.58351893845611
15792729,Holland,652.0,Germany,34.0,9,176311.36,1.0,1.0,0.0,160213.27,0,3.5553480614894135
15767414,Calabresi,652.0,France,40.0,2,99886.42,2.0,1.0,1.0,88695.19,0,3.713572066704308
15568044,Butusov,652.0,France,31.0,7,0.0,2.0,1.0,1.0,6123.15,0,3.4657359027997265
15751333,Atkinson,652.0,France,36.0,2,0.0,2.0,0.0,1.0,167749.54,0,3.6109179126442243
15623062,Vasilyeva,652.0,Germany,24.0,5,85089.3,1.0,1.0,1.0,71638.0,0,3.2188758248682006
15713621,Mollison,652.0,Germany,41.0,10,134318.21,2.0,1.0,1.0,198064.52,0,3.7376696182833684
15670668,Webb,652.0,Germany,29.0,5,75395.53,2.0,0.0,1.0,54914.92,0,3.4011973816621555
15750638,Obiajulu,652.0,Germany,33.0,5,116765.7,1.0,0.0,0.0,190659.17,1,3.5263605246161616
15747878,Aiken,652.0,Spain,60.0,4,0.0,1.0,1.0,1.0,51637.67,0,4.110873864173311
15726796,Brabyn,652.0,France,38.0,7,111501.66,1.0,1.0,1.0,119333.38,0,3.6635616461296463
15754952,Su,652.0,Germany,48.0,7,76595.08,2.0,0.0,0.0,127095.14,0,3.8918202981106265
15652192,Traeger,652.0,France,33.0,9,160541.36,2.0,0.0,0.0,93541.14,0,3.5263605246161616
15681924,Ekwueme,652.0,Germany,38.0,2,129728.6,1.0,1.0,0.0,89289.54,0,3.6635616461296463
15763544,Thompson,652.0,France,47.0,1,0.0,2.0,0.0,0.0,108762.16,0,3.8712010109078907
15764431,Chinwenma,652.0,Spain,34.0,5,130929.02,3.5,1.0,1.0,28238.25,1,3.5553480614894135
15684010,Tuan,652.0,Germany,62.0,2,116800.25,1.0,1.0,1.0,34130.43,0,4.31748811353631
15648881,Tsai,652.0,Germany,40.0,0,101016.53,1.0,0.0,1.0,7926.35,1,3.713572066704308
15733303,Liu,652.0,France,62.0,5,0.0,2.0,1.0,1.0,27330.27,0,4.219507705176107
15643294,Robinson,652.0,France,33.0,8,190566.65,1.0,1.0,1.0,79997.14,0,3.5263605246161616
15749905,Carr,652.0,Spain,47.0,6,0.0,1.0,1.0,0.0,50213.81,1,3.8712010109078907
15625175,Palerma,652.0,Germany,43.0,6,97067.69,1.0,0.0,1.0,60920.03,1,3.784189633918261
15643967,Chineze,652.0,France,37.0,4,92208.54,1.0,0.0,1.0,197699.8,1,3.6375861597263857
15578251,Fang,652.0,France,37.0,2,186347.97,2.0,1.0,0.0,92809.73,0,3.6375861597263857
15772573,Simpson,652.0,Spain,55.0,2,103176.62,1.0,0.0,1.0,163516.16,0,4.02535169073515
15733234,Moretti,652.0,France,58.0,4,0.0,1.0,1.0,1.0,62449.07,1,4.07753744390572
15721582,Hale,652.0,Germany,40.0,4,77270.08,2.0,1.0,1.0,115800.1,1,3.713572066704308
15628219,Benson,652.0,Germany,37.0,3,111911.63,1.0,1.0,1.0,110359.68,1,3.6375861597263857
15571302,Estep,652.0,Germany,62.0,5,94216.05,1.0,1.0,1.0,78695.68,0,4.290459441148391
15637178,Mishina,652.0,Spain,45.0,7,0.0,2.0,1.0,1.0,128378.04,0,3.828641396489095
15601184,Abramovich,652.0,Spain,26.0,3,0.0,2.0,1.0,0.0,155248.62,0,3.295836866004329
15629511,Lavrentiev,652.0,France,49.0,6,106770.82,1.0,1.0,0.0,123499.27,0,3.912023005428146
15570629,Alexeyeva,652.0,Germany,62.0,5,138089.97,2.0,1.0,1.0,99920.41,0,4.290459441148391
15665766,T'ang,652.0,Germany,39.0,9,133191.19,2.0,0.0,1.0,53289.49,0,3.6888794541139363
15693732,Kilgour,652.0,France,62.0,9,0.0,2.0,1.0,1.0,67622.34,0,4.204692619390966
15765982,Chin,652.0,France,41.0,7,74135.85,1.0,1.0,1.0,11783.1,1,3.7376696182833684
15582016,Fiorentini,652.0,Spain,41.0,6,99208.46,2.0,1.0,0.0,62402.38,0,3.7376696182833684
15798024,Lori,652.0,Germany,62.0,8,92242.34,1.0,1.0,1.0,186235.98,0,4.442651256490317
15588622,Marchesi,652.0,Germany,25.0,7,108380.72,1.0,1.0,1.0,79005.95,0,3.258096538021482
15724863,Sheppard,652.0,Spain,55.0,4,91893.32,1.0,1.0,0.0,144870.28,1,4.02535169073515
15618213,Nnanna,652.0,France,32.0,7,85757.93,1.0,1.0,1.0,95481.0,0,3.4965075614664802
15780411,Norris,652.0,France,46.0,3,0.0,2.0,0.0,0.0,820.46,0,3.8501476017100584
15725429,Vincent,652.0,Germany,33.0,8,96759.42,1.0,1.0,1.0,174777.98,0,3.5263605246161616
15600626,Bradley,652.0,France,30.0,6,0.0,2.0,1.0,1.0,8991.17,0,3.4339872044851463
15668460,Bellucci,652.0,France,29.0,6,0.0,2.0,1.0,1.0,2797.27,0,3.4011973816621555
15576263,Clements,652.0,France,22.0,5,0.0,1.0,1.0,0.0,22303.17,0,3.1354942159291497
15720354,Knowles,652.0,France,62.0,4,0.0,2.0,1.0,1.0,197562.08,0,4.276666119016055
15691624,Chidiebere,652.0,France,33.0,2,132150.26,2.0,1.0,0.0,23067.97,0,3.5263605246161616
15793196,Kelly,652.0,France,41.0,9,0.0,2.0,0.0,1.0,190294.12,0,3.7376696182833684
15633352,Okwukwe,652.0,France,31.0,6,175443.75,1.0,1.0,0.0,113167.17,1,3.4657359027997265
15750874,Onyemere,652.0,France,31.0,3,78990.15,1.0,1.0,1.0,124777.14,0,3.4657359027997265
15588923,Murphy,652.0,France,33.0,4,113743.37,1.0,1.0,0.0,124625.08,0,3.5263605246161616
15715745,Elliott,652.0,France,26.0,5,157624.84,1.0,1.0,1.0,49599.27,0,3.295836866004329
15611800,Loggia,652.0,France,62.0,7,125163.62,2.0,1.0,1.0,151411.5,0,4.143134726391533
15576928,Walsh,652.0,France,23.0,2,0.0,1.0,1.0,0.0,122964.18,0,3.1780538303479458
15793693,Mahomed,652.0,France,60.0,9,0.0,1.0,1.0,1.0,57088.97,0,4.110873864173311
15581252,Dolgorukova,652.0,Spain,29.0,7,80922.75,1.0,1.0,0.0,7820.78,0,3.4011973816621555
15797760,Bogdanov,652.0,France,40.0,3,193354.86,2.0,1.0,0.0,149188.41,0,3.713572066704308
15790564,She,652.0,Germany,40.0,9,107648.94,2.0,1.0,1.0,134638.97,0,3.713572066704308
15593736,Cook,652.0,Germany,46.0,7,131769.04,1.0,0.0,0.0,184980.23,1,3.8501476017100584
15595937,Bruno,652.0,Germany,36.0,1,138992.48,2.0,0.0,0.0,122373.42,0,3.6109179126442243
15815628,Moysey,652.0,France,37.0,8,113899.92,1.0,0.0,0.0,80215.2,0,3.6375861597263857
15782802,Beneventi,652.0,Germany,26.0,6,114450.32,1.0,1.0,1.0,14081.64,0,3.295836866004329
15627412,Ferri,652.0,France,39.0,3,0.0,2.0,1.0,0.0,199390.45,0,3.6888794541139363
15734609,Skinner,652.0,France,37.0,2,0.0,2.0,1.0,1.0,7667.48,0,3.6375861597263857
15710689,Angel,652.0,Spain,40.0,6,63609.92,1.0,0.0,0.0,74965.61,1,3.713572066704308
15565806,Toosey,652.0,France,38.0,9,0.0,2.0,0.0,0.0,30583.95,0,3.6635616461296463
15815530,Chin,652.0,France,42.0,10,75497.51,1.0,0.0,0.0,149682.78,0,3.7612001156935624
15632272,Lung,652.0,France,42.0,2,0.0,2.0,1.0,0.0,92664.09,0,3.7612001156935624
15684103,Mellor,652.0,France,26.0,10,0.0,2.0,1.0,1.0,138423.1,0,3.295836866004329
15654519,Hassall,652.0,France,31.0,1,0.0,2.0,1.0,1.0,3148.2,0,3.4657359027997265
15767722,Richardson,652.0,France,39.0,0,117704.73,1.0,1.0,0.0,197933.5,0,3.6888794541139363
15654346,Poninski,652.0,Germany,35.0,1,130463.55,2.0,1.0,1.0,37341.17,0,3.58351893845611
15660147,Dore,652.0,Spain,32.0,8,46161.18,1.0,1.0,1.0,79577.4,0,3.4965075614664802
15814998,Bonham,652.0,Spain,42.0,5,0.0,2.0,0.0,0.0,197602.29,0,3.7612001156935624
15802207,Ibezimako,652.0,Germany,43.0,4,110182.54,2.0,1.0,1.0,87537.32,0,3.784189633918261
15658668,Hunter,652.0,Spain,49.0,10,0.0,2.0,0.0,0.0,41623.59,0,3.912023005428146
15715079,Bold,652.0,France,41.0,9,117221.15,1.0,1.0,0.0,168280.95,0,3.7376696182833684
15570360,Wan,652.0,France,35.0,4,0.0,2.0,0.0,0.0,125986.18,0,3.58351893845611
15674678,Bradley,652.0,Germany,43.0,9,79120.27,1.0,0.0,0.0,548.52,1,3.784189633918261
15780925,Tretyakova,652.0,France,37.0,1,177069.24,2.0,1.0,1.0,96088.54,0,3.6375861597263857
15688193,Graham,652.0,France,36.0,3,61636.97,1.0,0.0,0.0,107787.42,0,3.6109179126442243
15778219,Izmailov,652.0,France,26.0,5,0.0,1.0,1.0,0.0,20510.79,0,3.295836866004329
15696514,Calabrese,652.0,Germany,37.0,6,104414.03,1.0,1.0,0.0,192026.02,0,3.6375861597263857
15712303,Valentin,652.0,France,62.0,4,159732.02,1.0,1.0,1.0,118188.15,0,4.204692619390966
15719090,Osonduagwuike,652.0,Germany,34.0,4,89437.03,1.0,1.0,1.0,189540.95,0,3.5553480614894135
15735632,Williamson,652.0,France,41.0,8,0.0,1.0,1.0,1.0,63736.17,0,3.7376696182833684
15619436,Pan,652.0,France,32.0,3,0.0,1.0,0.0,0.0,95740.37,0,3.4965075614664802
15722404,Carpenter,652.0,France,30.0,3,0.0,2.0,1.0,1.0,127939.19,0,3.4339872044851463
15662063,McIver,652.0,France,36.0,7,142400.77,1.0,1.0,1.0,193438.69,0,3.6109179126442243
15745605,Trevisan,652.0,France,47.0,2,88011.4,1.0,1.0,1.0,90655.94,1,3.8712010109078907
15636658,Rozhkova,652.0,France,36.0,2,0.0,2.0,1.0,1.0,12067.39,0,3.6109179126442243
15784130,He,652.0,Germany,30.0,8,154870.28,1.0,1.0,1.0,54191.38,0,3.4339872044851463
15606755,Moretti,652.0,Spain,46.0,4,0.0,2.0,1.0,0.0,58667.16,1,3.8501476017100584
15801699,Fishbourne,652.0,Spain,43.0,5,0.0,2.0,1.0,1.0,35687.43,0,3.784189633918261
15784097,Gibson,652.0,Germany,28.0,1,118402.25,2.0,1.0,0.0,14288.93,0,3.367295829986474
15764654,Zikoranachidimma,652.0,France,37.0,9,87374.88,2.0,1.0,1.0,247.36,0,3.6375861597263857
15612092,Palmer,652.0,Germany,32.0,8,105397.8,1.0,1.0,0.0,78111.84,1,3.4965075614664802
15610903,Chukwueloka,652.0,Spain,31.0,5,125341.69,1.0,1.0,0.0,79547.39,0,3.4657359027997265
15705777,Real,652.0,Germany,49.0,10,129164.88,1.0,1.0,1.0,193266.72,0,3.912023005428146
15661936,Chikelu,652.0,France,40.0,3,141004.46,1.0,1.0,0.0,105028.46,0,3.713572066704308
15700864,Fiorentini,652.0,France,21.0,0,0.0,2.0,1.0,0.0,116106.52,0,3.091042453358316
15722965,Yefimova,652.0,France,57.0,3,89079.41,1.0,1.0,1.0,53179.21,1,4.060443010546419
15737521,Ball,652.0,Germany,40.0,9,103604.31,2.0,0.0,0.0,140947.05,0,3.713572066704308
15814465,Ch'in,652.0,France,24.0,1,182705.05,1.0,1.0,1.0,171837.06,0,3.2188758248682006
15580988,Odell,652.0,France,29.0,8,0.0,2.0,1.0,1.0,123437.05,0,3.4011973816621555
15789974,Enemuo,652.0,France,33.0,6,94598.48,1.0,0.0,0.0,197519.66,1,3.5263605246161616
15713370,Hunter,652.0,Spain,36.0,8,188241.05,2.0,0.0,0.0,183058.51,1,3.6109179126442243
15748673,Nepean,652.0,France,37.0,9,0.0,2.0,0.0,0.0,22710.72,0,3.6375861597263857
15754919,Nwebube,652.0,France,40.0,10,0.0,2.0,0.0,1.0,69303.15,0,3.713572066704308
15641662,Enticknap,652.0,Germany,39.0,5,117469.91,2.0,0.0,0.0,63705.9,0,3.6888794541139363
15813422,Lu,652.0,Spain,35.0,4,80790.74,1.0,1.0,0.0,116429.51,0,3.58351893845611
15713596,Ugochukwu,652.0,France,62.0,1,107735.93,1.0,0.0,1.0,58381.77,0,4.143134726391533
15791216,Mann,652.0,Germany,43.0,8,133379.41,1.0,1.0,0.0,177378.66,1,3.784189633918261
15689031,Murphy,652.0,Spain,37.0,7,168066.87,1.0,1.0,0.0,35450.53,0,3.6375861597263857
15763704,Docherty,652.0,Germany,43.0,2,69014.49,2.0,0.0,0.0,164621.43,0,3.784189633918261
15631339,Adams,652.0,France,28.0,4,0.0,1.0,1.0,0.0,174435.48,0,3.367295829986474
15771509,Hirst,652.0,Germany,42.0,1,98548.62,2.0,0.0,1.0,94047.75,0,3.7612001156935624
15769586,Horan,652.0,France,49.0,1,0.0,2.0,1.0,1.0,119087.25,0,3.912023005428146
15656096,Cumbrae-Stewart,652.0,Spain,26.0,3,76554.06,1.0,1.0,1.0,184800.27,0,3.295836866004329
15585280,Kinney,652.0,France,36.0,2,0.0,2.0,0.0,1.0,75035.48,0,3.6109179126442243
15743582,T'ang,652.0,France,27.0,3,107375.82,1.0,1.0,1.0,62703.38,0,3.332204510175204
15761692,Muir,652.0,France,40.0,9,122417.17,2.0,0.0,1.0,190882.69,0,3.713572066704308
15627840,Toscano,652.0,France,42.0,0,0.0,1.0,0.0,1.0,91981.85,1,3.7612001156935624
15778861,Wallace,652.0,Spain,33.0,6,97188.62,1.0,0.0,0.0,91881.29,0,3.5263605246161616
15770554,Fraser,652.0,France,31.0,4,61297.05,2.0,1.0,1.0,7118.02,0,3.4657359027997265
15806956,Iqbal,652.0,Spain,30.0,1,112666.67,1.0,0.0,0.0,11710.4,1,3.4339872044851463
15701908,Nina,652.0,Spain,40.0,7,0.0,1.0,1.0,1.0,25904.12,0,3.713572066704308
15736990,Chuang,652.0,France,28.0,3,157842.07,1.0,1.0,0.0,86911.49,0,3.367295829986474
15743714,Ch'ien,652.0,France,46.0,7,91443.75,1.0,1.0,0.0,10958.18,0,3.8501476017100584
15807993,Bruno,652.0,Germany,30.0,0,110148.49,1.0,1.0,0.0,5790.9,1,3.4339872044851463
15644686,Kennedy,652.0,Spain,34.0,9,53299.96,2.0,1.0,1.0,42855.97,0,3.5553480614894135
15677377,Lawrence,652.0,Spain,37.0,3,0.0,2.0,1.0,1.0,78915.68,0,3.6375861597263857
15626412,Mort,652.0,Spain,39.0,6,0.0,2.0,1.0,1.0,81409.0,0,3.6888794541139363
15643679,Goliwe,652.0,Germany,28.0,2,70233.74,2.0,1.0,1.0,179252.73,0,3.367295829986474
15728456,Martinez,652.0,France,33.0,3,0.0,1.0,1.0,0.0,42171.13,1,3.5263605246161616
15630661,Vasilyev,652.0,Spain,25.0,10,75212.28,1.0,1.0,0.0,58965.04,0,3.258096538021482
15734044,Black,652.0,France,31.0,7,41299.03,1.0,0.0,1.0,102681.32,0,3.4657359027997265
15705001,Napolitani,652.0,Spain,35.0,3,83286.56,1.0,1.0,0.0,125553.52,0,3.58351893845611
15809817,Ch'en,652.0,Spain,43.0,10,0.0,2.0,0.0,0.0,53478.02,0,3.784189633918261
15809137,Sagese,652.0,France,29.0,6,0.0,1.0,0.0,0.0,198376.02,1,3.4011973816621555
15751593,Fraser,652.0,Germany,35.0,6,85668.59,1.0,1.0,0.0,105525.36,0,3.58351893845611
15626491,Hughes,652.0,France,45.0,7,57327.04,1.0,0.0,1.0,47349.0,0,3.828641396489095
15765461,Giles,652.0,Spain,47.0,3,0.0,2.0,1.0,0.0,178822.32,0,3.8712010109078907
15568120,Lacross,652.0,France,37.0,7,69609.85,1.0,1.0,1.0,72127.83,0,3.6375861597263857
15787161,Pisani,652.0,Germany,46.0,4,129269.27,1.0,1.0,0.0,163504.33,0,3.8501476017100584
15812324,King,652.0,France,27.0,1,0.0,2.0,1.0,1.0,190623.02,0,3.332204510175204
15588944,Maughan,652.0,France,62.0,1,165350.61,2.0,0.0,0.0,140758.07,1,4.1588830833596715
15694253,Palerma,652.0,France,41.0,7,152105.57,2.0,0.0,1.0,132374.41,0,3.7376696182833684
15759566,Tochukwu,652.0,France,62.0,10,0.0,2.0,1.0,1.0,53949.98,0,4.31748811353631
15675675,Slate,652.0,France,32.0,5,106290.64,1.0,1.0,0.0,121982.73,0,3.4965075614664802
15802060,Ch'ang,652.0,Germany,30.0,10,100548.67,2.0,0.0,0.0,136983.77,0,3.4339872044851463
15660505,Romani,652.0,Germany,46.0,2,106344.95,1.0,1.0,0.0,114371.33,1,3.8501476017100584
15782630,Genovese,652.0,France,35.0,5,137482.19,1.0,0.0,0.0,62389.35,0,3.58351893845611
15700710,Chiebuka,652.0,France,37.0,3,116465.53,1.0,0.0,1.0,24435.77,0,3.6375861597263857
15742834,Liao,652.0,France,45.0,1,0.0,1.0,1.0,1.0,10908.33,0,3.828641396489095
15806511,Berry,652.0,Spain,45.0,10,0.0,2.0,0.0,1.0,90977.48,0,3.828641396489095
15608166,Fallaci,652.0,France,36.0,9,127637.92,1.0,1.0,1.0,81062.93,0,3.6109179126442243
15614230,T'an,652.0,France,34.0,3,0.0,2.0,1.0,1.0,61230.83,0,3.5553480614894135
15729958,Wilkinson,652.0,France,37.0,1,0.0,1.0,1.0,1.0,126837.72,0,3.6375861597263857
15800814,Palerma,652.0,France,35.0,2,81951.74,2.0,1.0,0.0,115668.53,0,3.58351893845611
15674727,Lazarev,652.0,France,42.0,5,147531.82,1.0,1.0,1.0,38819.45,0,3.7612001156935624
15657779,Boylan,652.0,Spain,18.0,3,0.0,2.0,1.0,1.0,86994.54,0,2.9444389791664403
15801395,Warren,652.0,France,33.0,10,135120.72,1.0,0.0,0.0,195204.99,0,3.5263605246161616
15757911,Trevisani,652.0,Spain,32.0,2,0.0,1.0,0.0,0.0,131301.74,0,3.4965075614664802
15665340,Trevisano,652.0,Spain,37.0,8,0.0,2.0,0.0,1.0,100835.19,0,3.6375861597263857
15787151,Liao,652.0,France,34.0,7,0.0,2.0,1.0,1.0,198969.78,0,3.5553480614894135
15757821,Burgess,652.0,Spain,18.0,1,0.0,2.0,0.0,0.0,41542.95,0,2.9444389791664403
15600688,Liston,652.0,France,39.0,5,0.0,2.0,0.0,0.0,118272.07,0,3.6888794541139363
15594878,Thompson,652.0,Spain,41.0,5,28082.95,1.0,1.0,0.0,69586.27,1,3.7376696182833684
15569248,Milanesi,652.0,France,43.0,10,0.0,2.0,1.0,0.0,149629.13,1,3.784189633918261
15812706,Mazure,652.0,Spain,49.0,4,111087.5,1.0,0.0,1.0,146680.25,0,3.912023005428146
15645045,Rudduck,652.0,France,38.0,9,0.0,2.0,1.0,1.0,132809.18,0,3.6635616461296463
15766746,Darwin,652.0,France,35.0,6,127120.07,1.0,1.0,0.0,28707.69,0,3.58351893845611
15700383,Uvarova,652.0,France,35.0,7,115651.6,2.0,1.0,1.0,104706.29,0,3.58351893845611
15632551,Buccho,652.0,Germany,31.0,4,77743.01,2.0,1.0,0.0,75335.68,0,3.4657359027997265
15795129,Gallo,652.0,France,30.0,9,0.0,2.0,1.0,0.0,136827.96,0,3.4339872044851463
15650545,Tomlinson,652.0,France,62.0,7,71996.09,1.0,1.0,1.0,139065.94,0,4.248495242049359
15612769,Carr,652.0,France,28.0,5,61581.97,1.0,1.0,1.0,70179.91,0,3.367295829986474
15710853,Ts'ui,652.0,France,24.0,5,0.0,2.0,1.0,0.0,116160.04,0,3.2188758248682006
15623712,Coates,652.0,Spain,42.0,5,0.0,3.0,1.0,0.0,83008.49,1,3.7612001156935624
15653251,Hickey,652.0,France,62.0,8,87873.39,1.0,0.0,0.0,188484.52,1,4.442651256490317
15755077,Norton,652.0,Germany,37.0,0,105617.73,2.0,1.0,1.0,133699.82,1,3.6375861597263857
15808557,Mancini,652.0,France,42.0,5,0.0,1.0,0.0,1.0,72172.13,1,3.7612001156935624
15614687,Tien,652.0,Germany,44.0,4,148770.61,2.0,1.0,1.0,191057.76,0,3.8066624897703196
15626882,Stobie,652.0,Spain,37.0,5,94901.09,1.0,1.0,1.0,48233.75,0,3.6375861597263857
15748034,Drakeford,652.0,France,29.0,7,174851.9,1.0,1.0,1.0,79178.31,0,3.4011973816621555
15632324,Pisani,652.0,France,59.0,7,0.0,2.0,1.0,1.0,162347.05,0,4.0943445622221
15761023,Murphy,652.0,Germany,43.0,2,120847.11,1.0,1.0,0.0,7611.61,1,3.784189633918261
15761453,Kovalev,652.0,France,42.0,6,0.0,1.0,1.0,0.0,88890.05,0,3.7612001156935624
15646726,Crawford,652.0,France,43.0,5,0.0,1.0,0.0,0.0,63833.09,0,3.784189633918261
15637169,Maclean,652.0,Spain,62.0,4,103267.8,1.0,1.0,1.0,78310.04,0,4.219507705176107
15636024,Blackburn,652.0,Spain,34.0,4,109699.08,1.0,1.0,1.0,37898.91,0,3.5553480614894135
15801218,Bermudez,652.0,France,49.0,8,135133.39,1.0,0.0,1.0,179521.24,1,3.912023005428146
15642655,Savage,652.0,Spain,33.0,1,0.0,1.0,1.0,0.0,130726.96,0,3.5263605246161616
15690130,Wyatt,652.0,France,32.0,8,137649.47,1.0,0.0,0.0,198714.29,0,3.4965075614664802
15653753,Chiemenam,652.0,Spain,43.0,6,113567.94,1.0,1.0,0.0,89543.25,0,3.784189633918261
15641359,Shao,652.0,Spain,35.0,6,0.0,2.0,0.0,0.0,2423.9,1,3.58351893845611
15776827,Langdon,652.0,Germany,37.0,5,141547.26,2.0,0.0,1.0,180326.83,0,3.6375861597263857
15647725,Napolitano,652.0,France,61.0,5,62055.17,3.0,1.0,0.0,166305.16,1,4.127134385045092
15648455,Kung,652.0,Germany,51.0,4,131156.76,1.0,1.0,0.0,29883.63,0,3.9512437185814275
15580629,Blackwood,652.0,France,31.0,6,134837.58,1.0,1.0,0.0,192029.19,0,3.4657359027997265
15730161,Marcelo,652.0,France,39.0,3,0.0,2.0,1.0,0.0,1710.89,0,3.6888794541139363
15626612,Yin,652.0,Spain,40.0,4,104784.23,1.0,1.0,0.0,135163.76,1,3.713572066704308
15662865,Storey,652.0,Spain,36.0,1,0.0,2.0,0.0,1.0,84927.42,0,3.6109179126442243
15629094,Fomin,652.0,France,36.0,1,156948.41,1.0,1.0,1.0,149912.28,1,3.6109179126442243
15651823,Nkemjika,652.0,France,60.0,6,147751.75,1.0,1.0,0.0,88206.04,1,4.110873864173311
15594827,Glasgow,652.0,France,34.0,1,124619.33,2.0,0.0,1.0,163667.56,0,3.5553480614894135
15786392,Chen,652.0,France,41.0,4,124182.21,1.0,0.0,0.0,100153.43,0,3.7376696182833684
15727353,Ch'ang,652.0,France,62.0,7,142028.36,1.0,1.0,0.0,32275.09,1,4.174387269895637
15733777,Evans,652.0,France,44.0,8,0.0,1.0,0.0,0.0,65501.91,1,3.8066624897703196
15614302,Crotty,652.0,Germany,31.0,10,125837.86,2.0,1.0,0.0,189392.66,0,3.4657359027997265
15723263,Cocci,652.0,Germany,34.0,9,117160.32,1.0,1.0,1.0,116069.24,1,3.5553480614894135
15687270,Iroawuchi,652.0,Spain,61.0,8,0.0,2.0,0.0,1.0,139861.53,0,4.127134385045092
15803121,Chia,652.0,France,51.0,5,97565.74,1.0,0.0,0.0,144184.06,1,3.9512437185814275
15598700,Hysell,652.0,Spain,30.0,5,0.0,2.0,0.0,1.0,157888.5,0,3.4339872044851463
15741875,Williamson,652.0,Spain,25.0,3,104833.79,1.0,0.0,0.0,71911.3,0,3.258096538021482
15631709,Ginikanwa,652.0,Spain,31.0,2,101675.22,2.0,1.0,0.0,45033.75,0,3.4657359027997265
15672970,Chigolum,652.0,Spain,20.0,3,0.0,2.0,0.0,1.0,150465.93,0,3.044522437723423
15761670,Morley,652.0,France,50.0,8,0.0,1.0,1.0,0.0,126381.6,1,3.9318256327243257
15706005,Roberts,652.0,France,46.0,2,174701.05,1.0,1.0,0.0,90189.72,1,3.8501476017100584
15790336,Tokareva,652.0,Germany,36.0,6,71142.77,2.0,1.0,0.0,122433.09,0,3.6109179126442243
15754267,Fleming,652.0,Germany,31.0,3,108805.42,2.0,0.0,1.0,123825.83,0,3.4657359027997265
15791988,Chinomso,652.0,France,62.0,4,0.0,2.0,1.0,1.0,11426.7,0,4.23410650459726
15683375,Compton,652.0,France,32.0,4,0.0,1.0,1.0,1.0,114951.42,0,3.4965075614664802
15625151,Wan,652.0,France,62.0,9,116037.76,1.0,0.0,1.0,184636.05,0,4.204692619390966
15635285,Taylor,652.0,France,28.0,8,0.0,2.0,1.0,1.0,91055.27,0,3.367295829986474
15574296,Kambinachi,652.0,France,23.0,2,80673.96,2.0,1.0,0.0,93991.65,0,3.1780538303479458
15711618,Chang,652.0,Germany,39.0,1,124640.51,1.0,1.0,0.0,116511.12,1,3.6888794541139363
15670943,See,652.0,Germany,31.0,9,182275.23,2.0,1.0,0.0,190631.23,0,3.4657359027997265
15634359,Dyer,652.0,Germany,41.0,5,98635.77,1.0,1.0,0.0,199970.74,0,3.7376696182833684
15586629,Campbell,652.0,France,33.0,5,0.0,2.0,1.0,0.0,139947.17,0,3.5263605246161616
15588461,Cremonesi,652.0,France,35.0,4,0.0,1.0,1.0,0.0,8816.37,0,3.58351893845611
15773221,Harris,652.0,Spain,43.0,8,79757.21,1.0,1.0,0.0,135650.72,1,3.784189633918261
15664227,Threatt,652.0,Germany,28.0,8,53053.76,1.0,0.0,1.0,24577.34,0,3.367295829986474
15741745,Lane,652.0,France,28.0,7,120911.75,2.0,1.0,1.0,131249.46,0,3.367295829986474
15652626,Grave,652.0,France,55.0,4,115285.85,1.0,1.0,0.0,140126.17,0,4.02535169073515
15599410,Stanley,652.0,France,41.0,2,0.0,2.0,1.0,0.0,168219.75,0,3.7376696182833684
15571958,McIntosh,652.0,Spain,40.0,3,221532.8,1.0,1.0,0.0,171867.08,0,3.713572066704308
15785406,Watts,652.0,France,51.0,4,105056.13,1.0,0.0,0.0,70613.52,0,3.9512437185814275
15687884,Alekseyeva,652.0,France,37.0,3,88363.03,1.0,0.0,1.0,117946.3,0,3.6375861597263857
15621685,Davies,652.0,France,29.0,2,123757.52,2.0,1.0,0.0,84872.66,0,3.4011973816621555
15628886,Matlock,652.0,Spain,56.0,5,123959.97,1.0,1.0,1.0,60590.72,1,4.04305126783455
15699325,Fedorova,652.0,Germany,62.0,10,114822.64,1.0,0.0,1.0,8444.5,0,4.143134726391533
15578369,Chiedozie,652.0,Germany,37.0,9,145219.3,1.0,1.0,0.0,159132.83,0,3.6375861597263857
15654156,Marcelo,652.0,Germany,32.0,5,106807.64,1.0,1.0,1.0,76998.69,0,3.4965075614664802
15707199,Cooper,652.0,France,36.0,0,148159.71,1.0,0.0,0.0,55835.66,0,3.6109179126442243
15671630,McMillan,652.0,Germany,40.0,1,99745.95,1.0,1.0,0.0,177524.19,0,3.713572066704308
15632079,Hardy,652.0,Germany,37.0,8,156282.79,1.0,1.0,0.0,45985.52,0,3.6375861597263857
15767921,Madukwe,652.0,France,41.0,7,0.0,2.0,1.0,0.0,60297.72,0,3.7376696182833684
15573599,Adamson,652.0,France,57.0,6,0.0,2.0,0.0,1.0,194421.12,1,4.060443010546419
15747208,Watt,652.0,France,50.0,6,0.0,1.0,1.0,0.0,93568.77,1,3.9318256327243257
15582762,Mazzanti,652.0,Spain,62.0,2,0.0,1.0,1.0,1.0,34702.92,0,4.356708826689592
15772528,Mishin,652.0,France,47.0,7,121376.15,2.0,1.0,0.0,54473.6,1,3.8712010109078907
15755798,Feng,652.0,France,33.0,4,111582.11,1.0,0.0,0.0,113943.17,0,3.5263605246161616
15788683,Kang,652.0,Germany,34.0,10,129417.82,1.0,1.0,0.0,153727.32,0,3.5553480614894135
15616922,Kelly,652.0,France,26.0,1,0.0,2.0,1.0,1.0,19116.97,0,3.295836866004329
15771855,Yu,652.0,France,37.0,5,0.0,2.0,0.0,1.0,112554.68,0,3.6375861597263857
15601873,Bull,652.0,France,36.0,7,0.0,1.0,1.0,0.0,47318.75,0,3.6109179126442243
15657868,Serra,652.0,Germany,40.0,6,94607.08,1.0,1.0,0.0,36690.49,0,3.713572066704308
15711716,Ferguson,652.0,France,56.0,1,131368.3,1.0,1.0,0.0,106918.67,1,4.04305126783455
15734246,She,652.0,France,21.0,8,166883.07,2.0,0.0,1.0,194563.65,0,3.091042453358316
15792151,Hamilton,652.0,Spain,37.0,3,0.0,2.0,1.0,0.0,91086.73,0,3.6375861597263857
15770159,Nnanna,652.0,Germany,25.0,6,172812.72,2.0,1.0,1.0,108008.65,0,3.258096538021482
15747649,Summerville,652.0,Germany,36.0,0,126606.63,2.0,1.0,1.0,172363.52,0,3.6109179126442243
15639357,Allan,652.0,France,46.0,9,134950.19,3.0,0.0,0.0,178587.36,1,3.8501476017100584
15738907,Tobenna,652.0,France,60.0,6,96956.1,1.0,1.0,0.0,31907.44,1,4.110873864173311
15663446,Volkova,652.0,Germany,29.0,4,107601.79,1.0,1.0,0.0,18922.18,1,3.4011973816621555
15750867,Nucci,652.0,Germany,46.0,8,92060.06,1.0,1.0,0.0,147222.95,1,3.8501476017100584
15715939,Wright,652.0,France,33.0,0,0.0,2.0,1.0,0.0,1474.79,0,3.5263605246161616
15763806,Astorga,652.0,France,41.0,4,0.0,2.0,1.0,1.0,24924.92,0,3.7376696182833684
15637993,Pokrovsky,652.0,France,36.0,9,137688.71,1.0,1.0,1.0,46884.1,0,3.6109179126442243
15720338,Mazzanti,652.0,Spain,55.0,8,85845.43,2.0,1.0,1.0,128918.42,0,4.02535169073515
15627162,Blesing,652.0,Germany,27.0,6,125552.96,1.0,1.0,0.0,105291.26,0,3.332204510175204
15596710,Ku,652.0,France,33.0,1,167298.42,1.0,0.0,1.0,145381.65,0,3.5263605246161616
15781678,Pisani,652.0,Spain,31.0,4,55732.92,2.0,1.0,1.0,103792.53,0,3.4657359027997265
15634968,Hsueh,652.0,Germany,37.0,6,110689.07,1.0,1.0,1.0,71121.04,1,3.6375861597263857
15609475,Ricci,652.0,Spain,39.0,7,98544.11,1.0,1.0,1.0,52327.57,0,3.6888794541139363
15573319,Azubuike,652.0,Germany,35.0,8,178317.6,1.0,0.0,0.0,197428.64,0,3.58351893845611
15738291,Nevzorova,652.0,France,48.0,8,115713.84,2.0,0.0,0.0,83210.84,0,3.8918202981106265
15782456,Odili,652.0,France,46.0,9,143267.14,2.0,0.0,0.0,193099.43,0,3.8501476017100584
15794841,Kung,652.0,Spain,19.0,5,89750.21,1.0,1.0,0.0,193008.52,0,2.995732273553991
15684696,Lei,652.0,Spain,26.0,3,116576.45,1.0,1.0,0.0,157567.37,0,3.295836866004329
15629846,Sheehan,652.0,Germany,47.0,8,143001.5,2.0,1.0,0.0,108977.5,0,3.8712010109078907
15674442,Kung,652.0,France,23.0,7,157761.56,1.0,0.0,0.0,147759.84,0,3.1780538303479458
15571689,Kelechi,652.0,France,37.0,5,0.0,2.0,1.0,1.0,27528.4,0,3.6375861597263857
15730469,Anenechi,652.0,Spain,31.0,4,103430.11,2.0,0.0,1.0,36479.27,0,3.4657359027997265
15809320,McElhone,652.0,Spain,52.0,0,0.0,1.0,1.0,0.0,31726.76,1,3.970291913552122
15684367,Chigbogu,652.0,Spain,27.0,5,0.0,2.0,0.0,0.0,96398.51,0,3.332204510175204
15793049,Atkins,652.0,Germany,48.0,8,115115.38,1.0,1.0,0.0,139558.6,1,3.8918202981106265
15603665,Colombo,652.0,Germany,39.0,0,122501.28,2.0,1.0,1.0,95007.8,0,3.6888794541139363
15613623,Tilley,652.0,Spain,62.0,3,0.0,1.0,1.0,1.0,101663.47,0,4.143134726391533
15569572,Sopuluchi,652.0,France,42.0,6,0.0,2.0,1.0,1.0,106197.44,0,3.7612001156935624
15698791,Udinesi,652.0,France,45.0,3,146758.24,1.0,1.0,0.0,48466.89,0,3.828641396489095
15626233,Onyekachi,652.0,France,32.0,3,0.0,2.0,1.0,1.0,151978.36,0,3.4965075614664802
15607263,McCartney,652.0,France,55.0,3,0.0,1.0,0.0,1.0,13288.46,1,4.02535169073515
15610900,Thompson,652.0,France,62.0,9,110738.89,1.0,1.0,0.0,22666.77,1,4.2626798770413155
15624775,Onyeoruru,652.0,France,62.0,2,94203.8,1.0,0.0,1.0,102391.06,0,4.219507705176107
15691703,Shih,652.0,France,47.0,8,105792.49,1.0,0.0,1.0,67830.2,1,3.8712010109078907
15745355,Golibe,652.0,France,41.0,4,153198.23,1.0,1.0,1.0,92090.36,0,3.7376696182833684
15724955,Lucchesi,652.0,France,38.0,3,0.0,2.0,0.0,0.0,141023.01,0,3.6635616461296463
15628999,Townsend,652.0,France,62.0,10,61811.23,1.0,1.0,1.0,104222.8,0,4.382026634673881
15654341,Chao,652.0,France,34.0,8,101116.06,1.0,1.0,0.0,196395.05,0,3.5553480614894135
15744240,Shen,652.0,Germany,46.0,0,74458.25,1.0,0.0,1.0,6866.31,0,3.8501476017100584
15632365,Booth,652.0,Germany,33.0,8,142871.27,2.0,0.0,0.0,77737.86,0,3.5263605246161616
15729689,Chan,652.0,Germany,35.0,6,98585.94,2.0,0.0,1.0,106116.84,0,3.58351893845611
15759284,Yeh,652.0,France,37.0,6,0.0,1.0,1.0,1.0,117948.0,1,3.6375861597263857
15602124,Badgery,652.0,France,30.0,7,0.0,2.0,1.0,1.0,184581.68,0,3.4339872044851463
15661903,Hsia,652.0,France,43.0,3,80764.03,1.0,1.0,0.0,199378.58,1,3.784189633918261
15664668,Zarate,652.0,France,42.0,9,144801.97,1.0,0.0,1.0,12483.39,1,3.7612001156935624
15736431,Congreve,652.0,Spain,27.0,2,0.0,2.0,1.0,0.0,22404.64,0,3.332204510175204
15748639,Hayslett,652.0,Germany,35.0,7,110053.62,2.0,1.0,1.0,92887.06,0,3.58351893845611
15628123,Robinson,652.0,France,28.0,5,118890.81,1.0,0.0,1.0,145157.97,0,3.367295829986474
15602731,Wong,652.0,France,31.0,5,0.0,1.0,1.0,0.0,134889.95,1,3.4657359027997265
15794137,Nevzorova,652.0,Germany,37.0,0,151218.98,1.0,1.0,1.0,109309.29,0,3.6375861597263857
15748696,Page,652.0,France,42.0,9,150507.21,1.0,0.0,1.0,169964.12,0,3.7612001156935624
15725068,Quinn,652.0,Spain,21.0,9,0.0,2.0,1.0,1.0,26327.42,0,3.091042453358316
15807340,O'Donnell,652.0,Germany,33.0,4,131023.76,2.0,0.0,0.0,55072.93,0,3.5263605246161616
15586133,Pisano,652.0,Germany,44.0,2,122314.5,1.0,0.0,0.0,68574.88,1,3.8066624897703196
15576185,Sinclair,652.0,France,29.0,2,0.0,2.0,1.0,1.0,41671.81,0,3.4011973816621555
15660809,Loving,652.0,France,28.0,4,0.0,2.0,1.0,1.0,12409.01,0,3.367295829986474
15616666,Artemova,652.0,Germany,52.0,6,111739.4,2.0,0.0,1.0,68367.18,0,3.970291913552122
15706904,Robertson,652.0,France,43.0,6,113882.31,1.0,1.0,1.0,74564.41,0,3.784189633918261
15606915,Genovese,652.0,France,24.0,7,98148.61,1.0,1.0,0.0,26843.76,0,3.2188758248682006
15749693,Ugonnatubelum,652.0,France,32.0,9,0.0,2.0,1.0,0.0,156774.75,0,3.4965075614664802
15791743,Corbett,652.0,France,32.0,1,59271.82,1.0,1.0,1.0,46019.43,0,3.4965075614664802
15796480,Reilly,652.0,France,31.0,2,0.0,2.0,0.0,1.0,145411.39,0,3.4657359027997265
15790442,Wright,652.0,Spain,33.0,2,0.0,2.0,1.0,1.0,158268.84,0,3.5263605246161616
15609458,Vincent,652.0,France,30.0,10,69413.44,1.0,1.0,1.0,74637.57,0,3.4339872044851463
15593897,Carr,652.0,Spain,25.0,7,160599.06,2.0,1.0,1.0,28391.52,0,3.258096538021482
15604576,Eiland,652.0,Spain,22.0,3,0.0,1.0,1.0,1.0,144385.54,0,3.1354942159291497
15666270,Omeokachie,652.0,France,40.0,2,147803.48,1.0,1.0,0.0,95181.06,1,3.713572066704308
15572626,Mackenzie,652.0,Spain,44.0,8,0.0,2.0,1.0,1.0,15627.51,0,3.8066624897703196
15727197,Pinto,652.0,France,52.0,9,170228.59,2.0,0.0,0.0,148477.57,1,3.970291913552122
15714006,Gardener,652.0,France,35.0,2,133111.73,1.0,0.0,1.0,79957.95,0,3.58351893845611
15642137,Fang,652.0,Spain,39.0,5,0.0,2.0,0.0,0.0,102763.69,0,3.6888794541139363
15665327,Cattaneo,652.0,France,18.0,2,176139.5,2.0,1.0,0.0,129654.22,0,2.9444389791664403
15626806,Labrador,652.0,France,32.0,2,0.0,2.0,1.0,1.0,40652.33,0,3.4965075614664802
15662578,Dettmann,652.0,Germany,35.0,1,110245.13,1.0,1.0,1.0,178291.09,0,3.58351893845611
15790829,Gibson,652.0,France,45.0,5,0.0,2.0,1.0,0.0,131906.44,0,3.828641396489095
15654959,Hope,652.0,Spain,62.0,6,158719.57,1.0,1.0,1.0,118607.4,0,4.219507705176107
15760244,Ives,652.0,France,62.0,5,160979.68,1.0,0.0,1.0,13848.58,0,4.343805421853684
15715394,Greece,652.0,Spain,35.0,4,123557.65,2.0,0.0,1.0,170903.4,0,3.58351893845611
15722246,Omeokachie,652.0,France,60.0,4,0.0,1.0,1.0,1.0,13161.66,1,4.110873864173311
15609704,Mao,652.0,France,33.0,4,0.0,1.0,1.0,0.0,79304.38,1,3.5263605246161616
15757628,Savage,652.0,France,40.0,10,112896.86,1.0,1.0,1.0,121402.53,0,3.713572066704308
15633586,Brierly,652.0,France,39.0,7,120962.13,1.0,0.0,0.0,23305.01,0,3.6888794541139363
15565796,Docherty,652.0,Germany,48.0,10,96048.55,1.0,1.0,0.0,74510.65,0,3.8918202981106265
15717935,McDonald,652.0,France,21.0,3,0.0,2.0,0.0,1.0,55601.44,0,3.091042453358316
15577700,Rapuokwu,652.0,France,37.0,10,185063.7,2.0,1.0,1.0,134526.87,0,3.6375861597263857
15747345,Bergamaschi,652.0,France,22.0,6,118064.93,2.0,1.0,1.0,195424.01,0,3.1354942159291497
15678317,Manfrin,652.0,France,46.0,2,0.0,2.0,1.0,1.0,59563.49,0,3.8501476017100584
15698335,Bergamaschi,652.0,France,62.0,8,0.0,1.0,1.0,1.0,34595.58,0,4.304065093204169
15768451,MacDonald,652.0,Germany,40.0,5,149131.03,3.0,1.0,1.0,60036.99,1,3.713572066704308
15753213,Lees,652.0,France,34.0,7,0.0,2.0,1.0,0.0,193021.49,0,3.5553480614894135
15769645,Senior,652.0,France,35.0,3,0.0,1.0,1.0,1.0,48108.72,0,3.58351893845611
15657565,Nwokezuike,652.0,Spain,44.0,6,125512.98,2.0,0.0,0.0,79082.76,0,3.8066624897703196
15620323,Ekwueme,652.0,Spain,42.0,3,83492.07,2.0,1.0,0.0,37914.12,0,3.7612001156935624
15679983,Garmon,652.0,France,34.0,7,0.0,1.0,0.0,0.0,74593.84,0,3.5553480614894135
15812616,Enyinnaya,652.0,France,49.0,10,0.0,1.0,1.0,0.0,82967.97,1,3.912023005428146
15601796,Chizuoke,652.0,France,30.0,1,125739.26,1.0,1.0,1.0,193441.23,0,3.4339872044851463
15729489,Hyde,652.0,Germany,34.0,8,98592.88,1.0,0.0,1.0,191790.29,1,3.5553480614894135
15613216,Cameron,652.0,Spain,39.0,1,141789.15,1.0,1.0,0.0,92455.96,0,3.6888794541139363
15657937,Lord,652.0,Germany,22.0,0,112949.71,1.0,0.0,0.0,155231.55,0,3.1354942159291497
15815428,Biryukova,652.0,France,34.0,3,105057.33,1.0,1.0,0.0,9217.92,0,3.5553480614894135
15640409,Carpenter,652.0,Germany,46.0,0,89087.89,1.0,0.0,1.0,87941.85,1,3.8501476017100584
15699492,Lorenzo,652.0,Germany,27.0,2,147435.96,1.0,0.0,0.0,187508.06,0,3.332204510175204
15623536,Madukwe,652.0,Germany,39.0,0,154439.86,1.0,1.0,0.0,171519.06,0,3.6888794541139363
15707551,Hutcheon,652.0,France,30.0,8,73054.37,2.0,1.0,1.0,27012.0,0,3.4339872044851463
15577999,Sleeman,652.0,France,62.0,1,124678.35,1.0,1.0,0.0,70916.0,1,4.143134726391533
15788775,Milne,652.0,Germany,40.0,8,152576.25,2.0,1.0,0.0,73073.68,0,3.713572066704308
15758362,Williamson,652.0,France,41.0,9,152243.57,1.0,1.0,1.0,88783.59,0,3.7376696182833684
15807961,Bruno,652.0,France,25.0,4,0.0,1.0,1.0,0.0,145524.36,0,3.258096538021482
15710978,Palerma,652.0,Germany,42.0,2,88120.97,2.0,1.0,1.0,21333.22,0,3.7612001156935624
15703541,Wang,652.0,Germany,51.0,9,143930.92,1.0,0.0,1.0,46675.51,1,3.9512437185814275
15626474,Onyemere,652.0,France,31.0,1,0.0,2.0,1.0,0.0,4802.25,0,3.4657359027997265
15608344,Dawson,652.0,Germany,29.0,7,137059.05,3.0,1.0,0.0,102975.72,1,3.4011973816621555
15768367,Nebechukwu,652.0,France,27.0,7,186558.55,1.0,1.0,1.0,175071.29,1,3.332204510175204
15806210,Bateman,652.0,Spain,62.0,5,115654.47,2.0,1.0,1.0,131970.86,0,4.204692619390966
15697702,Lord,652.0,Spain,29.0,2,0.0,2.0,1.0,0.0,14174.09,0,3.4011973816621555
15689152,Loggia,652.0,Spain,38.0,3,126152.84,1.0,0.0,0.0,15378.75,0,3.6635616461296463
15568573,Graham,652.0,Germany,51.0,7,105701.91,1.0,0.0,1.0,179797.79,1,3.9512437185814275
15689598,Dean,652.0,France,46.0,6,0.0,1.0,1.0,1.0,93917.68,1,3.8501476017100584
15713374,Jarvis,652.0,Germany,62.0,9,157094.78,1.0,1.0,1.0,99490.01,0,4.219507705176107
15679733,Haugh,652.0,Germany,40.0,2,113228.38,2.0,1.0,1.0,46415.09,0,3.713572066704308
15759274,Micklem,652.0,France,32.0,10,0.0,1.0,1.0,1.0,151815.76,0,3.4965075614664802
15607748,Bennett,652.0,Germany,37.0,8,108432.88,2.0,1.0,1.0,14865.05,0,3.6375861597263857
15607577,Roberts,652.0,Spain,27.0,8,0.0,1.0,1.0,1.0,188007.99,0,3.332204510175204
15813697,Onyekaozulu,652.0,Germany,44.0,2,120702.67,2.0,1.0,1.0,98175.74,0,3.8066624897703196
15801125,Kegley,652.0,France,32.0,1,0.0,1.0,1.0,0.0,106851.7,0,3.4965075614664802
15777855,Manna,652.0,France,45.0,7,0.0,2.0,0.0,1.0,75204.21,0,3.828641396489095
15635396,Thompson,652.0,Germany,29.0,9,139106.19,1.0,1.0,0.0,141872.05,1,3.4011973816621555
15698031,Romano,652.0,Germany,39.0,6,101851.8,2.0,1.0,0.0,7103.71,0,3.6888794541139363
15678944,Brown,652.0,Germany,32.0,6,130935.56,1.0,1.0,0.0,9241.83,1,3.4965075614664802
15718507,Su,652.0,Germany,37.0,3,116509.99,1.0,1.0,1.0,149517.71,1,3.6375861597263857
15808334,Mackay,652.0,Germany,37.0,1,93124.04,2.0,1.0,1.0,196079.32,0,3.6375861597263857
15804709,Watt,652.0,Germany,35.0,5,111578.18,1.0,0.0,0.0,166165.93,1,3.58351893845611
15645835,Milani,652.0,France,32.0,9,0.0,2.0,1.0,1.0,55724.24,0,3.4965075614664802
15738166,Hsu,652.0,France,39.0,10,86546.29,1.0,0.0,1.0,131768.98,0,3.6888794541139363
15675360,Valenzuela,652.0,France,33.0,8,0.0,1.0,1.0,1.0,13858.95,0,3.5263605246161616
15793042,Sung,652.0,France,39.0,2,129669.32,2.0,1.0,0.0,82774.07,0,3.6888794541139363
15630106,Lo,652.0,Spain,29.0,2,0.0,2.0,1.0,0.0,55389.59,0,3.4011973816621555
15810385,Giordano,652.0,Spain,36.0,2,164557.95,1.0,0.0,1.0,82336.73,0,3.6109179126442243
15578211,Connolly,652.0,France,23.0,6,0.0,2.0,1.0,1.0,163225.48,0,3.1780538303479458
15572792,Bellucci,652.0,Spain,35.0,8,118989.92,1.0,1.0,1.0,135536.72,0,3.58351893845611
15620030,Jamieson,652.0,France,29.0,1,0.0,1.0,0.0,0.0,82422.97,0,3.4011973816621555
15783541,Fomina,652.0,France,31.0,5,0.0,2.0,0.0,1.0,194660.78,0,3.4657359027997265
15679284,Aksenov,652.0,Spain,45.0,6,79259.75,1.0,1.0,0.0,55347.28,0,3.828641396489095
15582910,Turnbull,652.0,France,38.0,4,112230.38,1.0,1.0,0.0,16717.11,1,3.6635616461296463
15688337,Dixon,652.0,France,40.0,9,118129.87,1.0,1.0,1.0,160277.65,0,3.713572066704308
15734970,White,652.0,Spain,38.0,7,86824.09,1.0,0.0,0.0,175905.97,0,3.6635616461296463
15759140,Long,652.0,France,62.0,10,128306.7,1.0,0.0,1.0,66040.83,0,4.174387269895637
15643042,Han,652.0,Germany,40.0,2,117641.43,2.0,0.0,0.0,92198.05,0,3.713572066704308
15773868,Belov,652.0,Germany,37.0,3,125734.2,2.0,1.0,0.0,134625.09,1,3.6375861597263857
15615820,MacDonald,652.0,France,49.0,8,103302.37,1.0,1.0,1.0,50974.57,0,3.912023005428146
15730273,Parsons,652.0,France,27.0,8,0.0,1.0,1.0,0.0,171922.72,0,3.332204510175204
15724890,Cross,652.0,Spain,36.0,4,82696.09,2.0,0.0,0.0,83058.14,0,3.6109179126442243
15765952,Milanesi,652.0,France,29.0,4,145471.37,1.0,1.0,0.0,188382.77,0,3.4011973816621555
15685920,Lombardo,652.0,Spain,34.0,2,101506.66,1.0,0.0,0.0,198030.24,0,3.5553480614894135
15663263,Collins,652.0,France,47.0,5,156265.31,2.0,0.0,0.0,1055.66,0,3.8712010109078907
15568953,Alexeieva,652.0,France,27.0,1,128554.98,1.0,1.0,1.0,133173.19,0,3.332204510175204
15643361,Cullen,652.0,Germany,34.0,8,139959.55,2.0,1.0,1.0,189875.83,0,3.5553480614894135
15699486,Johnson,652.0,Spain,34.0,7,132944.53,1.0,1.0,1.0,31802.92,0,3.5553480614894135
15747854,Rudd,652.0,France,35.0,3,0.0,3.0,1.0,1.0,132649.85,0,3.58351893845611
15691785,Findlay,652.0,France,61.0,1,0.0,1.0,1.0,0.0,53067.83,1,4.127134385045092
15709004,Mai,652.0,Germany,22.0,5,93547.23,2.0,0.0,1.0,961.57,0,3.1354942159291497
15652218,Morrison,652.0,France,33.0,2,152302.72,1.0,1.0,0.0,71333.44,0,3.5263605246161616
15697127,Monaldo,652.0,France,31.0,2,147674.26,1.0,1.0,1.0,16658.76,0,3.4657359027997265
15658486,Gidney,652.0,Spain,59.0,3,148021.12,1.0,1.0,1.0,74878.22,0,4.0943445622221
15694160,Sagese,652.0,France,37.0,0,0.0,2.0,0.0,0.0,112104.55,0,3.6375861597263857
15685290,Wall,652.0,Germany,46.0,5,142360.62,2.0,1.0,0.0,48421.4,1,3.8501476017100584
15701042,Dalton,652.0,Germany,27.0,2,151027.56,1.0,1.0,0.0,170320.58,0,3.332204510175204
15680449,Hsing,652.0,Germany,44.0,2,138843.7,1.0,1.0,0.0,37688.31,1,3.8066624897703196
15599860,Warner,652.0,Spain,26.0,8,109958.15,1.0,1.0,1.0,136592.24,1,3.295836866004329
15723169,Williams,652.0,France,31.0,9,138857.59,1.0,1.0,0.0,48640.77,0,3.4657359027997265
15803842,Dunn,652.0,Germany,45.0,3,105426.5,2.0,0.0,1.0,89773.45,0,3.828641396489095
15728224,Kerr,652.0,Germany,41.0,9,149155.53,2.0,1.0,0.0,42131.26,1,3.7376696182833684
15644174,Marchesi,652.0,Germany,27.0,4,135096.05,1.0,1.0,1.0,186523.72,1,3.332204510175204
15707110,Endrizzi,652.0,Germany,28.0,2,170890.05,2.0,1.0,0.0,41758.9,0,3.367295829986474
15765415,King,652.0,Spain,45.0,4,89122.3,1.0,1.0,1.0,199256.98,0,3.828641396489095
15756751,Griffiths,652.0,Spain,54.0,0,78126.28,1.0,1.0,1.0,153482.91,1,4.007333185232471
15795151,Hartzler,652.0,France,38.0,3,123894.43,1.0,1.0,0.0,21177.1,0,3.6635616461296463
15632859,Chukwudi,652.0,France,36.0,7,0.0,2.0,0.0,1.0,138743.86,0,3.6109179126442243
15584037,Denisov,652.0,Germany,58.0,5,106913.43,1.0,1.0,0.0,25881.0,1,4.07753744390572
15621409,Endrizzi,652.0,France,32.0,4,127845.83,1.0,1.0,0.0,66469.2,0,3.4965075614664802
15581102,Baresi,652.0,France,22.0,8,0.0,2.0,0.0,1.0,142670.61,0,3.1354942159291497
15578096,Nnachetam,652.0,France,26.0,7,106397.75,1.0,0.0,0.0,103563.23,0,3.295836866004329
15669887,Lambert,652.0,France,51.0,3,0.0,1.0,1.0,1.0,69101.23,1,3.9512437185814275
15621834,Game,652.0,Spain,43.0,0,0.0,2.0,1.0,0.0,59475.35,0,3.784189633918261
15655341,Chinagorom,652.0,Spain,35.0,5,166492.48,1.0,1.0,0.0,135287.74,0,3.58351893845611
15685314,Noble,652.0,France,28.0,2,0.0,2.0,1.0,1.0,38773.74,0,3.367295829986474
15653997,Haynes,652.0,Spain,31.0,6,114493.68,1.0,0.0,0.0,138396.32,0,3.4657359027997265
15629551,Cattaneo,652.0,Germany,44.0,9,126104.98,2.0,0.0,1.0,110718.02,0,3.8066624897703196
15651264,Yobanna,652.0,Germany,51.0,4,124425.99,1.0,0.0,0.0,118545.49,1,3.9512437185814275
15760825,Fraser,652.0,France,40.0,1,0.0,2.0,1.0,0.0,123207.17,0,3.713572066704308
15597394,Rhodes,652.0,Spain,34.0,0,0.0,1.0,0.0,0.0,99984.86,0,3.5553480614894135
15740383,Jimenez,652.0,Spain,38.0,10,0.0,2.0,1.0,0.0,58332.91,0,3.6635616461296463
15670562,Pharr,652.0,France,30.0,3,101140.76,1.0,1.0,1.0,50906.65,0,3.4339872044851463
15698117,Jerger,652.0,Germany,41.0,0,150844.94,1.0,0.0,1.0,127623.36,0,3.7376696182833684
15694805,McIntyre,652.0,Spain,35.0,1,115024.5,1.0,0.0,1.0,169665.79,0,3.58351893845611
15746802,Onio,652.0,France,30.0,6,131286.46,1.0,1.0,0.0,194144.45,0,3.4339872044851463
15589428,Tomlinson,652.0,France,42.0,9,0.0,2.0,1.0,0.0,35673.42,0,3.7612001156935624
15790267,Onuoha,652.0,France,40.0,7,141267.67,1.0,0.0,1.0,177397.49,0,3.713572066704308
15665402,Panicucci,652.0,Spain,62.0,5,137761.55,1.0,1.0,1.0,159677.46,0,4.304065093204169
15642093,Piccio,652.0,France,30.0,7,0.0,2.0,1.0,0.0,153566.97,0,3.4339872044851463
15666181,Ramsden,652.0,France,33.0,0,98064.97,1.0,1.0,0.0,52411.99,0,3.5263605246161616
15602554,Vorobyova,652.0,France,31.0,9,114519.57,2.0,0.0,1.0,79222.02,0,3.4657359027997265
15724251,Todd,652.0,Germany,29.0,6,101012.77,1.0,0.0,0.0,32589.89,1,3.4011973816621555
15740147,Cremonesi,652.0,France,44.0,10,0.0,1.0,0.0,1.0,93777.61,0,3.8066624897703196
15718289,Bradley,652.0,Germany,46.0,3,82291.1,1.0,1.0,0.0,112549.99,1,3.8501476017100584
15763148,Stanley,652.0,France,39.0,9,84719.98,1.0,0.0,0.0,191063.36,0,3.6888794541139363
15685245,Jowett,652.0,Spain,56.0,5,0.0,2.0,0.0,1.0,153810.41,0,4.04305126783455
15626985,Yefremova,652.0,France,39.0,0,104386.53,1.0,1.0,0.0,105886.77,0,3.6888794541139363
15585823,Wilson,652.0,France,31.0,8,128131.73,1.0,1.0,0.0,96131.47,0,3.4657359027997265
15728167,Abramovich,652.0,France,44.0,2,122806.95,1.0,0.0,0.0,15120.86,0,3.8066624897703196
15762928,Venables,652.0,Spain,44.0,8,0.0,1.0,1.0,0.0,16989.77,0,3.8066624897703196
15751774,Monnier,652.0,France,62.0,4,112510.89,1.0,1.0,1.0,143133.18,0,4.343805421853684
15654733,Hsieh,652.0,Germany,57.0,3,117056.46,1.0,1.0,0.0,93336.93,1,4.060443010546419
15809777,Gadsden,652.0,Germany,55.0,7,131778.66,1.0,1.0,1.0,9972.64,0,4.02535169073515
15744200,Ni,652.0,France,36.0,1,70784.27,1.0,1.0,0.0,30579.82,0,3.6109179126442243
15720713,Chibueze,652.0,France,29.0,10,0.0,2.0,1.0,1.0,199775.67,0,3.4011973816621555
15695356,Chinwemma,652.0,France,46.0,5,0.0,2.0,1.0,0.0,179908.71,0,3.8501476017100584
15653315,Kang,652.0,Spain,35.0,1,0.0,2.0,1.0,0.0,101667.0,0,3.58351893845611
15604792,Kuo,652.0,Germany,38.0,6,140752.06,2.0,0.0,1.0,171430.16,0,3.6635616461296463
15704819,Ositadimma,652.0,Spain,39.0,6,92126.26,2.0,0.0,0.0,112973.34,0,3.6888794541139363
15670859,Smith,652.0,Germany,39.0,7,93148.74,2.0,1.0,1.0,190746.38,0,3.6888794541139363
15602797,Okwudilichukwu,652.0,Spain,49.0,5,110132.55,3.0,0.0,1.0,187689.91,1,3.912023005428146
15662533,Porter,652.0,Spain,23.0,6,0.0,2.0,1.0,0.0,153229.19,0,3.1780538303479458
15778154,Kung,652.0,Germany,50.0,4,122227.71,1.0,0.0,1.0,14217.77,1,3.9318256327243257
15806230,Trevisano,652.0,Germany,40.0,2,121647.54,2.0,1.0,1.0,64849.74,1,3.713572066704308
15662884,Naylor,652.0,Germany,58.0,1,110597.76,1.0,0.0,1.0,160122.66,1,4.07753744390572
15750778,Ponomarev,652.0,France,60.0,2,120731.39,3.5,1.0,1.0,138160.11,1,4.110873864173311
15717185,Udinese,652.0,France,28.0,8,0.0,2.0,1.0,1.0,64286.39,0,3.367295829986474
15677804,Aliyeva,652.0,Spain,38.0,1,0.0,3.0,1.0,1.0,80178.54,1,3.6635616461296463
15568915,Bailey,652.0,France,38.0,6,153722.47,1.0,1.0,0.0,101319.76,0,3.6635616461296463
15736495,Jackson,652.0,France,34.0,8,114088.32,1.0,1.0,0.0,92794.61,0,3.5553480614894135
15737354,Yin,652.0,France,48.0,7,0.0,2.0,1.0,1.0,63708.07,0,3.8918202981106265
15667889,Akobundu,652.0,France,37.0,6,0.0,2.0,1.0,0.0,110782.88,0,3.6375861597263857
15577831,Byrne,652.0,Germany,41.0,4,152532.3,1.0,0.0,0.0,10779.69,0,3.7376696182833684
15729836,Robinson,652.0,Spain,32.0,1,0.0,2.0,1.0,0.0,183289.22,0,3.4965075614664802
15775293,Stephenson,652.0,France,34.0,3,143292.95,1.0,1.0,0.0,66526.01,0,3.5553480614894135
15697597,Chiemenam,652.0,France,26.0,1,149144.61,1.0,0.0,1.0,123697.95,0,3.295836866004329
15639669,Forbes,652.0,France,36.0,9,127157.04,1.0,1.0,1.0,155700.15,0,3.6109179126442243
15631392,Douglas,652.0,Germany,43.0,9,84673.17,2.0,0.0,1.0,82081.35,0,3.784189633918261
15580935,Okechukwu,652.0,Germany,33.0,9,135962.4,2.0,1.0,0.0,121747.96,0,3.5263605246161616
15590344,Russell,652.0,Germany,32.0,3,151691.44,2.0,1.0,1.0,172810.51,0,3.4965075614664802
15653306,Ermakova,652.0,Germany,32.0,0,88335.05,1.0,0.0,0.0,159584.81,0,3.4965075614664802
15805025,Oster,652.0,France,45.0,7,139859.23,1.0,1.0,1.0,108402.54,0,3.828641396489095
15658449,Chizoba,652.0,France,45.0,9,43134.65,1.0,0.0,1.0,77330.35,0,3.828641396489095
15694450,Bianchi,652.0,France,42.0,5,99580.13,1.0,1.0,0.0,21007.96,0,3.7612001156935624
15605666,Peyser,652.0,France,34.0,6,110717.38,1.0,1.0,1.0,9398.45,0,3.5553480614894135
15615126,Cocci,652.0,France,37.0,3,0.0,2.0,0.0,0.0,182156.81,1,3.6375861597263857
15726588,Seleznev,652.0,Spain,36.0,3,0.0,2.0,0.0,0.0,110525.6,0,3.6109179126442243
15645095,Huang,652.0,France,28.0,3,0.0,1.0,1.0,0.0,51536.99,0,3.367295829986474
15808960,Alleyne,652.0,Germany,40.0,5,108197.11,2.0,1.0,0.0,49722.34,0,3.713572066704308
15729435,McKenzie,652.0,France,40.0,6,0.0,2.0,1.0,1.0,66119.07,0,3.713572066704308
15656840,Zikoranachukwudimma,652.0,France,29.0,6,104450.86,1.0,1.0,1.0,37160.28,0,3.4011973816621555
15659149,King,652.0,France,39.0,2,0.0,2.0,1.0,0.0,197923.05,0,3.6888794541139363
15585490,Nkemdilim,652.0,France,34.0,4,0.0,1.0,0.0,1.0,65166.6,0,3.5553480614894135
15674929,Anderson,652.0,France,31.0,7,0.0,2.0,0.0,0.0,49326.07,0,3.4657359027997265
15746341,Ejikemeifeuwa,652.0,France,40.0,8,0.0,2.0,1.0,1.0,42495.81,0,3.713572066704308
15662091,Adams,652.0,Spain,21.0,7,116099.82,1.0,1.0,1.0,148087.62,0,3.091042453358316
15620123,Christie,652.0,France,39.0,6,111169.91,1.0,0.0,0.0,9641.4,0,3.6888794541139363
15616240,Yeh,652.0,Spain,37.0,4,0.0,2.0,1.0,1.0,164844.37,0,3.6375861597263857
15624186,McGregor,652.0,Germany,25.0,5,123616.43,1.0,0.0,1.0,132959.33,0,3.258096538021482
15605036,Pisano,652.0,Spain,37.0,9,155619.58,1.0,1.0,1.0,135088.58,0,3.6375861597263857
15805151,Ginikanwa,652.0,Germany,31.0,2,89558.39,2.0,1.0,1.0,4441.54,0,3.4657359027997265
15753847,Hawkins,652.0,Spain,45.0,4,0.0,1.0,0.0,1.0,174916.85,1,3.828641396489095
15653222,Otutodilichukwu,652.0,Germany,32.0,6,131938.92,2.0,1.0,1.0,1795.93,0,3.4965075614664802
15757541,Rickard,652.0,France,33.0,9,151772.63,2.0,0.0,0.0,180249.94,1,3.5263605246161616
15726945,Andreev,652.0,France,62.0,8,0.0,2.0,1.0,1.0,153604.44,0,4.290459441148391
15794276,Steele,652.0,France,62.0,3,0.0,1.0,1.0,1.0,189703.65,0,4.174387269895637
15568328,Black,652.0,France,22.0,6,0.0,2.0,1.0,1.0,66393.89,0,3.1354942159291497
15604355,Shand,652.0,France,39.0,1,97700.02,1.0,1.0,1.0,30709.03,0,3.6888794541139363
15735788,Chiagoziem,652.0,France,31.0,6,0.0,2.0,1.0,1.0,71009.84,0,3.4657359027997265
15618255,Fedorov,652.0,Germany,56.0,6,103244.86,2.0,1.0,0.0,143049.72,1,4.04305126783455
15720941,Tien,652.0,Germany,34.0,8,147833.3,2.0,0.0,1.0,1561.58,0,3.5553480614894135
15769110,Stehle,652.0,France,46.0,5,0.0,2.0,1.0,0.0,49707.85,0,3.8501476017100584
15576094,Sung,652.0,France,62.0,0,0.0,2.0,0.0,1.0,29837.65,0,4.276666119016055
15756150,Alexander,652.0,France,39.0,2,0.0,2.0,0.0,0.0,9041.71,0,3.6888794541139363
15719579,McIntosh,652.0,Germany,33.0,9,84521.48,2.0,0.0,1.0,198017.05,0,3.5263605246161616
15748854,Sung,652.0,Germany,28.0,5,91938.31,1.0,1.0,0.0,143481.85,0,3.367295829986474
15612455,Yao,652.0,Germany,45.0,6,124240.93,1.0,1.0,1.0,146372.51,0,3.828641396489095
15664802,Chinweuba,652.0,France,42.0,5,0.0,2.0,0.0,0.0,101905.34,0,3.7612001156935624
15735687,Chinweuba,652.0,Spain,37.0,2,157084.99,1.0,1.0,0.0,134767.13,0,3.6375861597263857
15664734,T'ao,652.0,Germany,25.0,3,108244.82,2.0,1.0,1.0,103573.96,0,3.258096538021482
15767894,Ch'ien,652.0,France,21.0,9,0.0,2.0,0.0,1.0,139259.54,0,3.091042453358316
15666884,Su,652.0,Germany,41.0,5,82161.7,2.0,1.0,0.0,187776.49,0,3.7376696182833684
15750156,Yu,652.0,Germany,59.0,2,104568.41,1.0,1.0,0.0,8059.44,1,4.0943445622221
15751120,Loyau,652.0,France,36.0,2,119912.46,1.0,1.0,0.0,124354.92,0,3.6109179126442243
15575748,Conti,652.0,France,36.0,9,68881.59,2.0,0.0,1.0,109135.11,0,3.6109179126442243
15714610,Alexeeva,652.0,Spain,30.0,2,0.0,2.0,1.0,1.0,82222.86,0,3.4339872044851463
15720305,Power,652.0,Spain,40.0,1,86376.29,1.0,0.0,1.0,136767.16,1,3.713572066704308
15678129,Hill,652.0,Spain,45.0,9,150840.03,2.0,1.0,0.0,155516.35,0,3.828641396489095
15566633,Freeman,652.0,Germany,55.0,8,155059.1,2.0,1.0,1.0,144584.29,0,4.02535169073515
15680436,Hsing,652.0,France,29.0,4,0.0,2.0,1.0,0.0,164806.89,0,3.4011973816621555
15674343,Esposito,652.0,France,44.0,8,78128.13,2.0,0.0,1.0,109153.04,0,3.8066624897703196
15658890,Belonwu,652.0,Germany,46.0,4,98899.76,2.0,1.0,1.0,86190.34,0,3.8501476017100584
15599004,Tsao,652.0,Spain,37.0,1,0.0,1.0,1.0,1.0,106040.97,0,3.6375861597263857
15726487,P'eng,652.0,France,62.0,6,160982.89,1.0,1.0,1.0,168008.17,0,4.1588830833596715
15698716,Baker,652.0,France,62.0,3,87926.24,2.0,1.0,0.0,33350.26,1,4.2626798770413155
15710527,Matthews,652.0,France,35.0,4,0.0,1.0,1.0,1.0,119565.34,0,3.58351893845611
15655590,Garcia,652.0,Spain,46.0,2,79385.21,2.0,0.0,0.0,188492.82,0,3.8501476017100584
15732266,Field,652.0,Germany,53.0,5,127997.83,1.0,1.0,0.0,165378.66,1,3.9889840465642745
15669326,Gordon,652.0,France,44.0,2,168396.34,1.0,1.0,1.0,14178.73,0,3.8066624897703196
15672246,Jefferies,652.0,Germany,43.0,2,134896.03,1.0,1.0,1.0,97847.05,0,3.784189633918261
15620276,Palermo,652.0,Spain,36.0,6,0.0,3.0,1.0,1.0,118959.64,0,3.6109179126442243
15640258,Chou,652.0,France,50.0,6,94238.75,2.0,1.0,1.0,50664.07,1,3.9318256327243257
15740283,Ewing,652.0,France,29.0,1,0.0,2.0,0.0,0.0,152996.89,0,3.4011973816621555
15759717,Mazzi,652.0,Spain,39.0,7,0.0,2.0,1.0,0.0,19458.75,0,3.6888794541139363
15620268,Thomson,652.0,Germany,43.0,3,212696.32,1.0,1.0,0.0,115268.86,0,3.784189633918261
15743871,Nkemdirim,652.0,France,59.0,3,0.0,2.0,1.0,0.0,25843.7,1,4.0943445622221
15614491,Lockyer,652.0,France,39.0,3,139153.68,2.0,1.0,0.0,147662.33,0,3.6888794541139363
15595047,Murray,652.0,France,41.0,7,0.0,2.0,0.0,0.0,134878.34,0,3.7376696182833684
15732334,Black,652.0,France,40.0,0,0.0,2.0,1.0,0.0,35795.85,0,3.713572066704308
15701206,Torreggiani,652.0,Spain,44.0,5,0.0,2.0,1.0,0.0,66462.79,0,3.8066624897703196
15581280,Atkinson,652.0,Germany,29.0,6,92887.13,1.0,1.0,1.0,69578.49,0,3.4011973816621555
15651943,Richards,652.0,Spain,62.0,1,0.0,2.0,0.0,1.0,103182.46,0,4.189654742026425
15609545,Azubuike,652.0,France,29.0,5,83442.98,1.0,0.0,1.0,177017.39,0,3.4011973816621555
15658548,Ignatiev,652.0,Germany,36.0,6,144773.29,2.0,1.0,0.0,53217.3,0,3.6109179126442243
15626008,Miller,652.0,Germany,52.0,9,111973.97,1.0,1.0,1.0,162756.29,1,3.970291913552122
15774133,Cox,652.0,France,35.0,8,178032.53,1.0,0.0,1.0,42181.68,0,3.58351893845611
15763798,McMillan,652.0,France,23.0,5,140007.19,1.0,0.0,1.0,31714.08,0,3.1780538303479458
15758013,Napolitano,652.0,France,37.0,5,98400.61,2.0,0.0,0.0,25017.28,0,3.6375861597263857
15705765,Lane,652.0,Spain,46.0,1,0.0,2.0,1.0,0.0,104272.04,0,3.8501476017100584
15648362,Kennedy,652.0,Germany,45.0,3,108924.33,2.0,1.0,0.0,84300.4,1,3.828641396489095
15761102,T'ao,652.0,Spain,32.0,4,132835.56,1.0,0.0,0.0,136877.24,0,3.4965075614664802
15610165,Hsiung,652.0,France,26.0,1,0.0,2.0,1.0,1.0,199409.19,0,3.295836866004329
15723717,Heath,652.0,Germany,41.0,1,118334.44,1.0,0.0,0.0,163147.99,1,3.7376696182833684
15654611,Parry,652.0,Germany,25.0,9,81732.88,2.0,1.0,0.0,136497.28,0,3.258096538021482
15659736,Herbert,652.0,Germany,62.0,5,121411.9,1.0,0.0,0.0,10070.4,1,4.204692619390966
15603170,Kang,652.0,France,32.0,9,121455.65,1.0,1.0,0.0,190068.53,1,3.4965075614664802
15786167,Andreyeva,652.0,Spain,20.0,5,0.0,2.0,1.0,1.0,58309.54,0,3.044522437723423
15671915,Bowen,652.0,France,46.0,5,0.0,2.0,1.0,1.0,76946.6,0,3.8501476017100584
15794792,Golubev,652.0,France,31.0,8,117989.76,1.0,1.0,1.0,54129.86,0,3.4657359027997265
15652789,Hancock,652.0,Spain,40.0,10,0.0,2.0,1.0,1.0,52990.7,0,3.713572066704308
15739168,Fowler,652.0,France,31.0,5,137411.29,1.0,0.0,1.0,161854.98,0,3.4657359027997265
15719950,Sutherland,652.0,France,61.0,10,73688.2,1.0,1.0,1.0,172141.33,0,4.127134385045092
15743818,Rowley,652.0,Spain,58.0,9,122330.7,2.0,0.0,1.0,124429.19,0,4.07753744390572
15717937,Gibbons,652.0,Germany,43.0,5,99906.89,1.0,0.0,0.0,24983.39,0,3.784189633918261
15602841,Lockett,652.0,Spain,28.0,5,0.0,2.0,0.0,1.0,86699.98,0,3.367295829986474
15619972,Akabueze,652.0,France,47.0,9,167664.83,1.0,0.0,0.0,125440.11,1,3.8712010109078907
15796114,Phelps,652.0,France,34.0,7,141525.55,1.0,0.0,0.0,9443.15,0,3.5553480614894135
15633546,Frederick,652.0,Spain,33.0,3,124832.51,1.0,1.0,0.0,195877.06,0,3.5263605246161616
15758755,Beneventi,652.0,France,34.0,9,132121.71,1.0,0.0,1.0,105409.31,0,3.5553480614894135
15695168,Bruce,652.0,France,39.0,2,0.0,2.0,1.0,0.0,100403.05,0,3.6888794541139363
15754342,Green,652.0,Germany,60.0,0,78539.84,1.0,0.0,1.0,48502.88,0,4.110873864173311
15756610,Carlson,652.0,Germany,38.0,5,123770.46,1.0,0.0,0.0,47019.66,1,3.6635616461296463
15640917,Tang,652.0,France,43.0,5,0.0,2.0,1.0,1.0,48249.88,0,3.784189633918261
15663164,Yudin,652.0,Germany,49.0,7,116150.65,3.0,1.0,1.0,84358.71,1,3.912023005428146
15616811,MacDonald,652.0,France,47.0,0,160729.1,1.0,0.0,1.0,145986.35,0,3.8712010109078907
15610781,Watt,652.0,France,29.0,10,88378.6,1.0,1.0,0.0,88550.28,0,3.4011973816621555
15600911,Mbadiwe,652.0,France,33.0,2,182888.08,1.0,1.0,0.0,3061.0,0,3.5263605246161616
15629603,Chuang,652.0,France,31.0,8,0.0,2.0,1.0,1.0,43196.5,0,3.4657359027997265
15714981,Sabbatini,652.0,France,37.0,4,0.0,1.0,1.0,1.0,55775.84,1,3.6375861597263857
15775892,Caldwell,652.0,Spain,23.0,8,85600.08,1.0,0.0,0.0,134077.71,0,3.1780538303479458
15782778,Ewers,652.0,France,35.0,4,0.0,2.0,0.0,1.0,198490.33,0,3.58351893845611
15786643,Tsao,652.0,France,32.0,10,0.0,2.0,1.0,1.0,116052.92,0,3.4965075614664802
15595657,Hannam,652.0,Germany,40.0,4,95001.33,1.0,0.0,1.0,123202.99,0,3.713572066704308
15743673,Wood,652.0,Spain,27.0,2,113873.22,1.0,1.0,1.0,85129.77,1,3.332204510175204
15634310,Ko,652.0,France,30.0,6,0.0,2.0,1.0,0.0,180598.86,0,3.4339872044851463
15790809,Lo Duca,652.0,Spain,40.0,7,74896.92,1.0,1.0,0.0,198694.2,0,3.713572066704308
15668695,Endrizzi,652.0,France,22.0,5,89492.62,1.0,0.0,0.0,42934.43,0,3.1354942159291497
15669281,Ch'iu,652.0,Spain,38.0,3,128718.78,1.0,0.0,0.0,114793.45,0,3.6635616461296463
15621031,Mofflin,652.0,Spain,27.0,8,0.0,2.0,1.0,0.0,63297.7,0,3.332204510175204
15720071,Fiorentini,652.0,France,49.0,3,0.0,1.0,0.0,0.0,61820.41,1,3.912023005428146
15792180,Chiekwugo,652.0,Germany,22.0,7,144954.75,2.0,1.0,0.0,102246.0,0,3.1354942159291497
15813894,Bogle,652.0,Spain,21.0,9,0.0,2.0,0.0,0.0,154882.79,0,3.091042453358316
15669490,Ifeanacho,652.0,Germany,37.0,6,94001.61,2.0,1.0,0.0,140723.05,0,3.6375861597263857
15783030,Owens,652.0,France,40.0,7,0.0,1.0,1.0,0.0,72852.74,1,3.713572066704308
15695792,Ch'ien,652.0,France,62.0,0,0.0,1.0,1.0,1.0,85733.33,0,4.189654742026425
15575676,Chung,652.0,France,24.0,1,0.0,2.0,0.0,1.0,162597.15,0,3.2188758248682006
15627665,Sung,652.0,France,46.0,4,0.0,1.0,1.0,0.0,74379.57,1,3.8501476017100584
15814092,Wang,652.0,France,44.0,2,0.0,1.0,0.0,1.0,173117.22,1,3.8066624897703196
15695225,Sun,652.0,Spain,38.0,8,0.0,2.0,1.0,1.0,66485.26,0,3.6635616461296463
15615091,Maitland,652.0,France,24.0,6,0.0,2.0,1.0,1.0,92811.2,0,3.2188758248682006
15794345,Ma,652.0,Spain,38.0,8,0.0,2.0,0.0,1.0,46635.11,0,3.6635616461296463
15726484,Pollard,652.0,France,37.0,7,141546.35,1.0,1.0,1.0,124830.11,0,3.6375861597263857
15650442,Hsieh,652.0,Germany,32.0,8,141528.88,1.0,1.0,1.0,167087.34,1,3.4965075614664802
15714256,Gerasimov,652.0,France,30.0,7,109805.3,1.0,0.0,1.0,163625.56,0,3.4339872044851463
15778752,Johnson,652.0,France,32.0,10,86614.06,2.0,1.0,1.0,172129.26,0,3.4965075614664802
15601659,Fiorentino,652.0,Germany,59.0,7,91680.1,2.0,1.0,0.0,163141.18,1,4.0943445622221
15602811,Chioke,652.0,Germany,38.0,0,38848.19,2.0,0.0,0.0,94003.11,0,3.6635616461296463
15779414,Rossi,652.0,Spain,40.0,3,153639.11,1.0,1.0,1.0,138351.68,0,3.713572066704308
15763097,Siciliano,652.0,Spain,62.0,8,0.0,2.0,0.0,1.0,34164.05,0,4.394449154672439
15633666,Efremov,652.0,Spain,33.0,7,123870.07,1.0,1.0,0.0,97794.71,0,3.5263605246161616
15718789,Brigstocke,652.0,France,30.0,5,0.0,2.0,1.0,0.0,75786.55,0,3.4339872044851463
15690620,Olisaemeka,652.0,France,39.0,10,46323.57,1.0,1.0,0.0,136812.02,0,3.6888794541139363
15737071,Tang,652.0,France,60.0,5,162039.78,1.0,1.0,1.0,84361.72,1,4.110873864173311
15665062,Lucchese,652.0,France,19.0,1,110928.51,1.0,1.0,1.0,2766.63,0,2.995732273553991
15600692,West,652.0,France,38.0,5,0.0,2.0,1.0,0.0,163185.76,0,3.6635616461296463
15792064,Pai,652.0,Germany,53.0,5,114421.55,1.0,1.0,0.0,180598.28,1,3.9889840465642745
15811486,Tang,652.0,Germany,29.0,8,130036.21,2.0,0.0,1.0,69849.55,0,3.4011973816621555
15626141,Fedorov,652.0,France,26.0,1,151510.17,2.0,1.0,1.0,19921.72,0,3.295836866004329
15738546,Gboliwe,652.0,Spain,41.0,4,0.0,2.0,0.0,1.0,147606.71,0,3.7376696182833684
15677052,Ko,652.0,France,59.0,2,0.0,2.0,1.0,1.0,126160.24,1,4.0943445622221
15656454,Le Gallienne,652.0,France,37.0,6,83568.55,1.0,1.0,0.0,47046.72,0,3.6375861597263857
15645496,Seleznyova,652.0,France,43.0,7,139972.18,1.0,1.0,0.0,143668.58,0,3.784189633918261
15612505,Joseph,652.0,Spain,45.0,3,100212.13,1.0,1.0,0.0,152577.62,0,3.828641396489095
15708513,Bevan,652.0,France,39.0,1,90217.07,1.0,1.0,0.0,191350.48,0,3.6888794541139363
15685654,Allan,652.0,Spain,62.0,9,0.0,2.0,1.0,1.0,14234.31,0,4.204692619390966
15732307,Lavrentiev,652.0,Germany,33.0,4,124067.32,1.0,1.0,1.0,77906.87,0,3.5263605246161616
15726814,Walton,652.0,Spain,46.0,4,0.0,2.0,0.0,1.0,57320.92,0,3.8501476017100584
15653776,Salier,652.0,Germany,57.0,1,162082.31,3.5,0.0,0.0,27145.73,1,4.060443010546419
15597914,Evdokimov,652.0,Germany,51.0,2,117306.69,3.5,1.0,1.0,26912.72,1,3.9512437185814275
15631603,Ponomaryova,652.0,France,32.0,1,122889.88,1.0,1.0,1.0,26476.18,0,3.4965075614664802
15789753,Millar,652.0,France,40.0,6,148790.61,1.0,0.0,1.0,79329.7,0,3.713572066704308
15678034,Grosse,652.0,France,46.0,9,180226.24,1.0,1.0,0.0,13464.64,1,3.8501476017100584
15690209,Hsiao,652.0,Germany,32.0,3,104857.19,2.0,1.0,0.0,114149.8,0,3.4965075614664802
15592091,Belbin,652.0,Spain,31.0,2,166833.86,2.0,1.0,1.0,135171.6,0,3.4657359027997265
15647453,Ifeajuna,652.0,France,42.0,4,102936.72,1.0,0.0,0.0,1187.88,0,3.7612001156935624
15697100,Wright,652.0,Germany,48.0,6,108736.52,1.0,1.0,0.0,184564.67,1,3.8918202981106265
15811290,Komarova,652.0,Germany,44.0,0,129974.79,2.0,1.0,1.0,33391.38,0,3.8066624897703196
15629187,Titheradge,652.0,France,38.0,8,85982.07,1.0,1.0,0.0,9238.35,0,3.6635616461296463
15758073,Dellucci,652.0,France,20.0,7,134397.61,1.0,0.0,0.0,28029.54,0,3.044522437723423
15640769,Hobbs,652.0,France,62.0,8,137841.53,1.0,1.0,1.0,42790.29,0,4.1588830833596715
15606641,Beggs,652.0,Germany,56.0,10,100260.88,3.0,1.0,1.0,77142.42,1,4.04305126783455
15718280,Luffman,652.0,Germany,39.0,5,139822.11,2.0,1.0,1.0,146219.9,0,3.6888794541139363
15764335,Caldwell,652.0,Germany,41.0,8,123151.51,2.0,1.0,0.0,70127.93,0,3.7376696182833684
15634218,Mancini,652.0,Germany,27.0,4,95331.83,2.0,1.0,0.0,132104.76,0,3.332204510175204
15808760,Evseev,652.0,Spain,42.0,6,0.0,1.0,1.0,1.0,90437.87,0,3.7612001156935624
15648461,Hs?eh,652.0,Spain,37.0,7,138162.41,2.0,1.0,1.0,113926.31,0,3.6375861597263857
15593555,Chinedum,652.0,France,38.0,9,0.0,2.0,1.0,1.0,12050.77,0,3.6635616461296463
15569079,Hagins,652.0,Germany,48.0,6,126066.26,1.0,1.0,0.0,64345.61,1,3.8918202981106265
15800736,Kirwan,652.0,Spain,42.0,4,96763.89,1.0,1.0,1.0,199242.65,0,3.7612001156935624
15792607,Little,652.0,France,38.0,2,0.0,2.0,0.0,0.0,75578.67,0,3.6635616461296463
15640034,Milligan,652.0,France,42.0,2,139561.46,1.0,1.0,0.0,43435.43,1,3.7612001156935624
15807563,Ch'iu,652.0,France,52.0,5,0.0,1.0,0.0,0.0,183239.71,1,3.970291913552122
15684461,McKay,652.0,Spain,31.0,6,0.0,1.0,1.0,0.0,146213.75,1,3.4657359027997265
15580134,Crawford,652.0,Spain,27.0,2,172463.45,1.0,1.0,1.0,40315.27,0,3.332204510175204
15679075,Onyemere,652.0,France,37.0,8,107798.85,1.0,1.0,0.0,16966.73,0,3.6375861597263857
15742504,Azuka,652.0,France,36.0,2,70181.48,2.0,1.0,0.0,80608.12,0,3.6109179126442243
15567328,Ch'en,652.0,Spain,38.0,5,177997.07,1.0,0.0,1.0,19233.41,0,3.6635616461296463
15698294,Royster,652.0,Spain,31.0,1,0.0,2.0,1.0,0.0,135382.23,0,3.4657359027997265
15607142,Parkin,652.0,France,32.0,8,0.0,1.0,1.0,1.0,80410.68,0,3.4965075614664802
15738516,Kozlova,652.0,Spain,36.0,5,0.0,1.0,1.0,0.0,17696.22,0,3.6109179126442243
15806403,Hu,652.0,France,37.0,9,0.0,2.0,1.0,0.0,17974.08,0,3.6375861597263857
15656707,Ma,652.0,Spain,21.0,2,123200.78,1.0,1.0,1.0,180712.28,0,3.091042453358316
15653715,Coates,652.0,France,62.0,7,0.0,2.0,1.0,1.0,56323.21,0,4.1588830833596715
15806184,Burns,652.0,Spain,33.0,4,0.0,2.0,1.0,1.0,77550.18,0,3.5263605246161616
15585734,Gouger,652.0,Germany,41.0,9,137742.9,2.0,1.0,1.0,166957.82,0,3.7376696182833684
15725639,Ignatyev,652.0,France,62.0,9,116270.72,1.0,1.0,1.0,184243.25,0,4.1588830833596715
15618401,Douglas,652.0,Germany,41.0,10,113220.2,2.0,1.0,1.0,114072.91,0,3.7376696182833684
15785385,Fiorentino,652.0,Spain,51.0,5,0.0,2.0,1.0,0.0,153917.41,0,3.9512437185814275
15734762,Ignatiev,652.0,France,56.0,3,115895.22,3.0,1.0,0.0,4176.17,1,4.04305126783455
15767129,Munz,652.0,France,60.0,6,121730.49,1.0,1.0,1.0,142963.29,0,4.110873864173311
15797204,Paling,652.0,Spain,28.0,3,113811.85,2.0,0.0,1.0,76844.23,0,3.367295829986474
15769272,Clark,652.0,France,26.0,6,136214.08,1.0,0.0,0.0,159742.33,0,3.295836866004329
15771966,Akobundu,652.0,France,39.0,8,146200.01,1.0,1.0,0.0,177944.64,0,3.6888794541139363
15691952,Fanucci,652.0,France,37.0,10,106242.67,1.0,1.0,1.0,166678.28,0,3.6375861597263857
15593250,Hsiao,652.0,France,29.0,4,0.0,2.0,1.0,0.0,44904.26,0,3.4011973816621555
15605333,Clancy,652.0,Spain,31.0,6,0.0,1.0,1.0,0.0,10625.91,0,3.4657359027997265
15800083,Macdonald,652.0,France,45.0,8,24043.45,1.0,0.0,1.0,169781.45,1,3.828641396489095
15575691,Palerma,652.0,France,58.0,5,0.0,2.0,0.0,1.0,49848.86,0,4.07753744390572
15689886,Holden,652.0,Germany,39.0,10,132287.92,3.0,1.0,1.0,51467.92,1,3.6888794541139363
15809838,Moore,652.0,Spain,30.0,1,0.0,2.0,0.0,0.0,735.79,0,3.4339872044851463
15736154,Gallo,652.0,France,44.0,1,0.0,2.0,0.0,1.0,182495.7,0,3.8066624897703196
15767391,Otutodilinna,652.0,Germany,32.0,4,90322.99,2.0,0.0,1.0,118740.37,0,3.4965075614664802
15704910,Rios,652.0,Spain,23.0,3,0.0,2.0,1.0,0.0,13813.24,0,3.1780538303479458
15656613,McGregor,652.0,France,34.0,3,131283.11,1.0,0.0,0.0,130500.65,0,3.5553480614894135
15611551,Hill,652.0,Spain,48.0,1,131659.59,2.0,0.0,1.0,14152.15,0,3.8918202981106265
15732430,H?,652.0,Spain,54.0,4,120952.74,1.0,1.0,0.0,66963.15,0,4.007333185232471
15741865,Ferrari,652.0,France,38.0,9,153166.17,1.0,1.0,1.0,93261.69,0,3.6635616461296463
15634143,Onyemauchechi,652.0,Spain,30.0,0,53291.86,1.0,0.0,0.0,196582.28,0,3.4339872044851463
15609676,Nkemakonam,652.0,France,35.0,2,167924.95,1.0,1.0,0.0,43024.64,0,3.58351893845611
15761600,White,652.0,France,43.0,5,86394.14,1.0,1.0,1.0,130001.13,0,3.784189633918261
15676404,Kirillov,652.0,France,50.0,1,0.0,1.0,1.0,0.0,12106.82,1,3.9318256327243257
15659236,Iadanza,652.0,Spain,33.0,3,0.0,2.0,1.0,1.0,42556.33,0,3.5263605246161616
15690440,Stiles,652.0,Spain,47.0,1,0.0,2.0,1.0,1.0,197961.93,0,3.8712010109078907
15694601,Ankudinov,652.0,France,31.0,4,158978.79,1.0,1.0,0.0,12538.92,0,3.4657359027997265
15812262,Gaffney,652.0,Germany,37.0,2,100431.84,1.0,1.0,0.0,35140.49,1,3.6375861597263857
15762821,Udinese,652.0,Spain,33.0,5,0.0,2.0,0.0,1.0,117626.9,0,3.5263605246161616
15669301,Romani,652.0,Germany,29.0,6,150358.97,1.0,1.0,0.0,62454.01,1,3.4011973816621555
15672640,Kambinachi,652.0,Spain,45.0,4,114347.85,2.0,1.0,1.0,109089.04,0,3.828641396489095
15750458,Hawkins,652.0,France,39.0,4,0.0,2.0,0.0,1.0,142331.39,0,3.6888794541139363
15627251,Tsui,652.0,France,34.0,4,134007.9,1.0,1.0,1.0,193209.11,0,3.5553480614894135
15764294,Ifeatu,652.0,Germany,31.0,4,98899.91,1.0,1.0,1.0,47832.82,0,3.4657359027997265
15659962,McIntosh,652.0,France,60.0,3,0.0,2.0,1.0,1.0,70174.03,0,4.110873864173311
15788536,Armit,652.0,Germany,40.0,2,137430.82,2.0,0.0,0.0,176768.59,0,3.713572066704308
15596979,Fang,652.0,France,47.0,6,0.0,2.0,1.0,1.0,129392.75,0,3.8712010109078907
15681220,Chou,652.0,France,37.0,8,0.0,2.0,1.0,1.0,97893.32,0,3.6375861597263857
15635097,Okeke,652.0,Germany,39.0,2,188976.89,2.0,0.0,1.0,176142.09,0,3.6888794541139363
15780779,Ramsbotham,652.0,Spain,40.0,4,0.0,2.0,1.0,0.0,114093.73,0,3.713572066704308
15798470,Scannell,652.0,Spain,48.0,1,75990.97,1.0,1.0,0.0,158323.81,1,3.8918202981106265
15760880,Edman,652.0,France,29.0,10,0.0,2.0,0.0,1.0,25514.77,0,3.4011973816621555
15616929,De Luca,652.0,Spain,62.0,5,112181.08,1.0,0.0,1.0,61513.87,0,4.143134726391533
15758775,Vasilyeva,652.0,Spain,34.0,10,97208.46,1.0,1.0,1.0,59553.34,0,3.5553480614894135
15663386,Tuan,652.0,Spain,26.0,7,0.0,2.0,1.0,0.0,110253.2,0,3.295836866004329
15621267,Ejimofor,652.0,France,32.0,5,0.0,1.0,0.0,0.0,148769.08,0,3.4965075614664802
15720509,Hs?,652.0,France,34.0,9,150856.79,1.0,0.0,1.0,8236.78,0,3.5553480614894135
15693322,Shaver,652.0,Germany,37.0,9,146748.07,1.0,0.0,1.0,11407.58,0,3.6375861597263857
15589544,Wallis,652.0,Spain,57.0,4,0.0,2.0,1.0,1.0,49684.09,0,4.060443010546419
15772030,Coupp,652.0,Spain,33.0,3,0.0,2.0,0.0,1.0,68064.83,0,3.5263605246161616
15693337,Perry,652.0,Spain,41.0,0,148863.17,1.0,1.0,1.0,163911.32,0,3.7376696182833684
15676571,Bezrukova,652.0,France,55.0,6,0.0,1.0,1.0,0.0,944.41,1,4.02535169073515
15701392,Lucciano,652.0,Spain,28.0,6,0.0,2.0,0.0,1.0,185547.71,0,3.367295829986474
15741092,Ingram,652.0,Spain,34.0,10,153360.02,1.0,1.0,0.0,140509.86,0,3.5553480614894135
15643865,Lo Duca,652.0,France,40.0,3,92055.36,1.0,0.0,1.0,164652.02,1,3.713572066704308
15769389,Wan,652.0,Germany,39.0,9,124723.92,1.0,1.0,0.0,73641.86,0,3.6888794541139363
15807768,Cohn,652.0,Germany,28.0,1,103033.83,1.0,1.0,1.0,40321.87,0,3.367295829986474
15801630,Yen,652.0,France,40.0,6,0.0,2.0,1.0,0.0,173844.89,0,3.713572066704308
15705034,Peng,652.0,Spain,40.0,1,0.0,2.0,1.0,1.0,145613.17,0,3.713572066704308
15763107,Little,652.0,France,30.0,9,0.0,1.0,1.0,1.0,174971.64,0,3.4339872044851463
15667085,Meng,652.0,France,33.0,4,0.0,2.0,1.0,1.0,131834.75,0,3.5263605246161616
15647008,Adams,652.0,Germany,54.0,3,116726.22,1.0,1.0,0.0,110498.1,1,4.007333185232471
15584505,Hill,652.0,France,23.0,5,113923.81,2.0,0.0,0.0,196241.43,0,3.1780538303479458
15748068,Boyle,652.0,Spain,31.0,3,0.0,2.0,1.0,1.0,194667.92,0,3.4657359027997265
15663964,Pagnotto,652.0,France,37.0,5,0.0,2.0,1.0,0.0,83093.25,0,3.6375861597263857
15782311,Feng,652.0,France,28.0,9,0.0,2.0,1.0,1.0,52545.24,0,3.367295829986474
15588197,Endrizzi,652.0,France,36.0,7,0.0,2.0,0.0,0.0,59571.5,0,3.6109179126442243
15610105,Shen,652.0,Germany,21.0,1,121827.43,2.0,1.0,1.0,99818.31,0,3.091042453358316
15606133,Lay,652.0,Spain,42.0,7,0.0,2.0,0.0,1.0,172967.87,0,3.7612001156935624
15599403,Wu,652.0,France,60.0,10,125389.7,2.0,1.0,1.0,178616.73,0,4.110873864173311
15648225,Shephard,652.0,Spain,38.0,1,103895.31,1.0,0.0,1.0,159649.44,0,3.6635616461296463
15608406,Schmidt,652.0,France,26.0,5,111128.04,1.0,1.0,0.0,60941.27,1,3.295836866004329
15633378,Davidson,652.0,Spain,49.0,9,0.0,2.0,1.0,0.0,178342.63,0,3.912023005428146
15664759,Lamb,652.0,Spain,32.0,10,0.0,2.0,1.0,0.0,191545.65,0,3.4965075614664802
15625545,Hussey,652.0,Spain,52.0,9,0.0,1.0,1.0,1.0,117977.45,1,3.970291913552122
15772148,Ferrari,652.0,Germany,37.0,5,151242.48,1.0,0.0,1.0,49637.65,0,3.6375861597263857
15810829,Macfarlan,652.0,France,48.0,7,0.0,1.0,1.0,0.0,13921.82,1,3.8918202981106265
15731669,Szabados,652.0,France,39.0,2,129709.62,1.0,1.0,0.0,173197.12,0,3.6888794541139363
15738634,Yuan,652.0,France,47.0,9,83347.25,1.0,1.0,1.0,137696.25,0,3.8712010109078907
15737571,Matveyev,652.0,Spain,28.0,6,84121.04,1.0,0.0,1.0,80698.54,0,3.367295829986474
15667602,Cheng,652.0,Spain,33.0,3,0.0,2.0,1.0,0.0,73018.74,0,3.5263605246161616
15684147,Palerma,652.0,France,43.0,5,102338.19,1.0,1.0,1.0,79649.62,0,3.784189633918261
15789874,Wang,652.0,France,29.0,3,87375.78,2.0,0.0,0.0,166194.53,0,3.4011973816621555
15757952,Teng,652.0,France,44.0,2,0.0,3.0,1.0,0.0,102530.35,1,3.8066624897703196
15698732,K'ung,652.0,Germany,51.0,3,104677.09,1.0,1.0,0.0,74265.38,0,3.9512437185814275
15714355,Sinclair,652.0,Germany,32.0,8,121669.23,1.0,0.0,1.0,125898.39,0,3.4965075614664802
15599090,McKelvey,652.0,Germany,40.0,7,108407.34,1.0,1.0,1.0,83681.2,0,3.713572066704308
15762048,Yuan,652.0,Germany,33.0,7,154969.79,2.0,1.0,1.0,99505.75,0,3.5263605246161616
15790596,Moran,652.0,Spain,39.0,0,141829.67,1.0,1.0,1.0,92748.16,0,3.6888794541139363
15609623,McConnell,652.0,France,62.0,5,0.0,1.0,1.0,0.0,28092.77,1,4.1588830833596715
15711901,Iheatu,652.0,France,45.0,2,109162.82,1.0,1.0,1.0,126145.08,0,3.828641396489095
15779809,Giordano,652.0,France,44.0,8,87471.63,1.0,0.0,1.0,188593.98,0,3.8066624897703196
15729018,Alexander,652.0,France,33.0,2,147229.65,1.0,1.0,1.0,56410.17,0,3.5263605246161616
15698246,Gordon,652.0,France,24.0,2,0.0,2.0,1.0,1.0,84694.49,0,3.2188758248682006
15712409,Tang,652.0,Germany,62.0,6,182532.23,2.0,1.0,1.0,195429.92,0,4.204692619390966
15758306,T'an,652.0,France,32.0,6,0.0,2.0,1.0,1.0,137898.57,0,3.4965075614664802
15621435,Davies,652.0,France,39.0,1,160903.2,1.0,0.0,0.0,78774.36,0,3.6888794541139363
15566295,Sanders,652.0,France,33.0,6,138053.79,2.0,1.0,0.0,148779.41,0,3.5263605246161616
15569098,Winifred,652.0,France,44.0,6,153548.12,1.0,0.0,0.0,35300.08,1,3.8066624897703196
15662532,Holmes,652.0,Germany,31.0,8,149085.9,2.0,1.0,1.0,197077.36,0,3.4657359027997265
15664001,Riddle,652.0,Germany,53.0,8,95231.91,1.0,0.0,0.0,70140.8,1,3.9889840465642745
15703437,Chinedum,652.0,France,34.0,3,0.0,2.0,1.0,0.0,196288.46,0,3.5553480614894135
15708003,Aleksandrova,652.0,Spain,41.0,8,85109.21,1.0,1.0,0.0,1557.82,0,3.7376696182833684
15599452,Conti,652.0,Germany,43.0,8,125338.8,2.0,1.0,0.0,23970.13,0,3.784189633918261
15719793,Watson,652.0,Spain,62.0,5,0.0,2.0,1.0,1.0,180243.56,0,4.143134726391533
15771580,Davison,652.0,France,38.0,0,106831.69,1.0,0.0,1.0,148977.72,0,3.6635616461296463
15732268,Cook,652.0,France,29.0,3,159597.45,1.0,1.0,0.0,39934.41,0,3.4011973816621555
15722350,Udinesi,652.0,Germany,37.0,7,147361.57,1.0,1.0,1.0,133031.96,0,3.6375861597263857
15611371,Siciliani,652.0,France,43.0,4,176134.54,1.0,1.0,1.0,52856.88,0,3.784189633918261
15673584,Bell,652.0,France,62.0,5,0.0,2.0,1.0,1.0,937.15,0,4.31748811353631
15636396,Jackson,652.0,France,35.0,7,0.0,2.0,0.0,1.0,193022.44,0,3.58351893845611
15706170,Onyemere,652.0,France,34.0,1,84055.43,1.0,0.0,0.0,37490.84,0,3.5553480614894135
15725478,McClemans,652.0,France,60.0,7,0.0,2.0,1.0,1.0,111558.7,0,4.110873864173311
15654562,Ma,652.0,Spain,45.0,5,174088.3,3.5,1.0,0.0,5669.31,1,3.828641396489095
15737509,Morrison,652.0,Spain,34.0,8,199229.14,1.0,0.0,0.0,68106.29,0,3.5553480614894135
15690796,Chambers,652.0,France,37.0,8,0.0,1.0,1.0,0.0,101834.58,0,3.6375861597263857
15716728,Basedow,652.0,Spain,42.0,10,0.0,2.0,0.0,1.0,73151.25,0,3.7612001156935624
15605665,Nwora,652.0,Germany,62.0,3,78833.15,2.0,1.0,1.0,37196.15,0,4.248495242049359
15748481,Howey,652.0,France,27.0,6,0.0,1.0,0.0,0.0,7819.76,0,3.332204510175204
15757777,Pai,652.0,France,35.0,2,0.0,2.0,1.0,1.0,23129.46,0,3.58351893845611
15747808,Ni,652.0,France,29.0,3,102540.61,1.0,1.0,1.0,189680.79,0,3.4011973816621555
15810593,Forbes,652.0,France,51.0,4,0.0,3.0,1.0,1.0,66586.56,0,3.9512437185814275
15693376,Baryshnikov,652.0,Spain,43.0,0,0.0,2.0,1.0,1.0,2920.63,1,3.784189633918261
15579808,Kramer,652.0,Germany,39.0,8,129401.87,1.0,1.0,1.0,87684.93,0,3.6888794541139363
15598275,Sochima,652.0,France,32.0,7,0.0,2.0,1.0,1.0,199418.02,0,3.4965075614664802
15737080,Marchesi,652.0,France,32.0,1,0.0,2.0,0.0,1.0,28515.17,0,3.4965075614664802
15668580,Todd,652.0,Spain,33.0,2,0.0,2.0,1.0,1.0,92916.53,0,3.5263605246161616
15569438,Mai,652.0,Germany,36.0,10,106702.94,2.0,0.0,0.0,198313.69,0,3.6109179126442243
15675842,Pinto,652.0,Spain,26.0,4,139584.57,1.0,1.0,0.0,36308.93,0,3.295836866004329
15577587,Reynolds,652.0,Germany,52.0,5,121016.23,1.0,1.0,1.0,41730.37,1,3.970291913552122
15625592,Sal,652.0,France,26.0,2,0.0,2.0,1.0,1.0,31399.4,0,3.295836866004329
15635141,Miller,652.0,Germany,59.0,8,118210.42,2.0,0.0,0.0,60192.14,1,4.0943445622221
15642570,Scott,652.0,Spain,35.0,8,0.0,2.0,1.0,0.0,29062.25,0,3.58351893845611
15702175,Herrin,652.0,France,29.0,4,148654.84,2.0,1.0,1.0,28805.09,0,3.4011973816621555
15677785,Stevenson,652.0,Spain,32.0,5,136963.12,1.0,1.0,0.0,133814.28,0,3.4965075614664802
15786153,McKenzie,652.0,Germany,47.0,9,137774.11,2.0,1.0,0.0,151902.78,0,3.8712010109078907
15759499,Gardiner,652.0,France,32.0,4,111156.52,1.0,1.0,1.0,167376.26,0,3.4965075614664802
15659568,Atkinson,652.0,Spain,31.0,3,121237.65,1.0,1.0,1.0,31022.56,0,3.4657359027997265
15715597,Onyemauchechi,652.0,France,36.0,1,97234.58,1.0,1.0,0.0,188997.08,0,3.6109179126442243
15610147,Ross,652.0,France,60.0,2,0.0,2.0,0.0,1.0,2085.32,0,4.110873864173311
15802362,Newland,652.0,Spain,45.0,0,0.0,2.0,0.0,1.0,70399.71,0,3.828641396489095
15660524,Hu,652.0,Germany,54.0,9,97382.53,1.0,1.0,1.0,195771.95,0,4.007333185232471
15747168,Sanders,652.0,Germany,47.0,2,103108.8,1.0,0.0,1.0,166475.44,1,3.8712010109078907
15796910,Tsui,652.0,Spain,57.0,7,0.0,1.0,0.0,0.0,84106.17,1,4.060443010546419
15707674,Marino,652.0,France,58.0,2,131852.81,1.0,1.0,0.0,81436.68,1,4.07753744390572
15565706,Akobundu,652.0,Spain,35.0,1,0.0,1.0,1.0,1.0,83256.26,1,3.58351893845611
15587596,Morrison,652.0,Spain,39.0,8,107553.33,1.0,1.0,0.0,117523.41,0,3.6888794541139363
15751943,Mai,652.0,Spain,43.0,5,0.0,2.0,0.0,0.0,79476.63,0,3.784189633918261
15621227,Hs?eh,652.0,Germany,46.0,7,161806.09,1.0,1.0,1.0,173052.19,0,3.8501476017100584
15757588,Wright,652.0,France,30.0,9,0.0,2.0,0.0,0.0,100995.68,0,3.4339872044851463
15640922,Demaine,652.0,France,52.0,7,0.0,1.0,1.0,1.0,122782.5,0,3.970291913552122
15567557,Chien,652.0,France,27.0,2,128243.03,1.0,1.0,1.0,11631.34,0,3.332204510175204
15670103,Dickinson,652.0,France,38.0,5,126645.13,1.0,1.0,1.0,168303.55,0,3.6635616461296463
15720929,Kazantseva,652.0,France,47.0,8,62094.71,3.0,0.0,0.0,9308.1,1,3.8712010109078907
15732774,Marchesi,652.0,France,37.0,7,112291.34,1.0,1.0,0.0,153157.97,0,3.6375861597263857
15628558,Pan,652.0,France,44.0,5,89188.83,1.0,1.0,1.0,75408.24,0,3.8066624897703196
15729201,Harewood,652.0,France,55.0,9,0.0,1.0,1.0,0.0,153356.8,1,4.02535169073515
15731117,Kao,652.0,Spain,28.0,2,109161.25,1.0,1.0,0.0,152987.42,0,3.367295829986474
15615207,Yeh,652.0,Spain,47.0,0,0.0,1.0,1.0,1.0,5557.88,1,3.8712010109078907
15773512,Bischof,652.0,Spain,25.0,4,0.0,1.0,1.0,1.0,194313.93,0,3.258096538021482
15572145,Ashton,652.0,France,34.0,8,0.0,2.0,1.0,0.0,94767.77,0,3.5553480614894135
15642710,Napolitani,652.0,France,26.0,7,0.0,2.0,1.0,0.0,1540.89,0,3.295836866004329
15574213,Wilson,652.0,France,53.0,1,158271.74,1.0,1.0,1.0,5036.39,1,3.9889840465642745
15718852,Uren,652.0,France,56.0,9,96951.21,1.0,1.0,1.0,71776.76,0,4.04305126783455
15583840,Okechukwu,652.0,Germany,35.0,5,121863.61,1.0,1.0,1.0,23481.69,1,3.58351893845611
15782418,Ku,652.0,Germany,19.0,9,83495.11,1.0,1.0,1.0,143022.31,1,2.995732273553991
15813504,Onyemachukwu,652.0,Germany,25.0,1,146566.01,1.0,0.0,1.0,161407.48,0,3.258096538021482
15711314,Kao,652.0,Spain,45.0,1,0.0,1.0,0.0,0.0,125939.22,1,3.828641396489095
15621064,Russell,652.0,Germany,23.0,5,186101.18,2.0,1.0,1.0,76611.33,0,3.1780538303479458
15627847,Woronoff,652.0,France,40.0,6,0.0,1.0,1.0,0.0,136985.08,1,3.713572066704308
15588090,Ferri,652.0,Germany,51.0,8,107494.86,2.0,1.0,0.0,140937.91,1,3.9512437185814275
15735270,Ruggiero,652.0,Spain,47.0,2,0.0,1.0,1.0,0.0,48161.18,1,3.8712010109078907
15671804,Wilding,652.0,Spain,36.0,8,146943.38,2.0,1.0,1.0,130041.45,0,3.6109179126442243
15753215,Yashina,652.0,Spain,36.0,8,0.0,2.0,1.0,0.0,91652.43,0,3.6109179126442243
15789941,Yevseyev,652.0,France,36.0,6,125130.28,1.0,0.0,0.0,125961.48,0,3.6109179126442243
15691061,Rapuokwu,652.0,France,37.0,9,0.0,2.0,1.0,1.0,73225.31,0,3.6375861597263857
15808326,Maslov,652.0,France,34.0,9,0.0,2.0,1.0,1.0,20460.2,0,3.5553480614894135
15566660,Cole,652.0,France,41.0,10,0.0,3.0,1.0,0.0,81602.02,0,3.7376696182833684
15778947,Sullivan,652.0,France,36.0,3,0.0,2.0,1.0,1.0,8742.91,0,3.6109179126442243
15632977,Hsiao,652.0,France,47.0,5,0.0,2.0,0.0,0.0,145789.71,0,3.8712010109078907
15591747,Rossi,652.0,France,32.0,3,0.0,2.0,0.0,0.0,129576.99,0,3.4965075614664802
15567335,Allsop,652.0,France,42.0,7,0.0,2.0,1.0,1.0,190040.29,0,3.7612001156935624
15609299,Chamberlain,652.0,France,29.0,6,150685.79,1.0,1.0,0.0,87771.06,0,3.4011973816621555
15669945,Jackson,652.0,France,35.0,4,141359.37,2.0,1.0,0.0,39519.53,0,3.58351893845611
15736271,Dumetochukwu,652.0,France,29.0,9,0.0,1.0,1.0,0.0,190035.83,0,3.4011973816621555
15710390,Uspensky,652.0,France,39.0,6,94631.26,2.0,1.0,1.0,148948.52,0,3.6888794541139363
15756481,Garcia,652.0,France,39.0,3,118336.14,1.0,1.0,0.0,184691.77,0,3.6888794541139363
15736730,Soto,652.0,France,45.0,2,0.0,1.0,1.0,1.0,143458.31,0,3.828641396489095
15626040,McDonald,652.0,Spain,62.0,0,0.0,2.0,0.0,1.0,27166.75,0,4.1588830833596715
15746553,Castles,652.0,Germany,50.0,5,124233.24,1.0,0.0,1.0,159456.87,1,3.9318256327243257
15622518,Stephenson,652.0,France,26.0,5,51116.26,1.0,1.0,1.0,70454.79,1,3.295836866004329
15684908,Davidson,652.0,Germany,62.0,1,91869.69,1.0,0.0,1.0,95421.0,0,4.174387269895637
15569446,Tu,652.0,France,34.0,8,122338.43,2.0,1.0,0.0,187985.85,0,3.5553480614894135
15777504,Colbert,652.0,France,30.0,8,0.0,1.0,1.0,1.0,92621.9,0,3.4339872044851463
15677906,Owens,652.0,Spain,54.0,5,0.0,1.0,0.0,1.0,150836.98,0,4.007333185232471
15703292,Chimezie,652.0,France,26.0,8,86270.93,2.0,1.0,1.0,90177.3,0,3.295836866004329
15712938,Genovese,652.0,France,44.0,3,0.0,2.0,1.0,1.0,34416.79,0,3.8066624897703196
15631359,Daluchi,652.0,France,38.0,5,117289.92,1.0,0.0,0.0,85231.88,0,3.6635616461296463
15720847,Sheffield,652.0,France,35.0,2,0.0,2.0,1.0,1.0,118983.18,0,3.58351893845611
15787830,Bailey,652.0,Germany,33.0,7,153663.27,1.0,1.0,0.0,111868.23,0,3.5263605246161616
15599869,Dyson,652.0,Spain,29.0,1,0.0,1.0,1.0,1.0,83056.22,0,3.4011973816621555
15592078,Davide,652.0,Germany,27.0,8,123599.49,2.0,1.0,0.0,1676.92,0,3.332204510175204
15596228,Uwaezuoke,652.0,France,29.0,4,0.0,2.0,1.0,0.0,32089.57,0,3.4011973816621555
15578462,Hs?,652.0,Spain,62.0,9,134208.25,1.0,1.0,1.0,13455.43,0,4.343805421853684
15756894,Onwuka,652.0,France,29.0,1,0.0,1.0,0.0,1.0,24865.54,0,3.4011973816621555
15796167,Flores,652.0,Germany,35.0,7,98556.89,2.0,1.0,0.0,117644.36,0,3.58351893845611
15664808,Nicoll,652.0,Spain,37.0,3,0.0,3.0,0.0,0.0,98897.32,0,3.6375861597263857
15664555,Hughes,652.0,France,40.0,2,0.0,3.5,0.0,1.0,106174.7,1,3.713572066704308
15607278,Romano,652.0,Spain,46.0,8,134593.79,1.0,1.0,1.0,46386.37,0,3.8501476017100584
15585222,Norman,652.0,France,41.0,8,0.0,2.0,1.0,1.0,185054.14,0,3.7376696182833684
15750299,Davison,652.0,Spain,24.0,10,68781.82,1.0,0.0,1.0,47997.39,0,3.2188758248682006
15761294,Manna,652.0,Germany,56.0,8,137464.04,1.0,1.0,0.0,130846.79,1,4.04305126783455
15810454,Reed,652.0,France,32.0,4,147307.91,1.0,0.0,1.0,40861.55,0,3.4965075614664802
15673984,Daniels,652.0,France,35.0,8,0.0,1.0,1.0,0.0,171840.24,1,3.58351893845611
15609319,Hunt,652.0,France,41.0,3,145754.91,1.0,1.0,1.0,101455.07,0,3.7376696182833684
15709941,Feng,652.0,France,46.0,8,0.0,3.0,1.0,0.0,90747.94,1,3.8501476017100584
15580252,Waters,652.0,France,44.0,4,112610.77,1.0,0.0,1.0,2048.55,0,3.8066624897703196
15741275,Yuan,652.0,France,57.0,7,71481.79,2.0,1.0,1.0,84421.34,0,4.060443010546419
15707132,Yudin,652.0,France,33.0,5,0.0,2.0,0.0,1.0,78698.09,0,3.5263605246161616
15600708,Calabresi,652.0,Spain,34.0,3,77826.8,1.0,1.0,1.0,168544.85,0,3.5553480614894135
15804787,Onyemauchechukwu,652.0,France,62.0,5,87140.85,1.0,1.0,1.0,39351.64,0,4.330733340286331
15690021,Martin,652.0,Germany,42.0,0,132002.7,1.0,0.0,1.0,28204.98,1,3.7612001156935624
15763895,Hung,652.0,France,32.0,7,178011.5,2.0,1.0,0.0,22375.14,0,3.4965075614664802
15623478,Maslova,652.0,Germany,32.0,4,102954.68,2.0,0.0,1.0,134942.45,0,3.4965075614664802
15797910,Zetticci,652.0,Germany,51.0,2,123783.25,1.0,1.0,1.0,134901.57,0,3.9512437185814275
15577751,Pisano,652.0,Germany,30.0,4,101802.67,1.0,0.0,0.0,8693.8,0,3.4339872044851463
15781777,Sutherland,652.0,France,33.0,3,148659.48,1.0,0.0,0.0,42437.75,0,3.5263605246161616
15740527,Lai,652.0,Germany,62.0,7,142724.48,1.0,0.0,1.0,5893.23,1,4.143134726391533
15721251,Watson,652.0,Spain,41.0,4,112152.89,1.0,0.0,1.0,36242.19,0,3.7376696182833684
15602994,Gorbunov,652.0,France,53.0,10,89550.85,1.0,0.0,1.0,90076.85,0,3.9889840465642745
15750769,Padovano,652.0,France,35.0,7,75915.75,1.0,1.0,0.0,150507.43,0,3.58351893845611
15740175,Raynor,652.0,Germany,42.0,2,118889.66,2.0,0.0,0.0,87422.15,0,3.7612001156935624
15679968,Ting,652.0,France,40.0,5,118788.57,1.0,1.0,0.0,192867.4,0,3.713572066704308
15694404,Eberegbulam,652.0,France,42.0,3,156555.54,1.0,1.0,1.0,175674.01,0,3.7612001156935624
15657529,Chin,652.0,Germany,53.0,1,99141.86,1.0,1.0,1.0,72496.05,1,3.9889840465642745
15762882,Manna,652.0,Germany,31.0,4,61211.18,1.0,1.0,1.0,145250.43,0,3.4657359027997265
15642579,Chang,652.0,Spain,37.0,1,128932.4,1.0,1.0,1.0,180712.52,0,3.6375861597263857
15598884,Kent,652.0,Spain,23.0,5,0.0,1.0,1.0,1.0,180622.43,0,3.1780538303479458
15770185,Buckley,652.0,France,32.0,10,80728.15,1.0,1.0,0.0,86306.75,0,3.4965075614664802
15800287,Micco,652.0,Spain,46.0,2,127660.46,2.0,1.0,0.0,150156.82,1,3.8501476017100584
15665861,Avdeev,652.0,Spain,44.0,3,106070.89,1.0,0.0,1.0,101617.43,0,3.8066624897703196
15662203,Bremer,652.0,Germany,42.0,3,137560.38,2.0,1.0,1.0,85424.34,0,3.7612001156935624
15616454,Davidson,652.0,Germany,34.0,8,111905.43,1.0,0.0,1.0,197221.81,1,3.5553480614894135
15702788,Gadsdon,652.0,France,40.0,9,126212.64,1.0,1.0,0.0,70196.57,0,3.713572066704308
15778149,Connolly,652.0,Spain,62.0,9,0.0,2.0,1.0,0.0,110440.5,1,4.23410650459726
15680001,McDonald,652.0,France,38.0,7,111835.94,2.0,1.0,0.0,124389.61,0,3.6635616461296463
15711991,Chiawuotu,652.0,France,30.0,8,0.0,2.0,0.0,0.0,3183.15,0,3.4339872044851463
15633834,Milne,652.0,Germany,28.0,3,99705.69,2.0,0.0,0.0,146723.72,0,3.367295829986474
15765266,Fleming,652.0,France,32.0,1,0.0,2.0,0.0,0.0,2139.25,0,3.4965075614664802
15791867,Hicks,652.0,Germany,44.0,2,108895.93,1.0,0.0,0.0,69228.2,1,3.8066624897703196
15675380,Logan,652.0,Spain,56.0,3,154669.77,1.0,0.0,1.0,115462.27,1,4.04305126783455
15770576,Hammond,652.0,Spain,50.0,7,128061.0,2.0,1.0,1.0,62375.1,0,3.9318256327243257
15775294,Weber,652.0,France,31.0,2,0.0,2.0,1.0,0.0,91829.17,1,3.4657359027997265
15727059,Lettiere,652.0,France,40.0,4,0.0,2.0,0.0,0.0,182547.04,0,3.713572066704308
15702499,Schnaars,652.0,Spain,46.0,9,190678.02,1.0,1.0,1.0,14725.36,0,3.8501476017100584
15611699,Tao,652.0,France,40.0,7,0.0,1.0,1.0,0.0,126996.67,0,3.713572066704308
15654000,Algarin,652.0,France,35.0,5,0.0,1.0,1.0,0.0,133991.11,1,3.58351893845611
15657881,Onyemere,652.0,France,38.0,5,136712.91,1.0,0.0,1.0,169920.92,0,3.6635616461296463
15719991,Korovina,652.0,Spain,52.0,1,154733.97,1.0,1.0,0.0,80259.67,1,3.970291913552122
15720687,Chidubem,652.0,France,41.0,4,112609.91,1.0,0.0,0.0,191035.18,1,3.7376696182833684
15687079,King,652.0,Spain,62.0,10,115462.44,1.0,1.0,0.0,40421.87,0,4.248495242049359
15582276,Greco,652.0,France,34.0,5,133501.36,1.0,0.0,1.0,155643.04,0,3.5553480614894135
15763980,Beneventi,652.0,Germany,30.0,1,58668.02,1.0,1.0,1.0,78670.52,0,3.4339872044851463
15720774,P'eng,652.0,Spain,44.0,7,89118.26,1.0,1.0,0.0,104240.77,1,3.8066624897703196
15592194,Metcalf,652.0,France,28.0,9,0.0,2.0,1.0,0.0,95957.09,0,3.367295829986474
15803685,Greco,652.0,Germany,62.0,10,76510.52,2.0,0.0,1.0,59595.66,0,4.356708826689592
15759456,Lupton,652.0,Spain,34.0,7,140694.78,2.0,1.0,0.0,46266.63,0,3.5553480614894135
15611544,Ibeamaka,652.0,Germany,36.0,7,95448.32,2.0,1.0,0.0,189085.07,0,3.6109179126442243
15794257,Hsiung,652.0,France,34.0,4,91562.99,1.0,1.0,1.0,123954.15,0,3.5553480614894135
15681697,Rueda,652.0,France,31.0,8,72541.48,1.0,1.0,0.0,129803.08,0,3.4657359027997265
15579566,Li Fonti,652.0,Spain,43.0,3,120867.18,1.0,1.0,0.0,18761.92,1,3.784189633918261
15577970,Alexeeva,652.0,France,34.0,5,0.0,1.0,0.0,0.0,43540.59,0,3.5553480614894135
15727489,Madueke,652.0,Spain,45.0,1,157320.51,1.0,1.0,0.0,62193.92,0,3.828641396489095
15764284,Torres,652.0,Spain,27.0,3,0.0,3.0,1.0,1.0,129130.09,0,3.332204510175204
15581811,Chukwubuikem,652.0,Germany,30.0,1,139676.95,2.0,0.0,1.0,16146.0,0,3.4339872044851463
15622527,Holloway,652.0,France,55.0,6,0.0,1.0,1.0,1.0,22442.13,0,4.02535169073515
15753362,Evdokimov,652.0,Spain,60.0,3,0.0,2.0,1.0,1.0,78194.37,0,4.110873864173311
15666652,Anayolisa,652.0,France,19.0,3,0.0,2.0,1.0,1.0,124297.32,0,2.995732273553991
15789714,Semmens,652.0,Spain,21.0,3,103000.94,1.0,1.0,1.0,104648.58,0,3.091042453358316
15771543,Tu,652.0,Germany,31.0,2,134237.07,1.0,1.0,1.0,166423.66,1,3.4657359027997265
15748327,Anderson,652.0,Germany,34.0,6,118235.7,2.0,0.0,0.0,157137.23,0,3.5553480614894135
15754649,Fang,652.0,Spain,57.0,3,0.0,2.0,1.0,1.0,34134.14,0,4.060443010546419
15810460,Fanucci,652.0,Spain,62.0,5,0.0,3.0,0.0,1.0,112520.07,1,4.174387269895637
15771742,Boyle,652.0,Germany,38.0,9,115442.19,2.0,1.0,0.0,128481.5,1,3.6635616461296463
15642160,Milanesi,652.0,France,38.0,5,0.0,2.0,1.0,0.0,16491.64,0,3.6635616461296463
15798439,Davidson,652.0,Spain,25.0,2,0.0,1.0,1.0,1.0,132979.43,0,3.258096538021482
15605293,McKay,652.0,France,43.0,1,0.0,2.0,1.0,1.0,196645.87,0,3.784189633918261
15692631,Bogdanova,652.0,Spain,44.0,8,115557.0,1.0,0.0,1.0,127506.76,0,3.8066624897703196
15665376,Lavrentiev,652.0,Germany,35.0,3,166518.63,2.0,1.0,0.0,147930.46,0,3.58351893845611
15772412,Corser,652.0,Spain,30.0,6,135370.12,1.0,1.0,1.0,179689.05,1,3.4339872044851463
15654577,Alexeeva,652.0,Germany,54.0,5,92877.33,1.0,1.0,0.0,2619.64,1,4.007333185232471
15585427,Madueke,652.0,France,26.0,10,102073.67,2.0,0.0,0.0,166799.93,0,3.295836866004329
15584536,Barber,652.0,Germany,46.0,3,97042.6,1.0,1.0,1.0,133516.51,1,3.8501476017100584
15585853,McCardle,652.0,Spain,41.0,7,0.0,1.0,1.0,0.0,163736.09,1,3.7376696182833684
15645271,Radcliffe-Brown,652.0,Germany,24.0,8,108528.07,2.0,0.0,0.0,179488.41,1,3.2188758248682006
15579387,Ni,652.0,Germany,44.0,2,79064.85,2.0,0.0,1.0,113291.75,0,3.8066624897703196
15623107,Chukwumaobim,652.0,Spain,45.0,3,74274.87,3.0,1.0,0.0,64907.48,1,3.828641396489095
15754072,Dennis,652.0,Spain,36.0,6,0.0,2.0,1.0,0.0,141364.27,0,3.6109179126442243
15666163,Hayward,652.0,France,43.0,1,100421.1,1.0,1.0,1.0,101141.28,0,3.784189633918261
15765192,Jones,652.0,France,26.0,7,84006.88,2.0,0.0,0.0,183490.99,0,3.295836866004329
15804822,L?,652.0,France,31.0,4,0.0,2.0,1.0,0.0,4798.12,0,3.4657359027997265
15612893,Nelson,652.0,Spain,45.0,4,0.0,1.0,1.0,0.0,131807.14,0,3.828641396489095
15593636,Cardus,652.0,France,39.0,4,80293.81,1.0,1.0,0.0,97192.76,0,3.6888794541139363
15693326,Whitehouse,652.0,France,42.0,7,125437.14,2.0,0.0,0.0,164128.58,0,3.7612001156935624
15809901,Johnstone,652.0,France,36.0,8,0.0,2.0,1.0,0.0,176809.87,0,3.6109179126442243
15759751,Tsui,652.0,France,48.0,1,0.0,2.0,1.0,1.0,110059.38,0,3.8918202981106265
15605425,Chia,652.0,Germany,44.0,2,127536.44,1.0,1.0,0.0,108398.63,0,3.8066624897703196
15801934,Su,652.0,France,62.0,8,0.0,2.0,1.0,1.0,47117.03,0,4.204692619390966
15592000,Calabresi,652.0,Germany,48.0,9,82794.18,1.0,1.0,0.0,124720.68,1,3.8918202981106265
15618695,Ts'ui,652.0,Spain,22.0,3,108117.1,1.0,0.0,1.0,53328.7,0,3.1354942159291497
15637110,McCulloch,652.0,Spain,35.0,10,0.0,1.0,1.0,0.0,82634.41,0,3.58351893845611
15727408,Koo,652.0,Germany,27.0,8,61688.61,2.0,1.0,0.0,147059.16,0,3.332204510175204
15716328,Miller,652.0,France,40.0,2,0.0,2.0,0.0,0.0,141946.92,0,3.713572066704308
15669060,Woolnough,652.0,France,62.0,6,0.0,2.0,1.0,0.0,123583.85,0,4.31748811353631
15675854,Douglas,652.0,Spain,50.0,0,159304.07,1.0,0.0,1.0,155915.24,1,3.9318256327243257
15621116,Fang,652.0,Germany,33.0,5,138664.24,1.0,1.0,0.0,29076.27,0,3.5263605246161616
15781495,Munro,652.0,France,22.0,2,126362.57,2.0,1.0,1.0,97382.8,0,3.1354942159291497
15740470,Vinogradov,652.0,France,39.0,4,160652.45,2.0,1.0,0.0,57643.55,0,3.6888794541139363
15714391,Lai,652.0,France,35.0,2,183572.84,1.0,1.0,1.0,66006.75,1,3.58351893845611
15730137,Udegbulam,652.0,France,31.0,0,88421.81,1.0,0.0,0.0,72350.47,0,3.4657359027997265
15596455,Mao,652.0,Spain,45.0,2,0.0,1.0,0.0,0.0,197789.83,1,3.828641396489095
15717290,Onyekaozulu,652.0,Germany,41.0,2,112871.19,2.0,0.0,1.0,65520.74,0,3.7376696182833684
15616555,Fu,652.0,Germany,41.0,8,60880.68,1.0,1.0,0.0,31825.84,0,3.7376696182833684
15659820,Cross,652.0,France,34.0,5,0.0,2.0,1.0,0.0,185561.89,0,3.5553480614894135
15696301,Snider,652.0,France,37.0,9,101455.7,1.0,1.0,0.0,25803.59,1,3.6375861597263857
15771087,Harrison,652.0,France,62.0,0,88084.13,2.0,1.0,1.0,154337.47,0,4.276666119016055
15808831,Dale,652.0,France,29.0,7,0.0,2.0,1.0,1.0,138145.62,0,3.4011973816621555
15812241,Udinese,652.0,Germany,59.0,7,127197.14,1.0,1.0,0.0,51565.98,1,4.0943445622221
15680370,DeRose,652.0,France,39.0,7,0.0,2.0,0.0,1.0,71323.23,0,3.6888794541139363
15780561,Hay,652.0,France,39.0,9,83456.79,2.0,0.0,0.0,38882.34,0,3.6888794541139363
15800784,Bruce,652.0,France,42.0,4,98298.18,1.0,1.0,1.0,676.06,0,3.7612001156935624
15715796,Romani,652.0,France,37.0,0,0.0,2.0,1.0,1.0,72203.8,0,3.6375861597263857
15605375,Tseng,652.0,France,35.0,2,86911.8,1.0,1.0,0.0,174094.24,0,3.58351893845611
15621520,Tang,652.0,Germany,42.0,2,139707.28,1.0,1.0,0.0,2150.22,0,3.7612001156935624
15665460,Isayeva,652.0,Spain,62.0,1,0.0,2.0,1.0,1.0,177783.04,0,4.219507705176107
15801152,Hill,652.0,Spain,39.0,1,142876.98,2.0,1.0,0.0,44363.42,0,3.6888794541139363
15756425,Barnes,652.0,France,30.0,7,146301.31,1.0,0.0,0.0,96847.91,0,3.4339872044851463
15674328,Moreno,652.0,France,40.0,3,47364.45,1.0,1.0,1.0,148579.43,1,3.713572066704308
15742404,McGregor,652.0,France,38.0,7,0.0,2.0,1.0,0.0,38308.34,0,3.6635616461296463
15757140,Genovese,652.0,France,51.0,0,58137.08,1.0,0.0,1.0,142538.31,0,3.9512437185814275
15570051,Gill,652.0,Germany,38.0,6,179886.41,2.0,0.0,0.0,153122.58,0,3.6635616461296463
15669175,Ts'ai,652.0,Germany,24.0,6,107637.97,2.0,0.0,1.0,169505.83,0,3.2188758248682006
15790324,Green,652.0,France,20.0,6,167685.56,1.0,1.0,0.0,57929.9,0,3.044522437723423
15691119,Martin,652.0,Germany,62.0,4,136525.99,1.0,0.0,0.0,175399.14,0,4.23410650459726
15743478,Johnson,652.0,Germany,39.0,8,52106.33,2.0,1.0,1.0,107964.36,0,3.6888794541139363
15707007,Onio,652.0,France,39.0,8,0.0,1.0,1.0,0.0,94263.44,0,3.6888794541139363
15572547,Vaguine,652.0,France,45.0,9,104930.38,1.0,1.0,0.0,155921.81,1,3.828641396489095
15567063,Manna,652.0,Germany,34.0,6,106434.94,1.0,0.0,1.0,137995.66,1,3.5553480614894135
15689633,Toomey,652.0,Spain,38.0,2,112803.92,1.0,1.0,0.0,179631.85,0,3.6635616461296463
15720637,Bell,652.0,Germany,46.0,10,120530.34,1.0,1.0,0.0,166586.99,1,3.8501476017100584
15616859,Bonwick,652.0,Germany,43.0,2,113641.49,3.5,1.0,0.0,115116.35,1,3.784189633918261
15766166,Folliero,652.0,Spain,43.0,2,145081.72,1.0,1.0,1.0,23881.62,0,3.784189633918261
15617655,Holt,652.0,Spain,35.0,9,0.0,2.0,1.0,1.0,105837.38,0,3.58351893845611
15623450,Brown,652.0,Germany,27.0,7,135842.89,1.0,1.0,1.0,101418.05,0,3.332204510175204
15796612,Ch'ang,652.0,France,31.0,1,112203.25,1.0,1.0,0.0,182266.01,0,3.4657359027997265
15795963,Fiorentini,652.0,France,34.0,7,129895.19,1.0,0.0,1.0,28698.17,0,3.5553480614894135
15781598,Middleton,652.0,Germany,41.0,6,149049.92,1.0,0.0,1.0,50422.36,1,3.7376696182833684
15691871,Millar,652.0,Germany,42.0,9,153279.39,1.0,1.0,1.0,151336.96,0,3.7612001156935624
15740345,Osborne,652.0,Spain,42.0,5,41473.33,1.0,1.0,0.0,112979.6,1,3.7612001156935624
15662626,Feng,652.0,France,40.0,2,0.0,2.0,0.0,0.0,36371.27,0,3.713572066704308
15596575,Vale,652.0,Germany,39.0,5,113193.51,2.0,1.0,1.0,52166.25,0,3.6888794541139363
15657321,Arkwookerum,652.0,Germany,27.0,8,113174.21,2.0,1.0,0.0,147261.58,0,3.332204510175204
15575955,Lujan,652.0,France,24.0,0,0.0,2.0,1.0,0.0,88724.49,0,3.2188758248682006
15743893,Alexeyeva,652.0,France,42.0,3,164951.56,1.0,1.0,0.0,190531.77,0,3.7612001156935624
15697270,Gannon,652.0,Spain,27.0,4,153325.1,1.0,1.0,1.0,199953.33,0,3.332204510175204
15644356,Prokhorova,652.0,Spain,47.0,10,134032.01,1.0,1.0,0.0,144290.97,0,3.8712010109078907
15677586,Romero,652.0,Germany,32.0,3,125445.04,2.0,1.0,1.0,130514.78,0,3.4965075614664802
15571261,Toscani,652.0,Germany,35.0,6,126077.43,2.0,1.0,1.0,53954.24,0,3.58351893845611
15698758,Onwuamaegbu,652.0,Spain,31.0,1,0.0,2.0,1.0,1.0,169802.73,0,3.4657359027997265
15787014,King,652.0,Germany,28.0,8,90371.09,1.0,1.0,1.0,146851.73,0,3.367295829986474
15739857,Trentino,652.0,France,40.0,3,0.0,2.0,1.0,1.0,96832.82,0,3.713572066704308
15774630,Peacock,652.0,Germany,47.0,1,142802.02,1.0,1.0,1.0,57553.02,0,3.8712010109078907
15805523,Nnaife,652.0,France,28.0,1,90537.16,1.0,0.0,1.0,74800.99,0,3.367295829986474
15749557,Chao,652.0,France,44.0,6,0.0,2.0,1.0,1.0,192542.17,0,3.8066624897703196
15681180,Barese,652.0,France,23.0,7,156123.73,1.0,1.0,0.0,72990.62,0,3.1780538303479458
15742028,Udegbulam,652.0,France,35.0,5,0.0,2.0,1.0,0.0,31050.02,0,3.58351893845611
15686463,Fu,652.0,France,38.0,7,141074.59,1.0,1.0,0.0,52795.56,1,3.6635616461296463
15654379,Onwuatuegwu,652.0,Spain,59.0,4,0.0,2.0,1.0,1.0,27435.41,0,4.0943445622221
15783629,Degtyaryov,652.0,Germany,42.0,6,117899.95,2.0,0.0,0.0,150266.81,0,3.7612001156935624
15751193,Nnaemeka,652.0,Spain,33.0,4,0.0,2.0,1.0,1.0,40299.23,0,3.5263605246161616
15724099,Udinese,652.0,France,26.0,6,166257.96,1.0,1.0,1.0,149369.41,0,3.295836866004329
15568429,Mitchell,652.0,Spain,46.0,3,0.0,2.0,1.0,0.0,120250.58,0,3.8501476017100584
15648967,Ch'en,652.0,Germany,62.0,1,169362.43,1.0,1.0,0.0,84760.32,1,4.174387269895637
15664498,Golovanov,652.0,France,26.0,7,205962.0,1.0,1.0,0.0,156424.4,0,3.295836866004329
15779522,Efimov,652.0,France,24.0,0,0.0,2.0,1.0,0.0,109355.73,1,3.2188758248682006
15583850,Davidson,652.0,Germany,62.0,0,126061.51,2.0,1.0,1.0,184936.77,0,4.23410650459726
15696539,Wade,652.0,France,21.0,7,105627.95,1.0,1.0,1.0,36560.51,0,3.091042453358316
15760121,Maynard,652.0,France,32.0,9,100606.02,1.0,1.0,0.0,165693.06,0,3.4965075614664802
15628279,Murphy,652.0,France,38.0,3,0.0,2.0,1.0,1.0,163666.85,0,3.6635616461296463
15766163,Zotova,652.0,France,38.0,1,0.0,2.0,0.0,1.0,35644.79,0,3.6635616461296463
15566467,Hannah,652.0,Germany,32.0,0,138171.1,2.0,1.0,1.0,188203.58,0,3.4965075614664802
15639049,Cartagena,652.0,France,31.0,7,139395.08,1.0,0.0,1.0,6120.84,0,3.4657359027997265
15736413,Hall,652.0,France,29.0,1,0.0,2.0,1.0,1.0,164484.78,0,3.4011973816621555
15634815,Hunt,652.0,France,37.0,3,0.0,2.0,1.0,1.0,164268.28,0,3.6375861597263857
15716381,Greece,652.0,Germany,50.0,7,109062.28,1.0,1.0,1.0,140136.1,1,3.9318256327243257
15708162,Thomson,652.0,Germany,40.0,1,89994.71,2.0,0.0,1.0,121084.27,0,3.713572066704308
15569364,Victor,652.0,France,36.0,3,0.0,2.0,1.0,0.0,35156.54,0,3.6109179126442243
15791191,Mitchell,652.0,France,59.0,2,103996.74,1.0,1.0,1.0,103159.11,0,4.0943445622221
15621205,Olisaemeka,652.0,France,34.0,4,175111.11,1.0,1.0,1.0,74858.3,0,3.5553480614894135
15704788,Krawczyk,652.0,Spain,49.0,8,66079.45,2.0,0.0,0.0,91556.57,1,3.912023005428146
15775756,Alexandrova,652.0,Germany,33.0,8,148055.74,1.0,0.0,0.0,199203.21,0,3.5263605246161616
15641312,Paterson,652.0,France,36.0,6,0.0,1.0,1.0,1.0,27011.8,1,3.6109179126442243
15782531,Chou,652.0,Spain,31.0,8,0.0,2.0,1.0,0.0,188637.05,0,3.4657359027997265
15724428,Abel,652.0,France,40.0,8,0.0,2.0,1.0,0.0,61581.2,0,3.713572066704308
15743617,Chesnokova,652.0,Germany,47.0,1,95994.98,1.0,1.0,0.0,197529.23,0,3.8712010109078907
15585839,Niu,652.0,France,37.0,2,0.0,2.0,1.0,0.0,182258.17,0,3.6375861597263857
15658158,Sullivan,652.0,Germany,23.0,10,110741.56,1.0,1.0,0.0,80778.5,0,3.1780538303479458
15637678,Ma,652.0,France,35.0,5,0.0,1.0,1.0,0.0,155394.52,0,3.58351893845611
15701809,Cavill,652.0,Spain,28.0,3,0.0,1.0,1.0,0.0,3408.7,0,3.367295829986474
15676937,Nicholls,652.0,Spain,32.0,8,0.0,2.0,1.0,1.0,19367.98,1,3.4965075614664802
15778975,Nnonso,652.0,Germany,62.0,1,96947.58,3.0,1.0,0.0,62282.99,1,4.2626798770413155
15710375,Gibson,652.0,France,41.0,6,0.0,2.0,1.0,0.0,65396.79,0,3.7376696182833684
15579914,Garcia,652.0,Germany,30.0,2,109786.82,2.0,1.0,1.0,139712.81,0,3.4339872044851463
15595160,Renwick,652.0,Spain,35.0,2,0.0,2.0,1.0,1.0,60972.84,0,3.58351893845611
15595391,Norris,652.0,France,31.0,1,0.0,2.0,1.0,0.0,1375.46,0,3.4657359027997265
15630363,Nkemakonam,652.0,France,39.0,0,102721.49,1.0,0.0,0.0,22191.82,0,3.6888794541139363
15692443,Piccio,652.0,Spain,33.0,5,69478.57,1.0,1.0,0.0,8973.67,1,3.5263605246161616
15593795,Linton,652.0,Germany,53.0,1,156674.2,1.0,1.0,0.0,118502.34,1,3.9889840465642745
15642824,Onyekaozulu,652.0,Spain,56.0,8,174506.1,2.0,0.0,1.0,161802.82,1,4.04305126783455
15683524,Tobenna,652.0,Germany,23.0,6,166070.48,2.0,0.0,0.0,90494.72,0,3.1780538303479458
15713532,Wang,652.0,Germany,29.0,4,105957.44,1.0,1.0,0.0,15470.91,0,3.4011973816621555
15719827,O'Donnell,652.0,France,36.0,3,0.0,1.0,0.0,0.0,65147.27,0,3.6109179126442243
15578435,Langlands,652.0,France,40.0,8,110340.68,1.0,1.0,1.0,157886.6,0,3.713572066704308
15723028,Smith,652.0,France,33.0,1,0.0,2.0,1.0,0.0,85439.73,0,3.5263605246161616
15595609,Sykes,652.0,Germany,52.0,9,135870.01,2.0,0.0,0.0,54038.62,0,3.970291913552122
15622443,Marshall,652.0,France,31.0,4,0.0,2.0,0.0,1.0,25684.85,0,3.4657359027997265
15579112,Gibson,652.0,France,47.0,2,0.0,2.0,1.0,1.0,186116.54,0,3.8712010109078907
15648479,Stephenson,652.0,France,45.0,0,0.0,2.0,1.0,0.0,166830.71,0,3.828641396489095
15659234,Y?,652.0,France,30.0,3,85704.95,1.0,0.0,1.0,27886.06,0,3.4339872044851463
15811970,Kang,652.0,France,42.0,1,0.0,2.0,1.0,1.0,5768.32,0,3.7612001156935624
15774192,Miller,652.0,Germany,38.0,8,105435.74,1.0,0.0,0.0,80575.44,1,3.6635616461296463
15595136,Kryukov,652.0,France,37.0,1,0.0,2.0,1.0,1.0,68987.55,0,3.6375861597263857
15630580,Y?,652.0,Germany,34.0,9,108513.25,2.0,1.0,1.0,27097.82,0,3.5553480614894135
15660646,Fanucci,652.0,France,35.0,3,156687.1,1.0,1.0,0.0,199320.77,0,3.58351893845611
15614365,Lombardi,652.0,Germany,31.0,3,150604.52,1.0,0.0,0.0,5566.6,0,3.4657359027997265
15776128,Hs?,652.0,France,44.0,6,155114.9,1.0,0.0,0.0,133871.83,0,3.8066624897703196
15787035,Anderson,652.0,France,35.0,8,0.0,2.0,1.0,1.0,152843.53,0,3.58351893845611
15792646,Trentino,652.0,Spain,62.0,1,91216.0,1.0,1.0,1.0,41800.18,0,4.174387269895637
15726832,Donnelly,652.0,Germany,61.0,3,141784.02,1.0,1.0,1.0,92053.75,0,4.127134385045092
15773260,Tsou,652.0,France,32.0,0,127763.24,1.0,1.0,0.0,100717.54,0,3.4965075614664802
15624437,Johnson,652.0,Spain,32.0,1,0.0,2.0,1.0,1.0,42935.15,0,3.4965075614664802
15717138,Watson,652.0,Spain,31.0,6,82613.56,2.0,1.0,0.0,149170.92,0,3.4657359027997265
15657317,Allan,652.0,France,32.0,7,69423.52,1.0,1.0,0.0,107499.39,0,3.4965075614664802
15626948,Butcher,652.0,France,42.0,6,86167.82,1.0,1.0,0.0,153342.38,0,3.7612001156935624
15758901,Henderson,652.0,Spain,47.0,1,0.0,1.0,1.0,0.0,107825.08,1,3.8712010109078907
15777759,Boucaut,652.0,France,30.0,2,131406.56,1.0,1.0,1.0,47952.45,0,3.4339872044851463
15773322,Obiajulu,652.0,Germany,44.0,4,121898.82,1.0,0.0,0.0,131007.18,0,3.8066624897703196
15697318,Ifeatu,652.0,Germany,32.0,9,77487.2,1.0,0.0,0.0,33143.04,0,3.4965075614664802
15678916,Kelly,652.0,France,62.0,2,0.0,1.0,1.0,0.0,123304.62,0,4.330733340286331
15632118,Pirozzi,652.0,Spain,45.0,5,164450.94,1.0,1.0,0.0,141970.02,1,3.828641396489095
15788118,Siciliano,652.0,France,33.0,7,138705.02,2.0,1.0,0.0,37136.15,0,3.5263605246161616
15788930,Silva,652.0,Spain,37.0,7,132730.17,1.0,1.0,0.0,199293.01,0,3.6375861597263857
15628583,Iweobiegbunam,652.0,France,30.0,5,0.0,2.0,0.0,1.0,161388.22,0,3.4339872044851463
15635177,Williamson,652.0,Spain,62.0,3,0.0,1.0,1.0,1.0,70532.53,0,4.204692619390966
15587690,Madueke,652.0,France,28.0,2,116498.22,1.0,1.0,0.0,144290.25,0,3.367295829986474
15627630,Chiagoziem,652.0,France,41.0,1,0.0,2.0,1.0,0.0,96069.82,0,3.7376696182833684
15610930,Kwemto,652.0,Germany,35.0,1,139979.07,1.0,1.0,0.0,185662.84,0,3.58351893845611
15657747,Zito,652.0,Germany,43.0,9,127216.31,2.0,0.0,1.0,17913.25,0,3.784189633918261
15568006,Ukaegbunam,652.0,France,45.0,2,0.0,3.5,1.0,0.0,101039.53,1,3.828641396489095
15751748,Trevisani,652.0,France,51.0,2,148222.65,1.0,0.0,0.0,156953.54,1,3.9512437185814275
15722212,Edmondstone,652.0,France,41.0,8,0.0,2.0,0.0,0.0,28276.83,0,3.7376696182833684
15658670,Chien,652.0,France,38.0,8,0.0,2.0,1.0,0.0,84049.16,0,3.6635616461296463
15761654,Boni,652.0,Spain,30.0,8,134152.29,1.0,1.0,1.0,147822.44,0,3.4339872044851463
15812210,Yashina,652.0,Germany,32.0,8,111537.23,3.5,1.0,1.0,9497.99,1,3.4965075614664802
15787051,Georg,652.0,Spain,39.0,7,119565.92,1.0,1.0,0.0,87067.73,0,3.6888794541139363
15642991,Tung,652.0,Spain,29.0,7,0.0,2.0,1.0,0.0,23237.25,0,3.4011973816621555
15713769,Michelides,652.0,Spain,38.0,7,0.0,1.0,1.0,1.0,27239.28,0,3.6635616461296463
15605826,Korovina,652.0,Germany,46.0,10,121063.8,3.0,1.0,0.0,151481.86,1,3.8501476017100584
15648898,Chuang,652.0,Spain,27.0,7,124995.98,1.0,1.0,1.0,114669.79,0,3.332204510175204
15705309,Yuriev,652.0,Spain,39.0,5,0.0,2.0,0.0,0.0,116748.14,0,3.6888794541139363
15734202,Chidimma,652.0,Germany,52.0,4,86891.84,1.0,1.0,0.0,90877.76,0,3.970291913552122
15658852,Stevens,652.0,France,38.0,8,0.0,2.0,1.0,1.0,133692.88,0,3.6635616461296463
15612633,Kao,652.0,Spain,43.0,9,78022.61,1.0,0.0,1.0,30662.91,0,3.784189633918261
15604818,Edmund la Touche,652.0,France,34.0,9,154495.79,1.0,1.0,0.0,191395.88,0,3.5553480614894135
15593900,Belousov,652.0,France,38.0,1,189443.72,1.0,0.0,1.0,106648.58,0,3.6635616461296463
15624995,McCane,652.0,Spain,31.0,6,152926.6,1.0,1.0,1.0,50899.91,0,3.4657359027997265
15570087,Parry-Okeden,652.0,France,44.0,8,142989.69,1.0,1.0,1.0,115452.51,1,3.8066624897703196
15802617,Hudson,652.0,Germany,43.0,7,115371.94,2.0,1.0,0.0,64139.1,0,3.784189633918261
15656029,Marsden,652.0,France,37.0,6,0.0,2.0,0.0,1.0,22030.72,0,3.6375861597263857
15739194,Manfrin,652.0,Spain,38.0,0,178056.54,2.0,1.0,0.0,38434.73,0,3.6635616461296463
15607275,Ch'ang,652.0,Spain,39.0,6,206014.94,2.0,0.0,1.0,42774.84,1,3.6888794541139363
15629475,Clark,652.0,France,41.0,2,0.0,2.0,1.0,0.0,158973.77,0,3.7376696182833684
15635034,Aldrich,652.0,Germany,37.0,9,101191.83,1.0,1.0,1.0,34551.35,1,3.6375861597263857
15756333,Khan,652.0,France,55.0,7,0.0,2.0,1.0,1.0,101515.76,0,4.02535169073515
15777436,Murray,652.0,Spain,31.0,5,0.0,2.0,1.0,0.0,9561.73,0,3.4657359027997265
15676835,Anayolisa,652.0,Spain,33.0,1,0.0,2.0,1.0,0.0,168313.17,0,3.5263605246161616
15574206,Shillito,652.0,France,37.0,7,0.0,2.0,1.0,1.0,55100.09,0,3.6375861597263857
15613017,McMillan,652.0,Germany,32.0,1,149814.54,1.0,1.0,0.0,31830.06,0,3.4965075614664802
15815131,Howells,652.0,Spain,36.0,7,115617.24,1.0,1.0,1.0,71519.4,0,3.6109179126442243
15585455,Stewart,652.0,France,28.0,9,0.0,2.0,0.0,0.0,32599.35,0,3.367295829986474
15692929,Ikechukwu,652.0,Germany,42.0,10,113657.41,2.0,0.0,1.0,139946.68,1,3.7612001156935624
15758081,Repina,652.0,Spain,39.0,8,138160.0,1.0,1.0,1.0,110468.51,0,3.6888794541139363
15667476,Cox,652.0,Germany,36.0,3,117700.86,1.0,0.0,0.0,74042.0,0,3.6109179126442243
15738248,Lo,652.0,France,37.0,5,0.0,2.0,1.0,0.0,151871.84,0,3.6375861597263857
15672152,Grant,652.0,Germany,37.0,9,122506.38,1.0,0.0,1.0,199693.84,1,3.6375861597263857
15673372,Stevenson,652.0,France,58.0,1,0.0,1.0,1.0,1.0,58907.08,1,4.07753744390572
15587611,Kauffmann,652.0,France,59.0,9,0.0,2.0,0.0,0.0,103799.77,1,4.0943445622221
15803415,Samsonova,652.0,France,39.0,3,166501.17,2.0,1.0,0.0,93835.64,0,3.6888794541139363
15715673,Niu,652.0,Spain,46.0,4,89743.05,1.0,1.0,0.0,156425.57,1,3.8501476017100584
15655648,Bock,652.0,France,25.0,2,0.0,2.0,1.0,0.0,123723.83,0,3.258096538021482
15763613,Barlow,652.0,France,30.0,1,0.0,2.0,1.0,0.0,199464.08,0,3.4339872044851463
15660385,Stevenson,652.0,France,39.0,7,0.0,2.0,1.0,0.0,83084.33,0,3.6888794541139363
15733261,Kung,652.0,Spain,35.0,6,0.0,1.0,1.0,0.0,25488.43,1,3.58351893845611
15796231,Nwankwo,652.0,France,18.0,1,98894.39,1.0,1.0,1.0,9596.4,0,2.9444389791664403
15624866,Brewer,652.0,Germany,37.0,3,168735.74,2.0,0.0,0.0,70370.24,0,3.6375861597263857
15623730,Ch'iu,652.0,France,34.0,1,0.0,1.0,0.0,1.0,86330.32,0,3.5553480614894135
15668248,Quinn,652.0,Germany,62.0,7,133201.17,1.0,0.0,0.0,168507.68,1,4.143134726391533
15694518,Kodilinyechukwu,652.0,Spain,36.0,0,0.0,2.0,1.0,0.0,111605.9,0,3.6109179126442243
15638028,Ifeanyichukwu,652.0,Germany,31.0,4,127237.25,2.0,0.0,1.0,143317.42,0,3.4657359027997265
15795895,Yermakova,652.0,Germany,36.0,1,117864.85,2.0,1.0,0.0,27619.06,0,3.6109179126442243
15694376,Sullivan,652.0,Germany,62.0,3,153469.26,3.0,0.0,0.0,146573.66,1,4.174387269895637
15669204,Grant,652.0,Germany,23.0,4,93911.3,2.0,1.0,0.0,69055.45,0,3.1780538303479458
15773779,Jacka,652.0,Spain,46.0,2,76597.79,1.0,1.0,1.0,54453.72,0,3.8501476017100584
15580682,Tsai,652.0,France,40.0,4,79927.36,2.0,1.0,1.0,33524.6,0,3.713572066704308
15768530,Emery,652.0,Spain,27.0,4,0.0,2.0,1.0,1.0,135083.73,0,3.332204510175204
15672875,Piccio,652.0,Germany,32.0,8,40172.91,1.0,1.0,1.0,137439.34,0,3.4965075614664802
15617082,Sanders,652.0,France,33.0,7,115195.58,1.0,1.0,1.0,11205.5,0,3.5263605246161616
15760514,Sharp,652.0,Germany,43.0,9,116644.29,2.0,1.0,1.0,60176.1,0,3.784189633918261
15761775,Myers,652.0,Germany,20.0,8,180293.84,2.0,1.0,1.0,29552.7,0,3.044522437723423
15799964,Campbell,652.0,Germany,30.0,7,139872.81,1.0,1.0,0.0,188795.85,0,3.4339872044851463
15693906,Abbott,652.0,France,24.0,3,34547.82,1.0,1.0,1.0,11638.17,0,3.2188758248682006
15739514,Preston,652.0,France,32.0,9,0.0,2.0,1.0,1.0,93155.75,0,3.4965075614664802
15756926,Atherton,652.0,Germany,29.0,1,96462.25,2.0,0.0,1.0,48986.18,0,3.4011973816621555
15770984,Fanucci,652.0,Spain,40.0,7,130334.35,2.0,0.0,1.0,116951.1,0,3.713572066704308
15703979,Evans,652.0,Germany,39.0,3,119688.81,1.0,1.0,0.0,137041.26,0,3.6888794541139363
15801821,Cookson,652.0,France,38.0,1,0.0,2.0,0.0,0.0,44653.5,0,3.6635616461296463
15711028,Nnachetam,652.0,France,52.0,1,0.0,3.0,1.0,1.0,104035.41,1,3.970291913552122
15791842,Johnstone,652.0,France,32.0,6,71187.24,1.0,1.0,1.0,110593.62,0,3.4965075614664802
15746127,Hort,652.0,France,47.0,2,0.0,2.0,1.0,0.0,36099.7,0,3.8712010109078907
15663625,Johnson,652.0,France,37.0,4,0.0,2.0,0.0,0.0,12470.3,0,3.6375861597263857
15604891,Zaytseva,652.0,Spain,38.0,8,0.0,2.0,1.0,0.0,95403.41,0,3.6635616461296463
15589666,Sorokina,652.0,France,39.0,9,136422.41,1.0,1.0,1.0,151757.81,0,3.6888794541139363
15627881,Diehl,652.0,France,30.0,8,0.0,2.0,1.0,1.0,47536.46,0,3.4339872044851463
15664895,Onuchukwu,652.0,France,25.0,0,0.0,2.0,1.0,1.0,101274.17,0,3.258096538021482
15676094,Osonduagwuike,652.0,France,34.0,6,0.0,1.0,1.0,1.0,140268.45,0,3.5553480614894135
15761720,Mead,652.0,France,41.0,6,153238.88,1.0,1.0,0.0,11663.09,0,3.7376696182833684
15611961,Stewart,652.0,France,35.0,7,0.0,2.0,1.0,0.0,150784.29,0,3.58351893845611
15680167,Thomson,652.0,France,62.0,6,47536.4,1.0,1.0,1.0,119400.08,0,4.3694478524670215
15762543,Goliwe,652.0,France,32.0,1,0.0,2.0,1.0,0.0,126188.42,0,3.4965075614664802
15658475,Lori,652.0,France,36.0,8,142882.49,1.0,1.0,0.0,89983.02,1,3.6109179126442243
15779743,Onwuamaeze,652.0,France,44.0,7,0.0,2.0,1.0,0.0,29761.29,0,3.8066624897703196
15661532,Butusov,652.0,France,31.0,1,160566.11,2.0,0.0,0.0,27073.81,0,3.4657359027997265
15782360,Rogers,652.0,Germany,62.0,2,131935.51,1.0,1.0,1.0,96399.67,1,4.189654742026425
15767908,Nicholson,652.0,France,38.0,6,127678.8,2.0,0.0,0.0,45422.89,0,3.6635616461296463
15677105,Rossi,652.0,Germany,46.0,4,105214.58,1.0,1.0,0.0,108699.59,1,3.8501476017100584
15641474,Hall,652.0,France,46.0,9,139859.54,1.0,1.0,0.0,38967.29,0,3.8501476017100584
15624451,Huddart,652.0,France,38.0,3,0.0,2.0,1.0,0.0,116466.19,0,3.6635616461296463
15577985,Chinomso,652.0,France,34.0,5,112324.45,2.0,1.0,1.0,17993.43,0,3.5553480614894135
15571666,Shaw,652.0,Germany,30.0,8,134497.27,1.0,0.0,0.0,43250.54,0,3.4339872044851463
15783691,Hargreaves,652.0,Spain,35.0,1,120171.58,1.0,1.0,0.0,125240.8,0,3.58351893845611
15671172,Swain,652.0,France,23.0,1,106012.2,2.0,0.0,1.0,191415.94,0,3.1780538303479458
15731760,Butcher,652.0,France,25.0,5,0.0,1.0,0.0,1.0,90860.97,0,3.258096538021482
15585599,Stone,652.0,France,34.0,8,0.0,2.0,0.0,1.0,141872.52,0,3.5553480614894135
15784958,Allan,652.0,France,55.0,10,0.0,3.5,1.0,1.0,49418.87,1,4.02535169073515
15734524,Wang,652.0,France,51.0,3,0.0,1.0,1.0,0.0,170426.65,1,3.9512437185814275
15614103,Colombo,652.0,Germany,42.0,8,119839.69,1.0,0.0,1.0,51016.02,1,3.7612001156935624
15794895,McKay,652.0,Spain,34.0,1,0.0,2.0,0.0,1.0,81175.25,0,3.5553480614894135
15772381,Brient,652.0,Germany,38.0,8,92219.21,1.0,1.0,0.0,99106.97,0,3.6635616461296463
15710553,Yin,652.0,Germany,48.0,3,142055.41,2.0,0.0,1.0,79134.78,0,3.8918202981106265
15649292,Bellucci,652.0,France,49.0,7,29602.08,1.0,0.0,0.0,163550.58,1,3.912023005428146
15792565,Duncan,652.0,France,46.0,7,0.0,2.0,1.0,1.0,67769.94,0,3.8501476017100584
15718245,Pirozzi,652.0,France,34.0,1,0.0,2.0,1.0,1.0,126592.01,0,3.5553480614894135
15703117,Findlay,652.0,France,44.0,1,0.0,2.0,0.0,1.0,89602.81,0,3.8066624897703196
15758136,King,652.0,France,37.0,3,141803.77,1.0,0.0,1.0,179421.84,0,3.6375861597263857
15799932,Iweobiegbunam,652.0,France,24.0,10,0.0,2.0,1.0,1.0,156906.15,0,3.2188758248682006
15633516,Tucker,652.0,France,42.0,1,0.0,1.0,0.0,1.0,168486.02,0,3.7612001156935624
15622532,Izmailova,652.0,France,47.0,0,126589.12,2.0,0.0,1.0,132730.07,1,3.8712010109078907
15798960,Meng,652.0,France,33.0,2,108393.35,1.0,0.0,1.0,39057.67,0,3.5263605246161616
15698664,Liang,652.0,Spain,43.0,2,115643.58,2.0,0.0,0.0,174606.35,0,3.784189633918261
15703614,Hutchinson,652.0,Spain,48.0,5,132876.23,1.0,1.0,0.0,79259.77,0,3.8918202981106265
15699195,Shen,652.0,France,24.0,3,110949.41,1.0,1.0,1.0,168515.61,0,3.2188758248682006
15710543,Okwuoma,652.0,France,46.0,1,130666.2,1.0,1.0,1.0,161125.67,1,3.8501476017100584
15695499,Chinwemma,652.0,France,45.0,10,103821.47,2.0,0.0,1.0,77878.62,0,3.828641396489095
15622321,Golubova,652.0,France,32.0,3,0.0,1.0,1.0,1.0,80823.02,0,3.4965075614664802
15715744,Schiavone,652.0,France,39.0,7,0.0,1.0,0.0,1.0,119348.28,0,3.6888794541139363
15788151,Moore,652.0,Spain,32.0,1,132187.73,2.0,1.0,1.0,178331.36,0,3.4965075614664802
15687153,Graham,652.0,Germany,49.0,8,98649.55,1.0,1.0,0.0,119174.88,1,3.912023005428146
15684958,Amadi,652.0,Germany,38.0,2,126444.08,2.0,1.0,1.0,82662.73,0,3.6635616461296463
15706116,McKay,652.0,Germany,30.0,8,154159.51,1.0,1.0,0.0,40441.1,0,3.4339872044851463
15740557,Fedorova,652.0,France,43.0,5,0.0,2.0,1.0,0.0,109881.71,0,3.784189633918261
15707291,Percy,652.0,Germany,48.0,8,129250.0,2.0,1.0,1.0,157937.35,0,3.8918202981106265
15583353,Floyd,652.0,Spain,45.0,3,0.0,1.0,1.0,0.0,38276.84,1,3.828641396489095
15761024,Long,652.0,France,33.0,2,167733.51,2.0,1.0,1.0,65222.48,0,3.5263605246161616
15630709,Castiglione,652.0,Germany,31.0,2,56116.3,2.0,0.0,0.0,2181.94,0,3.4657359027997265
15639590,Melendez,652.0,France,30.0,3,141581.08,1.0,1.0,0.0,156249.06,0,3.4339872044851463
15659399,Mazzi,652.0,Germany,50.0,7,139675.07,2.0,1.0,0.0,45591.23,0,3.9318256327243257
15567078,Kovaleva,652.0,France,27.0,8,66201.96,1.0,1.0,1.0,79458.12,0,3.332204510175204
15696373,Gill,652.0,France,44.0,9,0.0,2.0,0.0,0.0,103042.2,1,3.8066624897703196
15786617,Arcuri,652.0,Germany,34.0,3,133658.24,1.0,1.0,0.0,70209.83,0,3.5553480614894135
15657449,Chukwuma,652.0,Germany,25.0,3,136202.78,1.0,1.0,0.0,176743.51,0,3.258096538021482
15672594,Stevenson,652.0,France,60.0,0,131778.08,1.0,0.0,0.0,10703.53,1,4.110873864173311
15714240,Ponomarev,652.0,Spain,62.0,5,0.0,2.0,0.0,0.0,151425.82,0,4.31748811353631
15782144,Gilroy,652.0,France,34.0,3,0.0,2.0,1.0,1.0,3894.34,0,3.5553480614894135
15665008,Sidorov,652.0,Germany,26.0,8,42712.87,2.0,1.0,1.0,28861.69,0,3.295836866004329
15581733,Bates,652.0,France,28.0,4,0.0,2.0,1.0,0.0,177703.15,0,3.367295829986474
15751392,Fanucci,652.0,Spain,57.0,4,0.0,2.0,1.0,0.0,136649.8,1,4.060443010546419
15785815,Toscano,652.0,Germany,31.0,1,142631.54,2.0,1.0,1.0,175894.24,0,3.4657359027997265
15664214,Hearn,652.0,France,33.0,2,141204.65,2.0,1.0,0.0,76257.46,0,3.5263605246161616
15579996,Iroawuchi,652.0,Germany,25.0,7,131402.21,1.0,0.0,0.0,193668.49,0,3.258096538021482
15675252,Martin,652.0,Spain,39.0,3,92636.96,2.0,1.0,1.0,125671.29,0,3.6888794541139363
15579617,Sinclair,652.0,France,51.0,3,0.0,2.0,0.0,1.0,174098.28,1,3.9512437185814275
15593976,Swanson,652.0,Germany,31.0,5,102088.68,3.5,0.0,0.0,187866.21,1,3.4657359027997265
15716041,Chinomso,652.0,Spain,39.0,9,0.0,2.0,0.0,1.0,100862.36,0,3.6888794541139363
15654489,Fomin,652.0,France,38.0,8,134887.53,1.0,1.0,1.0,10804.04,0,3.6635616461296463
15736302,McKay,652.0,France,48.0,4,0.0,2.0,1.0,1.0,170893.85,0,3.8918202981106265
15805909,Bergamaschi,652.0,Spain,28.0,8,159900.38,1.0,0.0,0.0,22698.56,0,3.367295829986474
15572762,Matveyeva,652.0,Germany,50.0,2,102278.79,2.0,1.0,0.0,89822.48,0,3.9318256327243257
15724632,Madukaego,652.0,France,41.0,0,0.0,2.0,0.0,1.0,175262.49,0,3.7376696182833684
15670416,Ferri,652.0,France,43.0,0,0.0,1.0,0.0,1.0,15705.27,0,3.784189633918261
15749528,Achebe,652.0,Spain,58.0,6,0.0,2.0,0.0,1.0,170025.43,0,4.07753744390572
15578783,Mai,652.0,Germany,35.0,0,76989.97,1.0,1.0,1.0,17242.79,0,3.58351893845611
15580719,Davis,652.0,France,23.0,10,0.0,2.0,1.0,1.0,79734.23,0,3.1780538303479458
15656293,Davey,652.0,France,35.0,3,0.0,2.0,1.0,0.0,92712.97,0,3.58351893845611
15691875,Tsou,652.0,Germany,39.0,5,114491.82,1.0,1.0,0.0,99689.48,0,3.6888794541139363
15596870,Marino,652.0,Germany,54.0,3,144768.94,1.0,1.0,0.0,93336.3,1,4.007333185232471
15780770,Kerr,652.0,France,31.0,7,145056.59,1.0,1.0,1.0,175893.53,0,3.4657359027997265
15751491,Hsiao,652.0,Germany,50.0,3,117206.3,1.0,1.0,0.0,42840.18,1,3.9318256327243257
15706200,Graham,652.0,Germany,41.0,2,138014.4,2.0,1.0,0.0,140298.24,0,3.7376696182833684
15808674,Ejikemeifeuwa,652.0,Germany,45.0,6,128352.59,3.0,1.0,1.0,144000.59,1,3.828641396489095
15641411,Volkova,652.0,France,23.0,1,112568.31,1.0,1.0,1.0,113408.11,0,3.1780538303479458
15764661,Wang,652.0,France,33.0,2,0.0,1.0,1.0,0.0,96420.58,0,3.5263605246161616
15689492,Benjamin,652.0,Germany,41.0,1,176958.46,2.0,0.0,1.0,125806.3,0,3.7376696182833684
15602405,Ryrie,652.0,Germany,38.0,9,99167.54,1.0,1.0,0.0,65720.92,0,3.6635616461296463
15610271,Andreev,652.0,Spain,42.0,3,103210.27,1.0,1.0,0.0,31002.03,0,3.7612001156935624
15791780,Ts'ao,652.0,Germany,48.0,10,104478.12,3.0,0.0,1.0,158248.71,1,3.8918202981106265
15589147,Frolov,652.0,Spain,61.0,8,125921.37,1.0,1.0,1.0,94677.83,0,4.127134385045092
15756975,Montemayor,652.0,Spain,35.0,3,0.0,2.0,1.0,1.0,17257.72,0,3.58351893845611
15729582,Fu,652.0,Germany,48.0,3,80697.44,1.0,0.0,0.0,101397.86,0,3.8918202981106265
15742971,Whitehead,652.0,France,44.0,2,161887.81,2.0,1.0,0.0,84870.23,0,3.8066624897703196
15568046,Izuchukwu,652.0,France,24.0,7,109558.36,1.0,1.0,0.0,183515.13,0,3.2188758248682006
15694890,Lai,652.0,France,38.0,1,124271.26,1.0,1.0,0.0,75969.19,0,3.6635616461296463
15736963,Herring,652.0,France,43.0,1,0.0,2.0,1.0,1.0,146379.3,0,3.784189633918261
15646490,Duffy,652.0,Spain,42.0,1,190569.23,1.0,0.0,1.0,127154.8,0,3.7612001156935624
15607314,Chiefo,652.0,Spain,53.0,2,143923.96,1.0,1.0,0.0,2019.78,1,3.9889840465642745
15576745,Fyodorov,652.0,France,48.0,2,96542.16,2.0,0.0,1.0,197885.72,0,3.8918202981106265
15669606,Chu,652.0,France,33.0,5,0.0,2.0,1.0,0.0,138017.68,0,3.5263605246161616
15737832,Robertson,652.0,Spain,45.0,0,139825.56,1.0,0.0,0.0,170984.97,1,3.828641396489095
15681990,Palmerston,652.0,Germany,24.0,6,111769.14,2.0,1.0,0.0,55859.27,0,3.2188758248682006
15758050,Madukwe,652.0,Spain,37.0,4,0.0,2.0,1.0,0.0,4459.5,0,3.6375861597263857
15787848,Chinedum,652.0,Spain,30.0,9,113672.18,2.0,0.0,0.0,102135.92,0,3.4339872044851463
15713594,French,652.0,France,32.0,7,147256.86,1.0,1.0,0.0,112771.95,0,3.4965075614664802
15588186,Polyakov,652.0,Spain,45.0,7,107023.03,1.0,1.0,0.0,32903.93,0,3.828641396489095
15786739,Clements,652.0,France,37.0,1,125529.55,1.0,1.0,1.0,162260.93,0,3.6375861597263857
15699467,Connor,652.0,Spain,41.0,0,0.0,1.0,0.0,0.0,87959.83,0,3.7376696182833684
15680706,Balashov,652.0,Germany,48.0,4,131834.8,1.0,1.0,0.0,166476.95,1,3.8918202981106265
15645717,Avdeeva,652.0,France,62.0,2,0.0,2.0,1.0,1.0,25438.87,0,4.143134726391533
15748597,Chester,652.0,Spain,56.0,5,99529.7,1.0,0.0,1.0,157230.06,1,4.04305126783455
15773709,Hung,652.0,Spain,35.0,0,0.0,2.0,0.0,1.0,197305.91,0,3.58351893845611
15629787,Tu,652.0,France,27.0,10,107303.72,2.0,0.0,0.0,44435.76,0,3.332204510175204
15661007,Thompson,652.0,France,33.0,0,72783.42,1.0,0.0,0.0,181051.99,0,3.5263605246161616
15686812,Jones,652.0,Spain,44.0,8,0.0,1.0,0.0,1.0,159069.37,0,3.8066624897703196
15754113,Li,652.0,France,35.0,0,0.0,2.0,1.0,1.0,155485.24,0,3.58351893845611
15749489,Denisova,652.0,Germany,22.0,10,115743.6,1.0,0.0,0.0,43852.05,0,3.1354942159291497
15574352,Clogstoun,652.0,France,43.0,4,161256.53,1.0,1.0,1.0,140071.57,0,3.784189633918261
15701281,Tan,652.0,France,27.0,8,0.0,2.0,1.0,1.0,49089.36,0,3.332204510175204
15811985,Power,652.0,Spain,44.0,6,0.0,2.0,0.0,0.0,55893.37,0,3.8066624897703196
15713505,Harriman,652.0,France,31.0,1,0.0,2.0,0.0,1.0,192660.55,0,3.4657359027997265
15685653,Benson,652.0,Germany,40.0,3,162261.01,2.0,1.0,0.0,137028.51,0,3.713572066704308
15758831,Thornton,652.0,France,39.0,3,74896.33,1.0,0.0,0.0,34430.16,0,3.6888794541139363
15618774,White,652.0,France,54.0,3,0.0,1.0,1.0,0.0,108409.17,1,4.007333185232471
15764448,Mackenzie,652.0,Germany,35.0,0,144037.6,1.0,1.0,0.0,145325.32,0,3.58351893845611
15611024,Kalinina,652.0,France,23.0,9,93522.2,1.0,0.0,1.0,81425.61,0,3.1780538303479458
15738220,Bennet,652.0,Spain,38.0,1,0.0,2.0,1.0,0.0,51553.43,0,3.6635616461296463
15805764,Hallahan,652.0,France,18.0,10,0.0,2.0,0.0,1.0,52795.15,0,2.9444389791664403
15580487,Martin,652.0,Germany,38.0,8,106922.92,2.0,0.0,1.0,84270.09,0,3.6635616461296463
15675787,Rivera,652.0,France,26.0,8,112972.57,1.0,1.0,0.0,145011.62,0,3.295836866004329
15583580,Chiawuotu,652.0,Germany,35.0,1,123042.0,1.0,1.0,0.0,66245.44,1,3.58351893845611
15780654,Sergeyev,652.0,Germany,33.0,3,100488.92,2.0,0.0,1.0,36446.74,0,3.5263605246161616
15695034,Christie,652.0,France,44.0,4,123322.15,1.0,1.0,0.0,137136.29,0,3.8066624897703196
15805671,Louis,652.0,France,32.0,0,0.0,1.0,0.0,1.0,117323.31,0,3.4965075614664802
15790658,Iqbal,652.0,Spain,42.0,8,68683.68,1.0,1.0,1.0,74157.71,0,3.7612001156935624
15578648,Marino,652.0,Germany,49.0,6,59532.18,1.0,1.0,0.0,104253.56,0,3.912023005428146
15734987,Robertson,652.0,France,43.0,7,140260.36,2.0,1.0,0.0,2748.72,0,3.784189633918261
15721740,Pai,652.0,Germany,50.0,7,88302.65,1.0,1.0,1.0,195937.16,0,3.9318256327243257
15641822,Barese,652.0,France,19.0,1,0.0,2.0,0.0,1.0,22101.86,0,2.995732273553991
15765650,Chigolum,652.0,Germany,40.0,5,114655.58,1.0,0.0,0.0,126535.92,0,3.713572066704308
15788556,Trouette,652.0,France,42.0,4,148283.94,1.0,1.0,1.0,44692.63,1,3.7612001156935624
15576550,Ugochukwu,652.0,Spain,38.0,1,0.0,1.0,1.0,0.0,112442.63,1,3.6635616461296463
15622230,Cribb,652.0,France,35.0,3,0.0,2.0,0.0,1.0,66331.01,0,3.58351893845611
15653937,McIntyre,652.0,Germany,53.0,1,123916.67,1.0,1.0,0.0,16657.68,1,3.9889840465642745
15743538,Pickering,652.0,France,31.0,1,0.0,2.0,1.0,0.0,20081.3,0,3.4657359027997265
15591740,Fletcher,652.0,France,54.0,4,0.0,2.0,1.0,1.0,93820.49,1,4.007333185232471
15650086,Uchenna,652.0,France,43.0,2,165896.0,2.0,1.0,0.0,130795.52,0,3.784189633918261
15718773,Pisano,652.0,France,32.0,0,0.0,2.0,1.0,0.0,160129.99,0,3.4965075614664802
15615140,Corson,652.0,France,36.0,6,111168.97,1.0,1.0,1.0,189969.91,0,3.6109179126442243
15644361,Hooper,652.0,France,40.0,1,103549.24,1.0,0.0,0.0,9712.52,1,3.713572066704308
15774536,He,652.0,France,32.0,6,0.0,2.0,0.0,0.0,196062.01,0,3.4965075614664802
15618661,Chidubem,652.0,France,30.0,6,103804.97,1.0,1.0,1.0,125710.53,0,3.4339872044851463
15605020,Schofield,652.0,France,45.0,2,165901.59,2.0,1.0,0.0,23054.51,1,3.828641396489095
15762134,Liang,652.0,Germany,59.0,8,119152.1,2.0,1.0,1.0,170679.74,0,4.0943445622221
15685279,Somadina,652.0,Spain,57.0,8,122950.31,1.0,1.0,1.0,181258.76,0,4.060443010546419
15582849,McIntosh,652.0,France,51.0,1,0.0,1.0,1.0,1.0,22835.13,1,3.9512437185814275
15655410,Hinton,652.0,Germany,49.0,1,133384.66,1.0,1.0,0.0,102397.22,1,3.912023005428146
15649129,Sal,652.0,France,32.0,9,0.0,2.0,1.0,0.0,115950.96,0,3.4965075614664802
15702380,De Luca,652.0,Spain,62.0,6,0.0,2.0,0.0,1.0,15876.52,0,4.174387269895637
15759067,Bromby,652.0,Germany,37.0,7,158411.95,3.5,1.0,1.0,117690.58,1,3.6375861597263857
15683027,Chang,652.0,Germany,29.0,4,122028.65,2.0,1.0,1.0,173792.77,0,3.4011973816621555
15597487,Hunter,652.0,France,35.0,5,0.0,1.0,1.0,1.0,80992.8,0,3.58351893845611
15763256,Sheppard,652.0,Germany,62.0,8,128751.65,2.0,1.0,0.0,189398.18,1,4.174387269895637
15620111,Fan,652.0,France,54.0,8,133436.52,1.0,1.0,0.0,56787.8,0,4.007333185232471
15623053,Muir,652.0,Spain,40.0,2,123177.01,1.0,1.0,0.0,148309.98,0,3.713572066704308
15595592,Lai,652.0,France,59.0,2,0.0,1.0,1.0,0.0,179673.11,1,4.0943445622221
15740072,Padovesi,652.0,France,37.0,2,120328.88,2.0,1.0,1.0,138470.21,0,3.6375861597263857
15778005,Kemp,652.0,France,39.0,1,130147.98,1.0,1.0,0.0,163798.41,1,3.6888794541139363
15583278,Greece,652.0,Spain,36.0,8,92716.96,1.0,1.0,1.0,33693.78,0,3.6109179126442243
15601263,Young,652.0,Spain,48.0,7,0.0,2.0,1.0,0.0,48545.1,0,3.8918202981106265
15709222,Chukwueloka,652.0,Spain,34.0,3,0.0,1.0,0.0,1.0,123427.98,0,3.5553480614894135
15713949,Woods,652.0,France,40.0,1,76914.21,1.0,1.0,0.0,174183.44,0,3.713572066704308
15717706,Forbes,652.0,France,32.0,3,106045.92,2.0,1.0,1.0,17938.0,0,3.4965075614664802
15756071,Kang,652.0,France,34.0,1,103133.26,1.0,1.0,1.0,90059.04,0,3.5553480614894135
15696564,Nweke,652.0,France,38.0,0,145974.79,2.0,1.0,1.0,137694.23,0,3.6635616461296463
15657637,Ts'ui,652.0,Spain,36.0,3,0.0,3.0,1.0,0.0,65039.9,0,3.6109179126442243
15755863,Milano,652.0,Spain,49.0,1,0.0,2.0,0.0,1.0,162858.29,0,3.912023005428146
15719858,Chao,652.0,Spain,38.0,9,0.0,2.0,1.0,1.0,35701.06,0,3.6635616461296463
15688876,Wan,652.0,Spain,39.0,9,0.0,2.0,1.0,1.0,18826.06,0,3.6888794541139363
15698528,Napolitani,652.0,Spain,31.0,3,0.0,1.0,1.0,1.0,130086.47,1,3.4657359027997265
15770345,Kovaleva,652.0,Spain,31.0,1,139183.06,1.0,0.0,1.0,143360.56,0,3.4657359027997265
15761506,Russell,652.0,Spain,19.0,5,0.0,2.0,1.0,0.0,159920.92,0,2.995732273553991
15716619,Chiebuka,652.0,Germany,36.0,3,74974.89,1.0,1.0,1.0,12099.67,0,3.6109179126442243
15788367,Ellis,652.0,Spain,44.0,6,61691.45,1.0,1.0,1.0,53087.98,0,3.8066624897703196
15709451,Gordon,652.0,Germany,35.0,1,121952.75,2.0,1.0,1.0,142839.82,0,3.58351893845611
15640421,Conway,652.0,France,35.0,7,0.0,1.0,1.0,1.0,178.19,0,3.58351893845611
15580068,Buccho,652.0,Spain,35.0,5,0.0,2.0,1.0,1.0,105618.14,0,3.58351893845611
15677123,Aksyonova,652.0,Spain,37.0,7,0.0,2.0,1.0,1.0,24734.25,0,3.6375861597263857
15619801,Batty,652.0,France,33.0,1,80107.83,2.0,0.0,1.0,82245.67,0,3.5263605246161616
15582246,Rowe,652.0,Spain,45.0,2,0.0,2.0,0.0,1.0,177695.67,0,3.828641396489095
15711843,Pisani,652.0,Germany,40.0,1,147856.82,3.0,0.0,0.0,107961.11,1,3.713572066704308
15680046,Onochie,652.0,Spain,36.0,8,0.0,2.0,1.0,0.0,55207.41,0,3.6109179126442243
15804131,Farmer,652.0,Spain,53.0,7,65407.16,2.0,0.0,0.0,182633.63,1,3.9889840465642745
15722611,Cameron,652.0,France,53.0,8,114233.18,1.0,1.0,1.0,51587.04,0,3.9889840465642745
15729224,Jennings,652.0,France,37.0,5,0.0,2.0,1.0,0.0,115403.31,0,3.6375861597263857
15811588,Eluemuno,652.0,Spain,53.0,7,187602.18,1.0,1.0,0.0,186392.99,1,3.9889840465642745
15702138,Swift,652.0,France,22.0,3,156834.34,1.0,0.0,0.0,44374.44,0,3.1354942159291497
15749799,Pisani,652.0,France,34.0,2,0.0,2.0,1.0,1.0,84033.35,0,3.5553480614894135
15752885,Nnonso,652.0,France,42.0,1,157498.9,1.0,1.0,1.0,82276.62,0,3.7612001156935624
15674932,Cameron,652.0,Spain,44.0,9,0.0,2.0,1.0,0.0,177528.92,0,3.8066624897703196
15743828,Stevens,652.0,France,41.0,2,0.0,1.0,1.0,1.0,56850.92,1,3.7376696182833684
15642022,Zito,652.0,Spain,34.0,8,0.0,1.0,0.0,0.0,47972.65,0,3.5553480614894135
15746461,Taylor,652.0,Spain,35.0,2,0.0,2.0,1.0,0.0,104982.39,0,3.58351893845611
15809991,Ferrari,652.0,Spain,19.0,4,130274.22,1.0,1.0,1.0,133535.29,0,2.995732273553991
15787322,Yeh,652.0,France,41.0,6,0.0,1.0,1.0,1.0,25571.37,0,3.7376696182833684
15575498,Gould,652.0,France,39.0,5,149379.66,2.0,1.0,0.0,96075.55,0,3.6888794541139363
15691387,Agafonova,652.0,France,29.0,9,0.0,1.0,1.0,1.0,81634.45,0,3.4011973816621555
15765457,Fowler,652.0,Spain,35.0,1,100829.94,1.0,1.0,1.0,165008.97,0,3.58351893845611
15666173,Chidumaga,652.0,Germany,32.0,1,96408.98,1.0,1.0,1.0,138191.81,0,3.4965075614664802
15627377,Sabbatini,652.0,France,41.0,6,0.0,2.0,1.0,1.0,99136.49,0,3.7376696182833684
15656683,Johnson,652.0,France,52.0,1,0.0,1.0,0.0,0.0,63584.55,1,3.970291913552122
15679810,Chapman,652.0,France,39.0,6,0.0,2.0,1.0,0.0,160532.88,0,3.6888794541139363
15606310,Birk,652.0,France,62.0,5,149105.08,1.0,0.0,1.0,162683.06,0,4.276666119016055
15756871,Capon,652.0,Spain,39.0,3,0.0,1.0,1.0,0.0,134878.19,0,3.6888794541139363
15610002,Chidubem,652.0,Spain,41.0,5,0.0,2.0,1.0,1.0,134626.3,0,3.7376696182833684
15567802,Childs,652.0,Spain,34.0,2,0.0,2.0,1.0,0.0,175480.93,0,3.5553480614894135
15745452,Sun,652.0,Germany,41.0,1,90218.11,1.0,1.0,0.0,174337.68,0,3.7376696182833684
15617252,Lung,652.0,France,33.0,1,87347.7,1.0,1.0,0.0,172524.51,0,3.5263605246161616
15753248,Tao,652.0,France,28.0,2,0.0,2.0,0.0,0.0,25395.83,0,3.367295829986474
15610755,Napolitano,652.0,France,33.0,0,137811.75,1.0,1.0,1.0,184856.89,0,3.5263605246161616
15662238,Davis,652.0,France,37.0,3,105563.0,1.0,1.0,0.0,182624.93,0,3.6375861597263857
15799186,Sagese,652.0,France,38.0,4,0.0,2.0,0.0,0.0,192505.62,0,3.6635616461296463
15686941,Hutchinson,652.0,Spain,26.0,7,0.0,2.0,1.0,0.0,112507.63,0,3.295836866004329
15601172,Nelson,652.0,France,31.0,6,91125.75,1.0,1.0,0.0,177295.92,0,3.4657359027997265
15723858,Schiavone,652.0,Spain,39.0,3,0.0,2.0,0.0,1.0,12465.51,0,3.6888794541139363
15615896,Chienezie,652.0,Spain,39.0,8,0.0,2.0,1.0,0.0,36122.96,0,3.6888794541139363
15737647,Obioma,652.0,Germany,62.0,6,135120.56,1.0,1.0,0.0,37836.64,0,4.356708826689592
15582841,Butusov,652.0,France,29.0,8,0.0,2.0,0.0,1.0,34747.43,0,3.4011973816621555
15760090,Pisano,652.0,France,28.0,7,0.0,2.0,1.0,1.0,131097.9,0,3.367295829986474
15588587,Stetson,652.0,France,36.0,1,86837.95,1.0,1.0,1.0,105280.55,0,3.6109179126442243
15683157,Waring,652.0,France,26.0,4,100446.57,1.0,0.0,1.0,149653.81,0,3.295836866004329
15694209,Fanucci,652.0,France,32.0,3,0.0,2.0,1.0,1.0,139390.99,0,3.4965075614664802
15655875,Thao,652.0,France,33.0,3,0.0,2.0,1.0,0.0,132436.71,0,3.5263605246161616
15805704,Murphy,652.0,France,32.0,2,0.0,3.5,0.0,1.0,179705.13,1,3.4965075614664802
15744789,McConnell,652.0,Spain,32.0,6,114512.59,1.0,1.0,0.0,15796.66,0,3.4965075614664802
15799357,Armfield,652.0,France,35.0,5,136364.46,1.0,0.0,0.0,142754.71,0,3.58351893845611
15726153,Fanucci,652.0,France,31.0,5,106260.67,1.0,1.0,1.0,2578.43,0,3.4657359027997265
15713346,Panina,652.0,France,24.0,10,146126.75,1.0,1.0,1.0,88992.05,0,3.2188758248682006
15665053,Nixon,652.0,Spain,52.0,4,111284.53,1.0,0.0,1.0,32936.44,1,3.970291913552122
15592379,Walker,652.0,Spain,42.0,9,121056.63,2.0,1.0,0.0,39122.58,0,3.7612001156935624
15692599,Chiemela,652.0,France,34.0,5,128270.56,1.0,1.0,0.0,191092.62,0,3.5553480614894135
15620758,Martel,652.0,Spain,30.0,4,0.0,2.0,1.0,0.0,129149.06,0,3.4339872044851463
15637428,Briggs,652.0,France,35.0,7,0.0,2.0,1.0,0.0,13218.6,0,3.58351893845611
15808389,Iheatu,652.0,France,62.0,7,0.0,1.0,1.0,1.0,160589.18,0,4.382026634673881
15807003,Jennings,652.0,France,32.0,10,191775.65,1.0,1.0,0.0,179657.83,0,3.4965075614664802
15702912,Ch'en,652.0,Spain,35.0,2,0.0,1.0,1.0,0.0,44335.54,1,3.58351893845611
15590623,Kovalyov,652.0,Spain,34.0,4,85141.79,2.0,1.0,1.0,29217.37,0,3.5553480614894135
15728078,Yeh,652.0,France,26.0,10,126392.18,1.0,0.0,1.0,43651.49,0,3.295836866004329
15708256,Chien,652.0,France,28.0,3,0.0,2.0,1.0,0.0,159654.0,0,3.367295829986474
15582335,Brown,652.0,France,40.0,9,129860.37,1.0,0.0,0.0,17992.94,0,3.713572066704308
15649150,Buddicom,652.0,France,53.0,5,127642.44,1.0,1.0,0.0,141501.45,1,3.9889840465642745
15691647,McGregor,652.0,France,35.0,2,0.0,2.0,1.0,1.0,93825.78,0,3.58351893845611
15668270,Thompson,652.0,Germany,44.0,5,125584.17,2.0,1.0,1.0,41852.24,1,3.8066624897703196
15624820,Ross,652.0,Spain,56.0,7,50911.21,3.0,0.0,0.0,97629.31,1,4.04305126783455
15736254,Ch'ang,652.0,France,29.0,2,91955.61,1.0,1.0,0.0,37065.66,0,3.4011973816621555
15720814,Warren,652.0,Germany,36.0,2,84266.44,2.0,0.0,0.0,38614.69,0,3.6109179126442243
15642997,Uspenskaya,652.0,France,36.0,2,147149.59,1.0,1.0,1.0,87816.86,0,3.6109179126442243
15693200,King,652.0,France,36.0,7,0.0,2.0,1.0,0.0,184866.86,0,3.6109179126442243
15624596,Trentini,652.0,France,23.0,5,104822.45,1.0,0.0,1.0,160176.47,0,3.1780538303479458
15807167,Konovalova,652.0,France,42.0,1,146766.72,2.0,0.0,1.0,164357.1,0,3.7612001156935624
15660301,Dellucci,652.0,Germany,62.0,6,148745.92,2.0,1.0,1.0,17818.33,0,4.2626798770413155
15593094,Goddard,652.0,France,27.0,9,0.0,1.0,1.0,0.0,142680.64,1,3.332204510175204
15618239,Neumann,652.0,France,48.0,0,0.0,1.0,1.0,0.0,85081.09,0,3.8918202981106265
15574137,Ch'in,652.0,Spain,35.0,3,0.0,2.0,1.0,1.0,176450.19,0,3.58351893845611
15614740,Walters,652.0,France,41.0,6,135203.81,2.0,1.0,1.0,121967.88,0,3.7376696182833684
15574071,Muravyova,652.0,Germany,23.0,2,93301.97,2.0,0.0,1.0,127187.04,0,3.1780538303479458
15671148,Barry,652.0,Germany,33.0,5,96341.0,2.0,0.0,0.0,108313.34,0,3.5263605246161616
15721921,Woolnough,652.0,France,44.0,8,165326.2,1.0,1.0,1.0,57205.55,0,3.8066624897703196
15717995,Keen,652.0,France,27.0,0,0.0,2.0,0.0,1.0,157891.86,0,3.332204510175204
15632050,Liebe,652.0,France,41.0,10,99786.2,1.0,1.0,0.0,86927.53,0,3.7376696182833684
15647111,White,652.0,Spain,22.0,4,114440.24,1.0,1.0,1.0,107753.07,0,3.1354942159291497
15759991,Hunter,652.0,Spain,36.0,4,141573.55,1.0,1.0,0.0,82158.14,0,3.6109179126442243
15790204,Myers,652.0,Spain,22.0,9,0.0,1.0,1.0,0.0,29135.89,1,3.1354942159291497
15686780,Rogova,652.0,Spain,55.0,1,133676.65,1.0,0.0,1.0,17095.49,0,4.02535169073515
15640491,Raff,652.0,France,33.0,10,147493.7,2.0,1.0,0.0,100447.53,0,3.5263605246161616
15783225,Cocci,652.0,France,54.0,9,0.0,1.0,1.0,0.0,83470.4,1,4.007333185232471
15734438,Kanayochukwu,652.0,France,29.0,4,0.0,2.0,1.0,0.0,121846.81,0,3.4011973816621555
15688760,Obialo,652.0,Germany,37.0,3,95022.57,1.0,1.0,1.0,129107.59,0,3.6375861597263857
15768124,Liu,652.0,France,34.0,3,0.0,1.0,1.0,0.0,54726.43,0,3.5553480614894135
15661330,Gilbert,652.0,France,37.0,6,0.0,1.0,1.0,1.0,116141.72,0,3.6375861597263857
15781272,Coles,652.0,France,50.0,4,149713.61,3.0,1.0,1.0,124872.42,1,3.9318256327243257
15573888,Ponomaryov,652.0,Germany,43.0,1,107963.38,1.0,0.0,0.0,186438.86,1,3.784189633918261
15575858,Bergamaschi,652.0,France,40.0,3,0.0,2.0,1.0,0.0,134281.11,0,3.713572066704308
15645937,Guerin,652.0,Spain,32.0,3,0.0,1.0,1.0,0.0,91044.47,0,3.4965075614664802
15702337,Sinclair,652.0,France,37.0,7,0.0,2.0,1.0,1.0,74320.75,0,3.6375861597263857
15764537,Dominguez,652.0,France,43.0,8,0.0,2.0,1.0,0.0,9704.66,0,3.784189633918261
15619616,Costa,652.0,France,33.0,9,102017.25,2.0,0.0,0.0,128600.49,0,3.5263605246161616
15585133,Wei,652.0,Spain,27.0,8,0.0,2.0,0.0,0.0,6468.24,0,3.332204510175204
15573971,Mills,652.0,France,44.0,7,0.0,2.0,0.0,0.0,57898.58,0,3.8066624897703196
15579433,Pugh,652.0,Spain,29.0,8,96674.55,2.0,0.0,0.0,192120.66,0,3.4011973816621555
15777045,Price,652.0,Spain,44.0,3,81811.71,1.0,1.0,0.0,164213.53,1,3.8066624897703196
15611580,Wood,652.0,Spain,33.0,4,79281.61,1.0,1.0,0.0,117547.76,0,3.5263605246161616
15614778,Robertson,652.0,France,31.0,6,0.0,2.0,1.0,0.0,26149.25,0,3.4657359027997265
15771750,Sawtell,652.0,Germany,36.0,10,122314.39,1.0,1.0,0.0,9181.66,0,3.6109179126442243
15593280,Yuryeva,652.0,Germany,43.0,8,140733.74,1.0,1.0,1.0,166588.76,0,3.784189633918261
15569274,Pisano,652.0,Germany,49.0,2,116933.11,1.0,1.0,0.0,195053.58,1,3.912023005428146
15654408,Kharitonova,652.0,Spain,41.0,5,165445.04,2.0,1.0,0.0,85787.31,0,3.7376696182833684
15657468,Simmons,652.0,Germany,53.0,5,123805.03,1.0,1.0,0.0,102428.51,0,3.9889840465642745
15614213,Muramats,652.0,France,37.0,0,107548.94,1.0,1.0,0.0,71175.94,0,3.6375861597263857
15589869,Tang,652.0,France,49.0,9,111634.29,2.0,0.0,1.0,166440.32,0,3.912023005428146
15693205,Peng,652.0,Germany,41.0,8,109153.96,3.0,1.0,1.0,148848.76,1,3.7376696182833684
15797113,Bevan,652.0,Spain,34.0,4,0.0,2.0,1.0,0.0,140286.69,0,3.5553480614894135
15676958,Zito,652.0,Germany,34.0,5,86055.17,2.0,1.0,1.0,104220.5,0,3.5553480614894135
15739592,Sokolov,652.0,Germany,51.0,10,98438.23,1.0,0.0,0.0,70778.63,1,3.9512437185814275
15656263,Teng,652.0,Spain,29.0,5,0.0,2.0,1.0,0.0,65868.28,0,3.4011973816621555
15636872,Amadi,652.0,France,32.0,8,144705.87,2.0,0.0,0.0,171482.56,0,3.4965075614664802
15589435,Davide,652.0,France,31.0,7,0.0,2.0,1.0,1.0,143204.41,0,3.4657359027997265
15640464,Parkes,652.0,France,41.0,5,91612.91,1.0,1.0,1.0,28427.84,0,3.7376696182833684
15723851,Mazzanti,652.0,Spain,40.0,2,0.0,1.0,1.0,0.0,78387.32,0,3.713572066704308
15722122,Findlay,652.0,France,40.0,7,0.0,1.0,0.0,1.0,161076.92,0,3.713572066704308
15696852,Hsu,652.0,France,32.0,9,192122.84,1.0,1.0,1.0,54277.45,1,3.4965075614664802
15634936,Chukwukadibia,652.0,France,41.0,7,179904.0,1.0,1.0,1.0,137180.95,0,3.7376696182833684
15575935,Baxter,652.0,France,59.0,0,178058.06,2.0,0.0,1.0,21063.71,1,4.0943445622221
15634491,Kung,652.0,France,30.0,2,176166.56,2.0,1.0,1.0,152210.81,0,3.4339872044851463
15628530,Booth,652.0,France,42.0,3,156864.2,2.0,0.0,0.0,88890.75,0,3.7612001156935624
15678720,Evans,652.0,France,44.0,7,0.0,2.0,1.0,1.0,190534.76,0,3.8066624897703196
15627999,Kung,652.0,Spain,30.0,3,0.0,2.0,1.0,0.0,83090.35,0,3.4339872044851463
15571244,Tung,652.0,Spain,33.0,3,0.0,2.0,0.0,1.0,141426.78,0,3.5263605246161616
15739931,Yuan,652.0,France,34.0,2,161588.89,1.0,1.0,1.0,51358.66,0,3.5553480614894135
15806256,Jackson,652.0,France,48.0,2,109349.29,1.0,1.0,0.0,88703.04,1,3.8918202981106265
15787258,Ross,652.0,Spain,29.0,6,0.0,2.0,1.0,0.0,116696.77,0,3.4011973816621555
15706463,Yang,652.0,France,36.0,9,0.0,2.0,1.0,1.0,7156.09,0,3.6109179126442243
15691004,Yu,652.0,Spain,37.0,1,0.0,1.0,1.0,1.0,49161.12,1,3.6375861597263857
15792228,Onwumelu,652.0,France,60.0,0,152335.7,1.0,1.0,0.0,126743.33,1,4.110873864173311
15733447,Gay,652.0,France,51.0,1,124662.54,1.0,1.0,1.0,65390.46,1,3.9512437185814275
15679062,Morrison,652.0,Germany,47.0,10,91522.04,2.0,1.0,1.0,138835.91,0,3.8712010109078907
15594409,Belov,652.0,France,45.0,1,0.0,2.0,1.0,1.0,36154.66,0,3.828641396489095
15613816,Mao,652.0,Spain,39.0,6,62052.28,1.0,0.0,1.0,59755.14,0,3.6888794541139363
15681991,Walsh,652.0,France,32.0,7,107871.72,1.0,1.0,0.0,125302.64,0,3.4965075614664802
15796074,Bruno,652.0,France,36.0,2,99472.76,2.0,1.0,0.0,94274.72,1,3.6109179126442243
15625941,Gray,652.0,Spain,50.0,10,128039.01,1.0,1.0,1.0,102260.16,0,3.9318256327243257
15615016,Maurer,652.0,France,33.0,2,0.0,2.0,1.0,1.0,136028.97,0,3.5263605246161616
15748414,Chiang,652.0,Spain,33.0,8,114634.63,2.0,1.0,0.0,110114.38,1,3.5263605246161616
15751203,Cattaneo,652.0,France,26.0,5,56738.47,2.0,1.0,1.0,100442.22,1,3.295836866004329
15662658,Grieve,652.0,Germany,34.0,2,90355.12,2.0,0.0,0.0,193597.94,0,3.5553480614894135
15574868,Lowell,652.0,Germany,36.0,5,115725.24,2.0,0.0,0.0,1871.25,0,3.6109179126442243
15790282,Trentino,652.0,Germany,58.0,3,114327.59,2.0,1.0,1.0,42831.11,0,4.07753744390572
15762927,Sung,652.0,Germany,36.0,6,100762.64,1.0,1.0,0.0,182156.86,0,3.6109179126442243
15803456,Yen,652.0,France,40.0,9,0.0,1.0,0.0,0.0,151648.66,1,3.713572066704308
15771857,Philipp,652.0,Spain,39.0,7,89039.9,2.0,1.0,1.0,146738.83,0,3.6888794541139363
15700601,Dynon,652.0,France,34.0,1,78829.53,1.0,1.0,1.0,12148.2,0,3.5553480614894135
15569670,Alexeyeva,652.0,Germany,30.0,6,112372.96,1.0,1.0,1.0,118029.09,0,3.4339872044851463
15772341,Hs?eh,652.0,Germany,62.0,6,122029.15,1.0,1.0,1.0,50783.88,0,4.406719247264253
15661548,Ferri,652.0,France,29.0,0,157829.12,1.0,0.0,0.0,129891.66,0,3.4011973816621555
15787597,Hsu,652.0,Germany,31.0,1,108377.75,2.0,1.0,1.0,9904.63,0,3.4657359027997265
15806913,Bishop,652.0,France,54.0,2,95507.12,1.0,1.0,1.0,63213.31,0,4.007333185232471
15804862,Toscani,652.0,Germany,43.0,6,127146.68,1.0,0.0,0.0,137565.87,0,3.784189633918261
15792986,T'ao,652.0,Germany,24.0,1,133811.78,1.0,1.0,0.0,17185.95,1,3.2188758248682006
15625632,Philip,652.0,France,36.0,3,121092.47,2.0,0.0,1.0,143783.46,0,3.6109179126442243
15727703,Li Fonti,652.0,Germany,34.0,10,126979.75,1.0,0.0,0.0,36823.28,0,3.5553480614894135
15606273,Rene,652.0,France,37.0,5,144235.73,2.0,0.0,0.0,154957.66,1,3.6375861597263857
15799652,Daigle,652.0,France,38.0,0,152582.2,2.0,0.0,0.0,31892.82,0,3.6635616461296463
15715047,Joshua,652.0,Spain,43.0,9,172478.15,1.0,1.0,0.0,191084.4,1,3.784189633918261
15784687,Simmons,652.0,France,36.0,1,126477.42,1.0,0.0,0.0,179718.17,0,3.6109179126442243
15615322,Jamieson,652.0,Spain,43.0,7,97473.87,2.0,1.0,1.0,159823.16,0,3.784189633918261
15722072,Hou,652.0,France,53.0,5,138053.67,1.0,0.0,1.0,114110.97,0,3.9889840465642745
15646784,Cochran,652.0,France,31.0,2,164003.05,2.0,1.0,1.0,60993.23,0,3.4657359027997265
15644692,Bibb,652.0,France,47.0,8,0.0,1.0,1.0,1.0,66408.01,1,3.8712010109078907
15670354,Jen,652.0,France,62.0,6,0.0,2.0,1.0,1.0,136398.9,0,4.143134726391533
15716357,Corran,652.0,Spain,39.0,4,122486.11,2.0,1.0,1.0,140709.25,0,3.6888794541139363
15786717,He,652.0,France,36.0,1,0.0,2.0,0.0,0.0,8555.73,0,3.6109179126442243
15771383,Loggia,652.0,Germany,45.0,6,53667.44,1.0,1.0,0.0,115022.94,0,3.828641396489095
15649793,Lovely,652.0,France,20.0,7,0.0,2.0,0.0,0.0,187638.34,0,3.044522437723423
15731543,Becker,652.0,Spain,58.0,9,109327.65,1.0,1.0,1.0,3829.13,0,4.07753744390572
15684516,Plascencia,652.0,Spain,34.0,1,121151.05,1.0,0.0,0.0,119357.93,0,3.5553480614894135
15677249,Somadina,652.0,Spain,42.0,9,101043.63,1.0,1.0,1.0,192175.52,0,3.7612001156935624
15581525,Walker,652.0,Germany,33.0,3,83501.66,2.0,1.0,0.0,128841.31,0,3.5263605246161616
15628420,Alekseeva,652.0,Spain,33.0,2,80462.24,1.0,0.0,0.0,150422.35,0,3.5263605246161616
15600478,Watson,652.0,France,39.0,3,0.0,1.0,1.0,0.0,188187.05,0,3.6888794541139363
15594502,Zotov,652.0,France,37.0,6,109093.41,2.0,1.0,0.0,1775.52,0,3.6375861597263857
15784361,Williamson,652.0,Spain,46.0,5,140355.6,1.0,1.0,1.0,85086.78,0,3.8501476017100584
15767626,Carpenter,652.0,France,42.0,10,0.0,2.0,1.0,1.0,3797.79,0,3.7612001156935624
15632521,Cattaneo,652.0,Germany,45.0,0,130170.82,2.0,1.0,0.0,150856.38,0,3.828641396489095
15665088,Gordon,652.0,France,42.0,2,0.0,2.0,0.0,1.0,90537.47,0,3.7612001156935624
15652084,Boni,652.0,France,40.0,0,109542.29,1.0,1.0,1.0,166370.81,0,3.713572066704308
15574761,Lynch,652.0,France,41.0,3,33563.95,2.0,1.0,0.0,178994.13,1,3.7376696182833684
15729515,McCarthy,652.0,France,36.0,1,148795.17,2.0,1.0,1.0,195681.43,0,3.6109179126442243
15682070,Davies,652.0,France,62.0,9,0.0,2.0,1.0,1.0,53277.15,0,4.174387269895637
15743817,Hargreaves,652.0,Germany,40.0,8,174126.75,3.0,1.0,0.0,172490.78,1,3.713572066704308
15572158,Blackburn,652.0,Spain,41.0,3,0.0,1.0,0.0,0.0,11819.84,0,3.7376696182833684
15584477,K?,652.0,Spain,35.0,1,106405.03,1.0,1.0,1.0,82900.25,0,3.58351893845611
15614893,Meng,652.0,Spain,38.0,2,0.0,1.0,1.0,1.0,82709.8,0,3.6635616461296463
15665963,Cattaneo,652.0,Spain,30.0,2,128393.29,1.0,1.0,1.0,180593.45,0,3.4339872044851463
15612524,Hunt,652.0,Germany,41.0,2,127841.52,1.0,1.0,0.0,172363.41,0,3.7376696182833684
15596962,Owens,652.0,France,24.0,4,137295.19,2.0,1.0,1.0,91195.12,0,3.2188758248682006
15744942,Steele,652.0,Spain,55.0,2,155828.22,1.0,0.0,1.0,108987.25,1,4.02535169073515
15573278,Kennedy,652.0,France,39.0,6,0.0,2.0,1.0,0.0,44265.28,0,3.6888794541139363
15717056,Pan,652.0,Germany,25.0,7,144351.86,1.0,1.0,0.0,116613.26,0,3.258096538021482
15795881,Alexander,652.0,Spain,35.0,8,106365.29,1.0,1.0,1.0,148527.56,0,3.58351893845611
15758939,Bray,652.0,Germany,35.0,7,127801.88,1.0,0.0,1.0,84239.46,0,3.58351893845611
15792250,Nnabuife,652.0,Germany,45.0,4,122793.96,1.0,1.0,1.0,62002.04,0,3.828641396489095
15740406,Padovesi,652.0,Germany,38.0,10,113525.84,1.0,1.0,0.0,46044.48,1,3.6635616461296463
15768137,Bray,652.0,Spain,23.0,6,136100.69,2.0,0.0,0.0,169669.33,1,3.1780538303479458
15569120,Lucas,652.0,France,30.0,7,0.0,2.0,1.0,1.0,156346.84,0,3.4339872044851463
15723721,Tinline,652.0,France,30.0,4,140916.81,1.0,1.0,0.0,157711.18,0,3.4339872044851463
15777122,Esomchi,652.0,France,31.0,4,0.0,2.0,1.0,1.0,89087.4,0,3.4657359027997265
15742681,Liao,652.0,Germany,26.0,4,121365.39,1.0,1.0,1.0,8742.36,0,3.295836866004329
15582090,Iroawuchi,652.0,Spain,36.0,4,0.0,1.0,1.0,0.0,117038.96,0,3.6109179126442243
15711254,Retana,652.0,France,35.0,7,0.0,2.0,1.0,0.0,164241.67,0,3.58351893845611
15775067,Fang,652.0,France,47.0,3,93578.68,2.0,0.0,1.0,137720.56,1,3.8712010109078907
15602851,Ozioma,652.0,France,40.0,9,0.0,1.0,1.0,0.0,106.67,0,3.713572066704308
15802857,Robson,652.0,Spain,33.0,8,115409.6,1.0,0.0,1.0,1539.21,0,3.5263605246161616
15701175,Bruno,652.0,France,33.0,8,90791.69,1.0,1.0,1.0,59659.53,0,3.5263605246161616
15783019,Price,652.0,France,62.0,9,123681.32,3.0,1.0,0.0,173586.63,1,4.143134726391533
15728912,Swanson,652.0,France,44.0,6,92436.86,1.0,1.0,0.0,126033.9,0,3.8066624897703196
15585580,Chang,652.0,Germany,52.0,9,167194.36,1.0,1.0,1.0,62808.93,1,3.970291913552122
15583480,Morgan,652.0,France,36.0,4,0.0,2.0,0.0,1.0,147007.33,0,3.6109179126442243
15620341,Nwebube,652.0,Germany,44.0,9,160838.13,2.0,1.0,0.0,196261.64,0,3.8066624897703196
15613886,Trevisan,652.0,Spain,43.0,1,0.0,1.0,1.0,0.0,44560.17,1,3.784189633918261
15792916,Ositadimma,652.0,Spain,40.0,7,144470.77,1.0,1.0,1.0,18917.95,0,3.713572066704308
15710408,Cunningham,652.0,Spain,38.0,3,0.0,2.0,1.0,1.0,4525.4,0,3.6635616461296463
15598695,Fields,652.0,Germany,62.0,9,130169.27,2.0,0.0,1.0,93112.2,0,4.23410650459726
15649354,Johnston,652.0,Spain,35.0,4,0.0,2.0,1.0,1.0,9658.41,0,3.58351893845611
15737556,Vasilyev,652.0,France,43.0,7,81076.8,2.0,1.0,1.0,182627.25,1,3.784189633918261
15671610,Hooper,652.0,France,36.0,7,0.0,1.0,1.0,1.0,13177.4,0,3.6109179126442243
15625092,Colombo,652.0,Germany,57.0,3,101465.31,1.0,1.0,0.0,43568.31,1,4.060443010546419
15741032,Tsao,652.0,France,48.0,5,0.0,1.0,0.0,1.0,117830.57,0,3.8918202981106265
15750014,Chikere,652.0,Germany,37.0,0,113865.23,2.0,1.0,1.0,117396.25,0,3.6375861597263857
15784761,Ballard,652.0,Spain,46.0,7,87603.35,3.0,0.0,1.0,96929.24,1,3.8501476017100584
15768359,Akhtar,652.0,France,36.0,4,120037.96,1.0,1.0,0.0,36275.94,0,3.6109179126442243
15805769,O'Loughlin,652.0,Spain,33.0,4,0.0,2.0,1.0,0.0,116706.0,0,3.5263605246161616
15719508,Davis,652.0,Germany,49.0,7,121205.15,3.5,1.0,1.0,168080.53,1,3.912023005428146
15609011,Barry,652.0,Spain,47.0,8,75408.33,1.0,1.0,0.0,25887.89,1,3.8712010109078907
15703106,K'ung,652.0,France,40.0,5,0.0,2.0,1.0,1.0,122488.59,0,3.713572066704308
15626795,Gorman,652.0,France,40.0,3,0.0,1.0,1.0,0.0,113171.61,1,3.713572066704308
15773731,John,652.0,Spain,35.0,5,0.0,2.0,0.0,0.0,100365.51,0,3.58351893845611
15756196,Tsou,652.0,France,50.0,6,121818.84,2.0,0.0,1.0,124151.37,0,3.9318256327243257
15687903,Okonkwo,652.0,France,29.0,8,0.0,2.0,1.0,0.0,112664.24,0,3.4011973816621555
15777599,Esposito,652.0,Germany,34.0,6,141806.0,2.0,1.0,1.0,183494.87,0,3.5553480614894135
15754577,Boni,652.0,France,51.0,8,61354.14,1.0,1.0,0.0,198810.65,1,3.9512437185814275
15584113,Pratt,652.0,Germany,53.0,4,124954.94,1.0,0.0,1.0,131259.6,1,3.9889840465642745
15669589,Page,652.0,Germany,62.0,1,95039.12,1.0,0.0,1.0,116471.14,1,4.23410650459726
15632793,Wilkinson,652.0,France,29.0,9,103417.74,1.0,1.0,1.0,15336.4,0,3.4011973816621555
15711130,Tseng,652.0,France,45.0,2,0.0,2.0,1.0,0.0,99593.28,0,3.828641396489095
15615254,Clark,652.0,France,40.0,10,43028.77,1.0,1.0,0.0,170514.21,0,3.713572066704308
15720583,Finch,652.0,Germany,44.0,0,119638.21,1.0,1.0,1.0,34265.08,1,3.8066624897703196
15780432,Shen,652.0,France,37.0,3,122689.51,2.0,0.0,0.0,106977.53,1,3.6375861597263857
15673223,Hou,652.0,France,44.0,10,0.0,2.0,0.0,0.0,164287.86,0,3.8066624897703196
15807989,Wall,652.0,Germany,37.0,8,73179.34,2.0,1.0,1.0,25292.53,0,3.6375861597263857
15761168,Manna,652.0,France,38.0,4,171913.87,1.0,1.0,0.0,51820.87,1,3.6635616461296463
15651272,Reyes,652.0,France,38.0,5,0.0,2.0,1.0,1.0,81452.29,0,3.6635616461296463
15812832,Jideofor,652.0,Germany,33.0,8,92659.2,2.0,1.0,0.0,1354.25,0,3.5263605246161616
15680517,Sal,652.0,Germany,34.0,7,137239.17,1.0,1.0,1.0,71379.92,1,3.5553480614894135
15750569,Iweobiegbunam,652.0,Germany,46.0,3,102955.14,2.0,1.0,0.0,154137.33,0,3.8501476017100584
15690743,Shao,652.0,France,61.0,8,65190.29,1.0,1.0,1.0,64308.49,1,4.127134385045092
15627741,Heath,652.0,Germany,29.0,2,96863.52,2.0,1.0,1.0,31613.35,0,3.4011973816621555
15712121,Chidimma,652.0,Spain,34.0,5,154983.98,1.0,1.0,0.0,27738.01,0,3.5553480614894135
15805429,Murray,652.0,Germany,59.0,3,106819.65,1.0,0.0,1.0,163570.25,0,4.0943445622221
15814923,Sullivan,652.0,Spain,38.0,7,128578.52,1.0,1.0,1.0,193878.51,0,3.6635616461296463
15589230,Wu,652.0,France,62.0,2,126473.33,1.0,0.0,1.0,147545.65,0,4.1588830833596715
15775490,Downie,652.0,France,38.0,5,110570.78,2.0,1.0,0.0,195906.59,0,3.6635616461296463
15749727,Chukwufumnanya,652.0,Spain,50.0,7,0.0,2.0,0.0,1.0,178458.86,0,3.9318256327243257
15619238,Allan,652.0,Spain,29.0,8,0.0,2.0,1.0,0.0,156125.72,0,3.4011973816621555
15593468,Findlay,652.0,France,33.0,3,0.0,2.0,1.0,1.0,11159.19,0,3.5263605246161616
15718454,Ch'eng,652.0,Spain,44.0,2,0.0,2.0,0.0,0.0,45738.94,0,3.8066624897703196
15789498,Miller,652.0,France,30.0,3,111099.79,2.0,0.0,0.0,140650.19,0,3.4339872044851463
15744691,Tsai,652.0,France,29.0,3,0.0,3.0,1.0,0.0,4733.94,0,3.4011973816621555
15708289,Graham,652.0,Spain,25.0,3,100913.57,1.0,0.0,0.0,10579.72,0,3.258096538021482
15790412,Norton,652.0,Spain,26.0,8,0.0,2.0,1.0,1.0,179655.87,0,3.295836866004329
15741416,Yegorov,652.0,France,42.0,2,16893.59,1.0,1.0,1.0,77502.56,0,3.7612001156935624
15598894,Holt,652.0,Spain,38.0,10,122267.85,1.0,0.0,0.0,145759.93,0,3.6635616461296463
15663294,Kao,652.0,France,32.0,1,125685.79,1.0,1.0,1.0,56246.72,0,3.4965075614664802
15572728,Ross,652.0,Spain,36.0,8,127397.34,1.0,1.0,0.0,151335.24,0,3.6109179126442243
15706729,Hsiao,652.0,France,38.0,0,105271.56,1.0,0.0,1.0,179833.45,0,3.6635616461296463
15674433,Allan,652.0,Germany,28.0,2,115265.14,1.0,0.0,0.0,191627.85,0,3.367295829986474
15641170,Liang,652.0,Spain,36.0,4,0.0,1.0,0.0,0.0,173016.46,0,3.6109179126442243
15806284,Briggs,652.0,Spain,31.0,1,0.0,2.0,1.0,1.0,58469.75,0,3.4657359027997265
15690958,Cantrell,652.0,Germany,23.0,2,139542.82,1.0,0.0,1.0,28038.28,0,3.1780538303479458
15606386,Wang,652.0,Germany,46.0,3,111512.75,3.0,1.0,0.0,159576.75,1,3.8501476017100584
15682322,Aksenov,652.0,France,37.0,9,148466.93,2.0,0.0,1.0,151280.96,0,3.6375861597263857
15579915,Glennon,652.0,France,29.0,4,0.0,2.0,1.0,0.0,139953.94,0,3.4011973816621555
15681928,Yancy,652.0,France,35.0,4,108155.49,1.0,1.0,0.0,105407.79,0,3.58351893845611
15734005,Mazzi,652.0,France,42.0,1,0.0,2.0,1.0,0.0,56865.62,0,3.7612001156935624
15650432,Liu,652.0,Germany,41.0,10,84622.13,1.0,1.0,1.0,198072.16,0,3.7376696182833684
15592578,Nucci,652.0,Spain,41.0,7,146997.64,2.0,0.0,0.0,137791.18,0,3.7376696182833684
15671243,Y?,652.0,France,47.0,9,0.0,2.0,1.0,0.0,103787.28,0,3.8712010109078907
15775709,Nucci,652.0,France,27.0,10,98590.25,1.0,1.0,0.0,30912.89,0,3.332204510175204
15702631,Tang,652.0,France,26.0,2,0.0,2.0,1.0,1.0,78651.55,0,3.295836866004329
15602282,Kao,652.0,Germany,45.0,8,134980.74,1.0,1.0,1.0,123309.57,1,3.828641396489095
15717879,Chen,652.0,Spain,62.0,5,108078.56,1.0,1.0,1.0,174118.93,0,4.382026634673881
15740878,Yao,652.0,Spain,29.0,9,0.0,2.0,0.0,1.0,85736.26,0,3.4011973816621555
15794468,Tsou,652.0,France,42.0,6,0.0,2.0,0.0,0.0,121138.77,0,3.7612001156935624
15773277,Barnes,652.0,France,35.0,5,106836.67,2.0,1.0,0.0,84199.78,0,3.58351893845611
15572657,H?,652.0,France,29.0,8,102490.27,1.0,0.0,1.0,181224.56,0,3.4011973816621555
15800295,Cruz,652.0,Germany,34.0,9,112746.54,2.0,0.0,0.0,141230.07,0,3.5553480614894135
15672397,Smith,652.0,France,38.0,0,125487.89,1.0,0.0,0.0,158111.71,0,3.6635616461296463
15684921,Onuchukwu,652.0,Spain,25.0,8,142862.21,1.0,1.0,1.0,130639.01,0,3.258096538021482
15720676,Bukowski,652.0,France,37.0,7,0.0,2.0,1.0,0.0,17040.82,0,3.6375861597263857
15731829,Simmons,652.0,France,34.0,10,0.0,2.0,1.0,0.0,25662.27,0,3.5553480614894135
15732672,Stewart,652.0,Spain,35.0,6,79388.33,1.0,1.0,1.0,193360.69,0,3.58351893845611
15692406,Gow,652.0,France,37.0,5,0.0,2.0,1.0,1.0,121485.1,0,3.6375861597263857
15764405,Williams,652.0,France,29.0,10,0.0,2.0,1.0,1.0,162452.65,0,3.4011973816621555
15757537,Francis,652.0,France,31.0,6,107784.65,1.0,1.0,1.0,141137.53,0,3.4657359027997265
15793307,Calabresi,652.0,Spain,41.0,4,142880.28,3.0,0.0,0.0,185541.2,1,3.7376696182833684
15660679,Chimaobim,652.0,Spain,38.0,9,149571.94,1.0,1.0,0.0,118383.18,0,3.6635616461296463
15666856,Chikwendu,652.0,France,49.0,1,142767.39,1.0,1.0,1.0,8214.41,0,3.912023005428146
15687372,Padovesi,652.0,Germany,49.0,8,121537.71,2.0,1.0,0.0,46521.45,1,3.912023005428146
15667289,Henderson,652.0,Spain,50.0,2,0.0,2.0,0.0,0.0,10772.13,0,3.9318256327243257
15624641,Kharlamova,652.0,Spain,43.0,9,0.0,1.0,1.0,0.0,199290.68,1,3.784189633918261
15734610,Onio,652.0,France,42.0,4,89838.71,3.0,1.0,0.0,85983.54,1,3.7612001156935624
15631882,Yeh,652.0,Germany,45.0,9,103399.87,1.0,0.0,0.0,129870.93,0,3.828641396489095
15642709,Feng,652.0,France,30.0,9,0.0,2.0,0.0,0.0,63158.22,0,3.4339872044851463
15811026,Norman,652.0,Germany,43.0,5,136855.94,2.0,1.0,0.0,171070.52,0,3.784189633918261
15596303,White,652.0,France,39.0,0,0.0,2.0,1.0,0.0,53222.15,1,3.6888794541139363
15787255,Manfrin,652.0,Germany,55.0,2,140891.46,3.0,1.0,1.0,179834.45,1,4.02535169073515
15617166,Ritchie,652.0,France,37.0,0,0.0,1.0,1.0,0.0,114514.64,0,3.6375861597263857
15742442,Udegbulam,652.0,Spain,46.0,5,89364.91,1.0,0.0,1.0,139162.15,0,3.8501476017100584
15758692,Kao,652.0,France,29.0,7,146011.4,1.0,0.0,0.0,50249.16,0,3.4011973816621555
15568238,Diaz,652.0,Spain,20.0,8,0.0,2.0,1.0,1.0,113469.65,0,3.044522437723423
15730353,Olisaemeka,652.0,Germany,29.0,9,145294.08,2.0,1.0,0.0,147484.13,0,3.4011973816621555
15731555,Ross-Watt,652.0,Germany,45.0,9,106000.12,1.0,0.0,0.0,191448.96,1,3.828641396489095
15582404,Miller,652.0,Spain,26.0,5,0.0,2.0,1.0,0.0,119381.41,0,3.295836866004329
15721462,Shubin,652.0,Spain,58.0,2,0.0,2.0,1.0,1.0,33277.31,0,4.07753744390572
15632899,Nwankwo,652.0,Spain,20.0,9,104508.77,2.0,0.0,0.0,73107.53,0,3.044522437723423
15808526,Cartwright,652.0,Germany,58.0,3,127539.3,1.0,1.0,1.0,96590.39,1,4.07753744390572
15694349,Ngozichukwuka,652.0,Spain,44.0,7,0.0,1.0,0.0,1.0,6923.11,0,3.8066624897703196
15718465,Sadler,652.0,Germany,51.0,3,96891.46,1.0,1.0,0.0,176403.33,1,3.9512437185814275
15682995,Azuka,652.0,France,32.0,1,78535.25,1.0,1.0,0.0,64349.6,0,3.4965075614664802
15584776,Shen,652.0,Spain,37.0,9,112712.17,1.0,1.0,0.0,116097.26,0,3.6375861597263857
15777772,Whittaker,652.0,Spain,55.0,9,119618.42,1.0,1.0,1.0,29861.13,0,4.02535169073515
15576156,Abazu,652.0,Spain,28.0,6,0.0,1.0,1.0,0.0,48426.98,0,3.367295829986474
15646756,Murphy,652.0,France,33.0,8,74963.5,1.0,1.0,1.0,32770.56,0,3.5263605246161616
15742886,Ford,652.0,France,26.0,1,138023.79,2.0,0.0,1.0,117060.2,0,3.295836866004329
15586135,Gratwick,652.0,Spain,28.0,4,0.0,1.0,1.0,1.0,136197.65,0,3.367295829986474
15616152,Pai,652.0,France,47.0,1,185513.67,1.0,1.0,0.0,27438.83,0,3.8712010109078907
15721460,Lorenzo,652.0,France,60.0,8,185648.56,1.0,0.0,0.0,192156.54,1,4.110873864173311
15727317,Brady,652.0,Germany,49.0,1,102286.6,3.0,1.0,0.0,69409.37,1,3.912023005428146
15649536,Wong,652.0,Germany,38.0,4,128015.83,1.0,1.0,0.0,58440.43,0,3.6635616461296463
15754929,Douglas,652.0,France,31.0,10,39539.39,2.0,0.0,0.0,192519.39,0,3.4657359027997265
15572051,Kennedy,652.0,France,40.0,3,0.0,1.0,1.0,1.0,144874.67,0,3.713572066704308
15668142,Chang,652.0,France,37.0,3,77608.46,2.0,1.0,1.0,175373.46,0,3.6375861597263857
15701176,Brown,652.0,France,26.0,5,141462.13,1.0,1.0,0.0,440.2,0,3.295836866004329
15708422,Hsiung,652.0,Spain,35.0,0,0.0,2.0,0.0,0.0,76637.38,0,3.58351893845611
15655632,MacDonald,652.0,France,27.0,2,131691.33,1.0,1.0,0.0,49480.66,0,3.332204510175204
15744606,Davidson,652.0,Spain,29.0,8,93833.86,1.0,0.0,1.0,10417.87,0,3.4011973816621555
15612140,Milano,652.0,Spain,46.0,7,137933.39,1.0,1.0,1.0,67976.57,0,3.8501476017100584
15656086,Bovee,652.0,Spain,54.0,8,105770.14,1.0,0.0,1.0,140929.98,1,4.007333185232471
15655298,Lewis,652.0,Spain,54.0,5,0.0,2.0,0.0,1.0,47139.06,0,4.007333185232471
15644796,Dyer,652.0,Spain,38.0,8,0.0,2.0,0.0,1.0,126241.4,1,3.6635616461296463
15726250,Hsia,652.0,France,38.0,3,166328.65,2.0,0.0,1.0,22614.19,0,3.6635616461296463
15764432,Hicks,652.0,Germany,42.0,2,164307.77,1.0,1.0,0.0,48498.19,0,3.7612001156935624
15631721,Millar,652.0,Germany,38.0,9,163965.69,2.0,0.0,1.0,103511.26,0,3.6635616461296463
15707479,Fan,652.0,France,40.0,7,125608.72,1.0,1.0,0.0,122073.48,0,3.713572066704308
15579826,Young,652.0,France,62.0,9,0.0,1.0,1.0,0.0,65535.56,0,4.204692619390966
15668104,Kerr,652.0,Spain,37.0,6,118433.94,1.0,0.0,1.0,160060.9,0,3.6375861597263857
15641604,Frolova,652.0,France,55.0,10,98488.08,1.0,1.0,0.0,155879.57,1,4.02535169073515
15587240,Vasilyev,652.0,France,40.0,4,0.0,2.0,0.0,1.0,194416.58,0,3.713572066704308
15680767,Sabbatini,652.0,Germany,62.0,10,98362.35,2.0,1.0,1.0,21630.21,0,4.174387269895637
15601594,Ifeanacho,652.0,France,51.0,6,144237.91,3.5,1.0,0.0,157143.61,1,3.9512437185814275
15589969,Capon,652.0,France,34.0,6,0.0,1.0,0.0,1.0,52796.31,0,3.5553480614894135
15703728,Chieloka,652.0,Spain,47.0,4,0.0,1.0,1.0,0.0,121798.52,1,3.8712010109078907
15617790,Hanson,652.0,France,29.0,4,105767.28,2.0,0.0,0.0,41104.82,0,3.4011973816621555
15662500,Ts'ao,652.0,Spain,32.0,9,0.0,2.0,1.0,0.0,10604.48,0,3.4965075614664802
15778526,Bradshaw,652.0,Spain,48.0,5,0.0,2.0,0.0,0.0,78563.66,0,3.8918202981106265
15670584,Nkemakolam,652.0,Spain,31.0,2,0.0,1.0,1.0,1.0,170821.43,1,3.4657359027997265
15748069,Clunie,652.0,France,25.0,3,134467.26,1.0,1.0,1.0,113266.09,0,3.258096538021482
15680597,Cover,652.0,Germany,38.0,1,138515.02,1.0,1.0,1.0,171768.76,0,3.6635616461296463
15628992,Esposito,652.0,Germany,32.0,2,128647.98,2.0,0.0,0.0,54416.18,0,3.4965075614664802
15719624,Hodgson,652.0,France,38.0,9,121858.98,1.0,1.0,0.0,130755.34,0,3.6635616461296463
15812767,Harvey,652.0,Spain,62.0,3,0.0,2.0,1.0,1.0,141180.66,0,4.2626798770413155
15689201,Dobie,652.0,France,49.0,1,120108.56,1.0,0.0,1.0,183421.76,0,3.912023005428146
15614716,Okwudilichukwu,652.0,France,37.0,0,196853.62,1.0,1.0,1.0,132770.11,0,3.6375861597263857
15683618,Dyer,652.0,France,35.0,3,121418.62,1.0,1.0,1.0,24400.37,0,3.58351893845611
15799631,Chase,652.0,Spain,36.0,10,0.0,2.0,1.0,1.0,180318.6,0,3.6109179126442243
15692259,Baresi,652.0,France,29.0,9,0.0,2.0,1.0,0.0,111565.45,0,3.4011973816621555
15590966,Lo,652.0,Germany,42.0,4,97495.8,2.0,0.0,0.0,2002.5,0,3.7612001156935624
15656426,Tyler,652.0,France,42.0,3,0.0,2.0,0.0,0.0,82565.01,0,3.7612001156935624
15675256,Ts'ui,652.0,Spain,33.0,5,127343.4,1.0,0.0,1.0,121789.3,0,3.5263605246161616
15751185,Aparicio,652.0,Spain,50.0,0,158633.61,1.0,1.0,0.0,193785.87,0,3.9318256327243257
15789582,Macleod,652.0,France,55.0,9,0.0,1.0,1.0,0.0,64593.07,0,4.02535169073515
15651103,Sal,652.0,Spain,62.0,9,183744.98,1.0,1.0,1.0,196993.69,0,4.248495242049359
15672299,Yeh,652.0,France,44.0,6,0.0,2.0,1.0,1.0,175518.31,0,3.8066624897703196
15772250,Udegbunam,652.0,Spain,46.0,9,0.0,1.0,0.0,0.0,17268.02,0,3.8501476017100584
15763922,Alexandrov,652.0,France,31.0,7,79962.92,2.0,1.0,0.0,60901.72,0,3.4657359027997265
15633870,Ozioma,652.0,France,36.0,10,0.0,2.0,1.0,1.0,100750.03,0,3.6109179126442243
15624323,Atkins,652.0,France,36.0,4,0.0,2.0,1.0,1.0,195224.91,0,3.6109179126442243
15688612,Campos,652.0,France,33.0,7,140956.99,1.0,0.0,0.0,3510.18,0,3.5263605246161616
15694644,Wood,652.0,Spain,43.0,6,0.0,1.0,1.0,1.0,81250.79,0,3.784189633918261
15587174,Kerr,652.0,France,29.0,7,0.0,2.0,1.0,1.0,91844.14,1,3.4011973816621555
15579559,Chienezie,652.0,Spain,30.0,8,145241.63,1.0,1.0,1.0,80676.83,0,3.4339872044851463
15775430,Tsou,652.0,Germany,31.0,7,138008.06,2.0,1.0,0.0,129912.74,0,3.4657359027997265
15623695,McKinnon,652.0,France,31.0,4,0.0,2.0,1.0,1.0,142029.17,0,3.4657359027997265
15760849,Nwachukwu,652.0,France,39.0,2,0.0,2.0,1.0,1.0,137651.6,0,3.6888794541139363
15813095,Nwebube,652.0,France,37.0,2,0.0,2.0,1.0,0.0,33877.29,0,3.6375861597263857
15705281,Burt,652.0,Spain,38.0,9,0.0,1.0,1.0,0.0,78744.39,0,3.6635616461296463
15812594,Ross,652.0,France,34.0,7,0.0,2.0,1.0,0.0,96734.46,0,3.5553480614894135
15626322,Lees,652.0,Spain,29.0,9,127570.93,2.0,1.0,0.0,164756.81,0,3.4011973816621555
15723105,Feetham,652.0,France,28.0,6,0.0,1.0,1.0,1.0,164394.65,0,3.367295829986474
15588449,Chuang,652.0,Spain,27.0,5,107812.67,1.0,0.0,1.0,162501.83,1,3.332204510175204
15794849,Aitken,652.0,Germany,22.0,7,91560.58,2.0,0.0,0.0,10541.38,0,3.1354942159291497
15620000,Chambers,652.0,Germany,34.0,6,121303.77,2.0,1.0,1.0,59325.21,0,3.5553480614894135
15799720,Coburn,652.0,Spain,43.0,8,161546.68,2.0,0.0,1.0,178187.28,0,3.784189633918261
15711287,Ahmed,652.0,Spain,35.0,5,128415.45,1.0,1.0,0.0,142626.49,0,3.58351893845611
15613102,Ogochukwu,652.0,France,31.0,2,57530.06,1.0,1.0,1.0,181893.31,1,3.4657359027997265
15621440,Soto,652.0,France,38.0,1,0.0,2.0,0.0,1.0,156858.2,0,3.6635616461296463
15677146,Obiajulu,652.0,France,28.0,4,142243.54,2.0,1.0,0.0,33074.51,0,3.367295829986474
15801169,Yegorova,652.0,Germany,39.0,9,138341.51,1.0,1.0,0.0,50072.94,1,3.6888794541139363
15722425,Lucchese,652.0,France,32.0,9,0.0,2.0,1.0,0.0,111340.36,0,3.4965075614664802
15682421,Talbot,652.0,France,30.0,2,0.0,2.0,0.0,1.0,100496.84,1,3.4339872044851463
15691910,Lu,652.0,Spain,30.0,4,0.0,3.0,1.0,0.0,101371.05,0,3.4339872044851463
15721779,Arnold,652.0,Spain,41.0,5,146466.46,2.0,0.0,0.0,180934.67,0,3.7376696182833684
15579548,Nicholson,652.0,Spain,36.0,5,0.0,2.0,1.0,0.0,105152.17,0,3.6109179126442243
15681075,Chukwualuka,652.0,France,58.0,1,0.0,1.0,1.0,1.0,706.5,0,4.07753744390572
15607884,Wallace,652.0,France,39.0,8,0.0,2.0,1.0,1.0,101168.9,0,3.6888794541139363
15767757,Pisano,652.0,Spain,29.0,9,120307.58,1.0,1.0,1.0,6795.61,0,3.4011973816621555
15791550,Kelly,652.0,France,27.0,4,87637.26,2.0,0.0,0.0,196111.35,0,3.332204510175204
15658589,Brady,652.0,Spain,38.0,2,94652.04,1.0,1.0,1.0,171960.76,0,3.6635616461296463
15670822,Palmer,652.0,France,22.0,7,114415.84,1.0,1.0,1.0,177497.4,0,3.1354942159291497
15629744,Tan,652.0,France,62.0,8,0.0,2.0,0.0,1.0,147995.96,0,4.276666119016055
15660768,L?,652.0,France,40.0,1,84315.02,1.0,0.0,0.0,36209.1,0,3.713572066704308
15726310,Mordvinova,652.0,Spain,27.0,3,0.0,2.0,1.0,0.0,143614.01,0,3.332204510175204
15641298,Corones,652.0,Germany,42.0,9,93955.83,2.0,1.0,0.0,14828.54,0,3.7612001156935624
15625675,Clements,652.0,France,36.0,1,67087.69,1.0,1.0,0.0,154775.7,0,3.6109179126442243
15713354,Morrice,652.0,Germany,22.0,6,101528.61,1.0,1.0,0.0,70529.0,1,3.1354942159291497
15633866,Hsiung,652.0,Germany,30.0,1,110824.52,1.0,1.0,1.0,57896.27,0,3.4339872044851463
15704231,Barrett,652.0,France,33.0,8,0.0,1.0,1.0,1.0,69759.91,0,3.5263605246161616
15735400,Kanayochukwu,652.0,France,28.0,8,179960.2,1.0,1.0,0.0,89938.08,0,3.367295829986474
15632826,Tardent,652.0,France,38.0,3,134006.77,1.0,1.0,0.0,89578.32,0,3.6635616461296463
15751022,Bowhay,652.0,Germany,37.0,10,121532.17,2.0,1.0,1.0,73464.88,0,3.6375861597263857
15664737,Lei,652.0,Spain,38.0,7,0.0,2.0,1.0,1.0,138542.87,0,3.6635616461296463
15681126,Baker,652.0,Spain,38.0,2,0.0,1.0,1.0,1.0,161888.63,0,3.6635616461296463
15738954,Pisano,652.0,France,35.0,7,129717.3,2.0,0.0,0.0,86937.2,0,3.58351893845611
15662263,Castillo,652.0,Germany,22.0,4,94762.16,2.0,1.0,1.0,42241.54,0,3.1354942159291497
15621611,Gibson,652.0,Germany,55.0,5,155196.17,1.0,0.0,1.0,121207.66,1,4.02535169073515
15783752,Lindsay,652.0,Germany,29.0,4,129514.99,1.0,1.0,1.0,102930.46,0,3.4011973816621555
15709474,Macnamara,652.0,Germany,57.0,3,113386.36,2.0,1.0,1.0,65121.63,1,4.060443010546419
15701280,Romano,652.0,France,24.0,3,0.0,1.0,0.0,1.0,78498.04,1,3.2188758248682006
15671104,Aksakova,652.0,Spain,43.0,3,172196.23,1.0,1.0,1.0,104769.96,0,3.784189633918261
15796434,Farnsworth,652.0,France,28.0,5,97612.12,1.0,1.0,1.0,96498.14,0,3.367295829986474
15781505,Giordano,652.0,France,20.0,4,104719.94,2.0,1.0,0.0,38691.34,0,3.044522437723423
15625819,Arnold,652.0,France,38.0,7,0.0,1.0,1.0,0.0,164804.02,0,3.6635616461296463
15753174,Thompson,652.0,Germany,37.0,9,139592.98,3.0,1.0,0.0,104152.65,1,3.6375861597263857
15654067,Koch,652.0,Spain,29.0,4,0.0,2.0,1.0,0.0,88866.92,0,3.4011973816621555
15724719,Jones,652.0,France,22.0,7,139096.85,1.0,1.0,0.0,129890.94,0,3.1354942159291497
15624695,Otitodilinna,652.0,Spain,62.0,7,140301.72,1.0,0.0,1.0,179258.67,0,4.290459441148391
15718216,Fleetwood-Smith,652.0,Spain,43.0,3,0.0,1.0,1.0,0.0,72051.44,0,3.784189633918261
15586300,Chinonyelum,652.0,France,62.0,7,0.0,2.0,1.0,1.0,74580.8,0,4.204692619390966
15783349,Montague,652.0,Spain,39.0,1,111233.09,1.0,1.0,1.0,123995.15,0,3.6888794541139363
15725767,Milani,652.0,France,23.0,3,0.0,2.0,1.0,0.0,38960.59,0,3.1780538303479458
15791925,Palermo,652.0,France,29.0,10,147737.63,1.0,0.0,1.0,94951.27,0,3.4011973816621555
15793585,Anderson,652.0,France,35.0,8,0.0,2.0,1.0,1.0,56642.97,0,3.58351893845611
15576641,Crawford,652.0,Germany,40.0,5,125725.02,2.0,1.0,1.0,50783.1,0,3.713572066704308
15749519,Lin,652.0,France,38.0,6,128289.7,3.0,1.0,0.0,9149.96,1,3.6635616461296463
15684960,Yewen,652.0,France,46.0,5,0.0,1.0,1.0,0.0,21006.1,1,3.8501476017100584
15591286,Simmons,652.0,Germany,49.0,4,88826.07,1.0,1.0,1.0,33759.41,1,3.912023005428146
15668323,Mbadiwe,652.0,France,41.0,1,143443.61,1.0,1.0,0.0,196622.28,1,3.7376696182833684
15608528,Munro,652.0,France,62.0,9,0.0,3.5,1.0,1.0,176353.87,1,4.23410650459726
15645184,Graham,652.0,France,29.0,2,0.0,2.0,1.0,0.0,176943.59,0,3.4011973816621555
15702566,Lombardo,652.0,Spain,26.0,8,149134.46,1.0,1.0,1.0,177966.24,0,3.295836866004329
15660840,Kalinin,652.0,France,30.0,3,124119.54,1.0,1.0,0.0,162198.32,0,3.4339872044851463
15750811,Woodward,652.0,Germany,44.0,3,116822.7,1.0,0.0,0.0,197643.24,0,3.8066624897703196
15733842,Pirozzi,652.0,France,24.0,1,103219.47,1.0,1.0,0.0,60420.07,0,3.2188758248682006
15581526,Iweobiegbulam,652.0,France,41.0,1,0.0,2.0,0.0,0.0,70550.0,0,3.7376696182833684
15662751,Piazza,652.0,Germany,40.0,0,81954.6,1.0,1.0,1.0,198798.44,1,3.713572066704308
15684319,Baranova,652.0,Germany,37.0,10,95196.26,1.0,1.0,0.0,126310.39,1,3.6375861597263857
15702190,Fan,652.0,Spain,43.0,5,0.0,2.0,1.0,1.0,64515.5,0,3.784189633918261
15588517,Sun,652.0,France,38.0,7,0.0,2.0,1.0,1.0,158580.05,0,3.6635616461296463
15801863,Marino,652.0,France,32.0,2,136555.01,2.0,1.0,1.0,129353.21,0,3.4965075614664802
15584271,Donaldson,652.0,France,59.0,5,0.0,1.0,1.0,1.0,137273.97,0,4.0943445622221
15700366,Burton,652.0,France,39.0,3,119452.03,1.0,1.0,1.0,171575.54,0,3.6888794541139363
15804038,Quinn,652.0,France,44.0,9,0.0,1.0,0.0,1.0,96528.0,1,3.8066624897703196
15720820,Sabbatini,652.0,Germany,24.0,9,69881.09,2.0,0.0,1.0,64421.02,0,3.2188758248682006
15743759,Brooks,652.0,France,39.0,5,0.0,2.0,1.0,1.0,158444.61,0,3.6888794541139363
15749947,Black,652.0,France,44.0,7,0.0,2.0,1.0,1.0,66548.58,0,3.8066624897703196
15670496,Schwartz,652.0,Spain,27.0,9,0.0,2.0,0.0,0.0,108008.05,0,3.332204510175204
15746664,Ts'ui,652.0,Spain,20.0,8,204223.03,1.0,1.0,0.0,128268.39,0,3.044522437723423
15745533,Sargent,652.0,France,62.0,1,110314.21,2.0,1.0,0.0,37464.0,1,4.1588830833596715
15761497,Udinesi,652.0,Spain,48.0,1,163760.82,1.0,0.0,0.0,157381.14,1,3.8918202981106265
15628600,Lee,652.0,Germany,31.0,1,141069.18,3.0,1.0,1.0,194257.11,0,3.4657359027997265
15627002,Taylor,652.0,France,38.0,1,115934.74,1.0,1.0,1.0,139059.05,0,3.6635616461296463
15614635,Kepley,652.0,France,52.0,2,151457.88,1.0,0.0,1.0,40893.61,0,3.970291913552122
15731281,Ozuluonye,652.0,Germany,35.0,3,154206.07,2.0,1.0,1.0,40261.49,0,3.58351893845611
15814022,Lassetter,652.0,France,26.0,9,89928.99,1.0,1.0,0.0,46203.31,0,3.295836866004329
15659194,Mishina,652.0,France,30.0,8,89182.09,1.0,1.0,1.0,13126.9,0,3.4339872044851463
15745030,Trevisano,652.0,Germany,41.0,1,79706.25,2.0,1.0,0.0,165675.01,0,3.7376696182833684
15691817,Iloerika,652.0,Spain,44.0,5,0.0,3.0,0.0,0.0,5459.07,1,3.8066624897703196
15707488,Tan,652.0,France,27.0,5,0.0,2.0,1.0,0.0,131919.48,0,3.332204510175204
15784700,Chikelu,652.0,France,31.0,7,117799.28,1.0,1.0,1.0,182372.35,0,3.4657359027997265
15710397,Lin,652.0,France,26.0,4,0.0,2.0,1.0,0.0,147600.54,0,3.295836866004329
15687648,Nicholson,652.0,France,28.0,1,0.0,2.0,0.0,0.0,92865.41,0,3.367295829986474
15732281,Ugoji,652.0,Germany,34.0,6,146422.22,1.0,1.0,0.0,67142.97,1,3.5553480614894135
15607230,Michel,652.0,Germany,33.0,9,150186.22,2.0,1.0,1.0,65611.01,0,3.5263605246161616
15567630,Bruce,652.0,Germany,40.0,6,100275.88,1.0,1.0,0.0,138564.48,1,3.713572066704308
15587507,Feng,652.0,France,47.0,6,0.0,1.0,1.0,0.0,187391.02,1,3.8712010109078907
15733904,McDonald,652.0,France,32.0,9,147493.89,1.0,1.0,0.0,33656.35,0,3.4965075614664802
15709511,Watt,652.0,France,43.0,8,0.0,2.0,1.0,0.0,100618.17,0,3.784189633918261
15579616,Goodwin,652.0,France,42.0,8,0.0,2.0,0.0,1.0,198134.9,0,3.7612001156935624
15694852,Arcuri,652.0,France,29.0,4,121823.4,2.0,1.0,1.0,50368.87,0,3.4011973816621555
15589924,Rapuluolisa,652.0,Spain,40.0,1,0.0,2.0,1.0,1.0,108787.0,0,3.713572066704308
15799300,Kao,652.0,Germany,31.0,0,113688.63,1.0,1.0,0.0,33099.41,1,3.4657359027997265
15731330,Tsui,652.0,Spain,40.0,7,100471.34,1.0,1.0,1.0,124550.88,0,3.713572066704308
15694129,Summers,652.0,Germany,28.0,3,100032.52,1.0,1.0,0.0,5159.21,1,3.367295829986474
15620372,Cross,652.0,Spain,31.0,3,0.0,2.0,0.0,0.0,48228.1,0,3.4657359027997265
15744622,Osorio,652.0,France,32.0,8,116358.0,1.0,1.0,0.0,108798.36,0,3.4965075614664802
15799815,Bobrov,652.0,Germany,23.0,4,163549.63,1.0,0.0,1.0,21085.12,0,3.1780538303479458
15759250,Barnett,652.0,Germany,51.0,3,99183.9,1.0,1.0,1.0,28922.25,0,3.9512437185814275
15732643,Pike,652.0,Spain,53.0,1,131955.07,1.0,1.0,1.0,62514.65,1,3.9889840465642745
15690540,Gearheart,652.0,Spain,41.0,1,134177.06,1.0,0.0,0.0,177506.66,0,3.7376696182833684
15803078,Bruno,652.0,Spain,38.0,1,0.0,2.0,1.0,0.0,90605.05,0,3.6635616461296463
15652180,Egobudike,652.0,France,30.0,2,0.0,2.0,1.0,1.0,132029.95,0,3.4339872044851463
15741195,Okechukwu,652.0,Spain,19.0,5,0.0,1.0,1.0,1.0,176903.35,0,2.995732273553991
15743490,Zikoranachidimma,652.0,Germany,56.0,9,94348.94,1.0,1.0,0.0,29239.29,1,4.04305126783455
15575510,Milanesi,652.0,France,32.0,2,155584.21,1.0,0.0,1.0,153662.88,0,3.4965075614664802
15732610,Ahern,652.0,France,28.0,6,0.0,2.0,1.0,0.0,154389.18,0,3.367295829986474
15602909,Dickson,652.0,Spain,41.0,10,0.0,2.0,1.0,1.0,166224.39,0,3.7376696182833684
15734058,Anayochukwu,652.0,Germany,32.0,9,170661.47,1.0,1.0,1.0,21646.2,0,3.4965075614664802
15801788,McDonald,652.0,Germany,29.0,6,185544.36,1.0,1.0,0.0,171037.63,0,3.4011973816621555
15702462,Fiorentini,652.0,Spain,44.0,6,52831.13,1.0,1.0,1.0,112649.22,1,3.8066624897703196
15683416,Russo,652.0,Germany,51.0,8,97750.07,3.0,1.0,1.0,193014.26,1,3.9512437185814275
15794187,Young,652.0,France,36.0,6,114007.5,2.0,1.0,0.0,118120.88,0,3.6109179126442243
15792989,Bianchi,652.0,France,62.0,1,104308.77,1.0,1.0,1.0,25650.04,0,4.276666119016055
15613734,Fallaci,652.0,France,33.0,6,84719.13,2.0,1.0,1.0,113048.79,0,3.5263605246161616
15606177,Crawford,652.0,France,39.0,2,0.0,2.0,1.0,0.0,87372.49,0,3.6888794541139363
15636700,Marsh,652.0,France,39.0,9,140236.98,1.0,0.0,1.0,146651.99,0,3.6888794541139363
15645766,Kosisochukwu,652.0,Spain,25.0,9,0.0,2.0,1.0,1.0,8227.91,0,3.258096538021482
15671345,Piccio,652.0,Spain,42.0,6,75302.85,2.0,0.0,0.0,57034.35,0,3.7612001156935624
15652469,Nevels,652.0,France,27.0,1,0.0,2.0,1.0,0.0,93003.21,0,3.332204510175204
15749638,Kaodilinakachukwu,652.0,France,51.0,9,104760.82,1.0,1.0,1.0,165574.54,1,3.9512437185814275
15728706,Amaechi,652.0,France,49.0,7,0.0,1.0,1.0,0.0,13566.48,1,3.912023005428146
15735439,P'an,652.0,Spain,31.0,1,113693.0,1.0,0.0,0.0,82796.29,0,3.4657359027997265
15778696,Ikemefuna,652.0,Spain,36.0,5,174180.39,1.0,1.0,0.0,119830.08,0,3.6109179126442243
15624744,Tai,652.0,Germany,42.0,9,115766.26,1.0,0.0,0.0,72155.85,1,3.7612001156935624
15584338,Winn,652.0,France,40.0,0,0.0,2.0,1.0,0.0,62762.12,0,3.713572066704308
15726178,Hardy,652.0,Spain,48.0,8,0.0,2.0,1.0,0.0,183235.33,0,3.8918202981106265
15794939,Chiu,652.0,France,62.0,5,121215.9,2.0,1.0,1.0,105206.48,0,4.290459441148391
15788068,Lopez,652.0,Germany,45.0,10,144677.19,3.0,1.0,0.0,22512.44,1,3.828641396489095
15572956,Steen,652.0,France,36.0,5,115350.63,1.0,1.0,1.0,122305.91,0,3.6109179126442243
15780386,Ferri,652.0,Spain,40.0,5,105683.63,1.0,1.0,0.0,173617.09,0,3.713572066704308
15791114,Yegorova,652.0,France,37.0,1,135179.49,1.0,1.0,0.0,160670.37,0,3.6375861597263857
15708046,Knowles,652.0,Spain,31.0,0,117551.23,1.0,1.0,0.0,158958.9,0,3.4657359027997265
15719779,May,652.0,Germany,25.0,1,157404.02,2.0,1.0,0.0,93073.04,0,3.258096538021482
15591550,Bianchi,652.0,Spain,36.0,3,77910.23,1.0,1.0,0.0,67238.01,0,3.6109179126442243
15639368,Pipes,652.0,France,25.0,0,110942.9,1.0,0.0,0.0,172576.56,0,3.258096538021482
15699830,Doherty,652.0,France,40.0,7,0.0,2.0,1.0,1.0,122580.48,0,3.713572066704308
15569264,Yobanna,652.0,France,32.0,5,179305.09,1.0,1.0,1.0,149043.78,0,3.4965075614664802
15595158,Hsu,652.0,Germany,31.0,5,150593.59,2.0,1.0,1.0,105218.45,0,3.4657359027997265
15599126,Russell,652.0,France,43.0,0,123815.86,1.0,1.0,1.0,78463.99,1,3.784189633918261
15650575,Payne,652.0,Spain,59.0,6,0.0,2.0,1.0,1.0,160849.43,1,4.0943445622221
15641490,Windsor,652.0,Germany,25.0,8,69385.17,2.0,1.0,0.0,87834.24,0,3.258096538021482
15680234,Bray,652.0,Germany,27.0,2,138032.15,1.0,1.0,0.0,166317.71,0,3.332204510175204
15592230,Seleznyov,652.0,France,41.0,3,0.0,2.0,1.0,1.0,137309.06,0,3.7376696182833684
15626212,Wark,652.0,France,29.0,9,0.0,1.0,1.0,1.0,166984.44,0,3.4011973816621555
15700627,Y?,652.0,Germany,46.0,2,143500.82,1.0,1.0,0.0,166996.46,1,3.8501476017100584
15782641,Brown,652.0,Spain,29.0,3,119670.18,1.0,1.0,0.0,188022.44,0,3.4011973816621555
15784445,Huang,652.0,Spain,33.0,1,99106.73,1.0,0.0,0.0,194467.23,0,3.5263605246161616
15813681,Zito,652.0,Germany,24.0,2,120135.55,2.0,1.0,1.0,125449.47,0,3.2188758248682006
15596649,Bailey,652.0,France,39.0,8,0.0,1.0,1.0,0.0,137452.57,0,3.6888794541139363
15700460,Allnutt,652.0,France,55.0,4,120905.03,1.0,0.0,1.0,123475.88,1,4.02535169073515
15724076,Christie,652.0,Spain,57.0,5,0.0,3.0,0.0,0.0,38941.44,1,4.060443010546419
15784000,Pope,652.0,Germany,34.0,9,102277.52,1.0,0.0,0.0,177852.57,1,3.5553480614894135
15733966,Johnstone,652.0,Germany,55.0,4,125292.53,1.0,1.0,1.0,31532.96,1,4.02535169073515
15612667,Bird,652.0,Spain,42.0,0,0.0,1.0,1.0,0.0,136377.21,0,3.7612001156935624
15654025,Jones,652.0,France,51.0,4,101629.3,1.0,0.0,0.0,130541.1,0,3.9512437185814275
15589431,Pedder,652.0,Germany,47.0,1,171937.27,1.0,1.0,1.0,65636.92,0,3.8712010109078907
15578238,Calabrese,652.0,France,47.0,7,0.0,2.0,1.0,0.0,193305.35,0,3.8712010109078907
15566269,Chialuka,652.0,France,25.0,5,0.0,2.0,1.0,0.0,47307.9,0,3.258096538021482
15639217,McKenzie,652.0,France,34.0,6,0.0,2.0,0.0,0.0,100809.99,0,3.5553480614894135
15688644,Holloway,652.0,France,31.0,1,129743.75,1.0,1.0,0.0,109145.2,0,3.4657359027997265
15662426,Tang,652.0,Spain,32.0,1,0.0,1.0,0.0,1.0,91167.19,1,3.4965075614664802
15720511,Byrne,652.0,Germany,41.0,3,151191.31,1.0,1.0,0.0,175295.89,1,3.7376696182833684
15567246,Selwyn,652.0,Germany,32.0,3,102630.13,2.0,1.0,1.0,127433.47,0,3.4965075614664802
15647965,Genovese,652.0,France,57.0,9,114023.64,2.0,1.0,1.0,71167.17,1,4.060443010546419
15679048,Koger,652.0,Germany,41.0,2,124227.14,1.0,1.0,1.0,111184.67,0,3.7376696182833684
15675749,Baranov,652.0,France,23.0,1,0.0,2.0,1.0,1.0,141756.32,0,3.1780538303479458
15782181,Greco,652.0,Spain,35.0,6,80285.16,1.0,1.0,0.0,72678.75,1,3.58351893845611
15795738,Owens,652.0,France,31.0,4,175477.15,1.0,1.0,1.0,172832.9,0,3.4657359027997265
15773751,Y?,652.0,France,29.0,1,132144.35,1.0,1.0,0.0,158086.33,0,3.4011973816621555
15655436,Kendall,652.0,Germany,47.0,2,136911.07,1.0,1.0,1.0,168184.62,1,3.8712010109078907
15691396,Ko,652.0,Germany,31.0,5,133299.67,2.0,1.0,1.0,72950.14,0,3.4657359027997265
15796958,Tang,652.0,France,39.0,7,0.0,2.0,1.0,0.0,48378.4,0,3.6888794541139363
15801832,Lombardo,652.0,Germany,42.0,1,117691.0,1.0,1.0,1.0,23135.65,1,3.7612001156935624
15661349,Perkins,652.0,France,35.0,10,0.0,2.0,1.0,0.0,65675.47,0,3.58351893845611
15719265,Feng,652.0,France,46.0,9,0.0,2.0,1.0,0.0,170676.67,0,3.8501476017100584
15779985,Lo,652.0,Germany,37.0,1,133199.71,2.0,1.0,1.0,27366.77,0,3.6375861597263857
15663410,Piccio,652.0,Spain,51.0,5,135506.58,3.0,1.0,1.0,152479.64,1,3.9512437185814275
15704144,Mazzanti,652.0,Germany,33.0,2,127154.14,2.0,0.0,1.0,105383.49,0,3.5263605246161616
15774104,Chukwualuka,652.0,Spain,39.0,2,0.0,2.0,1.0,1.0,48189.94,0,3.6888794541139363
15812230,Elliot,652.0,Germany,42.0,5,49508.79,3.0,1.0,1.0,100324.01,0,3.7612001156935624
15742848,Gratton,652.0,France,41.0,5,0.0,1.0,1.0,1.0,65657.29,0,3.7376696182833684
15745326,Carandini,652.0,France,62.0,3,75051.49,1.0,0.0,0.0,17682.02,1,4.143134726391533
15674541,Robinson,652.0,Spain,52.0,8,123925.23,1.0,0.0,0.0,111342.66,1,3.970291913552122
15728564,Lo,652.0,France,41.0,6,0.0,2.0,0.0,1.0,134158.09,1,3.7376696182833684
15580701,Ma,652.0,France,33.0,3,153819.58,1.0,1.0,0.0,79176.09,1,3.5263605246161616
15688973,Vinogradova,652.0,Spain,39.0,5,0.0,2.0,1.0,1.0,83103.46,0,3.6888794541139363
15709412,H?,652.0,Spain,30.0,6,0.0,2.0,0.0,1.0,63908.86,0,3.4339872044851463
15607753,Alexandrova,652.0,Spain,23.0,10,70417.79,1.0,0.0,1.0,90896.04,0,3.1780538303479458
15705352,Yang,652.0,Spain,38.0,7,111484.88,1.0,1.0,1.0,76076.2,0,3.6635616461296463
15602500,Maslova,652.0,Spain,38.0,1,146343.98,1.0,0.0,1.0,103902.11,0,3.6635616461296463
15672437,Buccho,652.0,France,62.0,1,160541.0,2.0,1.0,1.0,142223.94,0,4.290459441148391
15720968,Young,652.0,Germany,27.0,2,130274.26,2.0,1.0,0.0,147533.09,0,3.332204510175204
15730796,Barker,652.0,France,21.0,7,98993.02,1.0,1.0,1.0,169156.64,0,3.091042453358316
15768219,Sung,652.0,Spain,36.0,0,0.0,2.0,1.0,0.0,141242.57,0,3.6109179126442243
15663883,Hansen,652.0,Germany,32.0,9,141827.33,2.0,1.0,1.0,149458.73,0,3.4965075614664802
15589296,Brown,652.0,France,40.0,6,110054.45,1.0,1.0,1.0,86950.72,0,3.713572066704308
15586425,Lo Duca,652.0,France,28.0,4,0.0,2.0,1.0,1.0,176925.69,0,3.367295829986474
15679813,Ellis,652.0,Spain,28.0,1,0.0,1.0,1.0,0.0,40357.39,0,3.367295829986474
15681410,Korff,652.0,Germany,36.0,6,98088.09,1.0,0.0,1.0,26687.22,1,3.6109179126442243
15668283,Gardiner,652.0,France,48.0,9,118317.27,3.5,0.0,0.0,78702.98,1,3.8918202981106265
15624072,Kiernan,652.0,Spain,22.0,10,0.0,2.0,1.0,0.0,176163.74,0,3.1354942159291497
15669664,Thompson,652.0,Germany,54.0,1,99774.5,1.0,0.0,0.0,4896.11,1,4.007333185232471
15682728,Mathews,652.0,France,32.0,4,0.0,2.0,0.0,0.0,114899.13,0,3.4965075614664802
15573851,Macrossan,652.0,France,38.0,1,0.0,3.0,0.0,0.0,92220.12,1,3.6635616461296463
15733661,Illingworth,652.0,Spain,27.0,8,133806.54,2.0,1.0,0.0,6251.3,0,3.332204510175204
15710012,Bowen,652.0,Spain,44.0,2,0.0,2.0,1.0,0.0,43018.82,1,3.8066624897703196
15763327,Craig,652.0,France,32.0,8,124993.29,2.0,1.0,1.0,27548.06,0,3.4965075614664802
15668853,Menhennitt,652.0,Spain,44.0,0,157622.58,1.0,1.0,1.0,120454.2,0,3.8066624897703196
15639303,Moore,652.0,Germany,48.0,5,126111.61,1.0,0.0,1.0,133961.19,0,3.8918202981106265
15691011,Shoebridge,652.0,France,42.0,9,161651.37,2.0,1.0,1.0,131753.97,0,3.7612001156935624
15638513,Palermo,652.0,France,40.0,7,142856.95,2.0,0.0,0.0,38019.74,0,3.713572066704308
15648933,Reilly,652.0,Germany,44.0,3,111100.98,1.0,1.0,1.0,28144.07,1,3.8066624897703196
15628904,Bowen,652.0,Spain,35.0,8,102918.38,1.0,1.0,1.0,45959.86,0,3.58351893845611
15644788,Fyodorov,652.0,France,30.0,5,0.0,2.0,1.0,0.0,189528.72,0,3.4339872044851463
15598161,Clements,652.0,France,47.0,10,0.0,2.0,1.0,0.0,170481.98,0,3.8712010109078907
15745624,McKenzie,652.0,France,37.0,4,0.0,2.0,1.0,0.0,94845.45,0,3.6375861597263857
15733169,Craig,652.0,Spain,22.0,7,125265.61,1.0,1.0,1.0,161253.08,0,3.1354942159291497
15801417,Iloerika,652.0,France,37.0,4,82500.28,1.0,1.0,1.0,115260.72,0,3.6375861597263857
15592707,Dolgorukova,652.0,Germany,62.0,2,175754.87,2.0,1.0,1.0,60721.4,0,4.174387269895637
15593954,Eva,652.0,France,47.0,6,109387.33,1.0,0.0,0.0,121365.45,0,3.8712010109078907
15714431,Yeh,652.0,France,37.0,1,100443.36,2.0,0.0,1.0,101693.73,0,3.6375861597263857
15638257,P'an,652.0,Spain,54.0,0,83102.72,2.0,1.0,1.0,54132.93,0,4.007333185232471
15690939,Howe,652.0,Spain,28.0,7,0.0,1.0,1.0,1.0,10666.05,0,3.367295829986474
15723613,Jenkins,652.0,France,28.0,4,0.0,2.0,1.0,0.0,41227.67,0,3.367295829986474
15813640,Shih,652.0,France,40.0,7,0.0,2.0,1.0,0.0,10712.82,0,3.713572066704308
15707322,Nnamdi,652.0,France,48.0,2,115290.27,1.0,0.0,0.0,98912.69,1,3.8918202981106265
15588918,Mitchell,652.0,France,42.0,6,0.0,2.0,1.0,0.0,197202.48,0,3.7612001156935624
15600357,Findlay,652.0,France,40.0,1,140197.71,2.0,1.0,0.0,150720.39,0,3.713572066704308
15747014,Pisani,652.0,France,28.0,1,105245.34,1.0,0.0,1.0,74780.13,0,3.367295829986474
15809830,Belisario,652.0,France,50.0,8,0.0,2.0,0.0,1.0,79377.45,0,3.9318256327243257
15662245,Pomeroy,652.0,France,32.0,1,0.0,2.0,1.0,1.0,8763.87,0,3.4965075614664802
15651075,Ibrahimova,652.0,Germany,35.0,3,142296.13,1.0,0.0,1.0,177112.7,0,3.58351893845611
15594456,K?,652.0,Spain,56.0,4,99097.33,1.0,1.0,1.0,85016.64,1,4.04305126783455
15583462,Graham,652.0,France,28.0,5,171069.39,2.0,1.0,1.0,88689.4,0,3.367295829986474
15757661,Trevisano,652.0,France,39.0,7,0.0,2.0,0.0,0.0,95985.64,0,3.6888794541139363
15729117,Trevisano,652.0,France,31.0,1,102523.88,1.0,1.0,1.0,166792.71,0,3.4657359027997265
15749671,K?,652.0,France,35.0,6,0.0,2.0,1.0,1.0,68730.91,0,3.58351893845611
15566253,Manning,652.0,Germany,44.0,9,143391.07,1.0,0.0,0.0,146891.07,1,3.8066624897703196
15595153,Tucker,652.0,Germany,44.0,8,106022.73,2.0,0.0,0.0,148727.42,0,3.8066624897703196
15698572,Schaffer,652.0,Spain,36.0,1,0.0,1.0,1.0,0.0,43134.58,0,3.6109179126442243
15674149,Esomchi,652.0,Germany,36.0,3,128960.21,2.0,1.0,1.0,40318.33,0,3.6109179126442243
15623082,Ch'ang,652.0,France,35.0,2,0.0,2.0,1.0,0.0,97633.93,0,3.58351893845611
15797905,Walker,652.0,France,48.0,7,0.0,2.0,1.0,0.0,65069.03,0,3.8918202981106265
15746028,Chu,652.0,France,24.0,7,0.0,2.0,1.0,0.0,166335.0,0,3.2188758248682006
15582951,Crawford,652.0,France,25.0,8,126442.59,1.0,1.0,0.0,121904.44,0,3.258096538021482
15616471,Milne,652.0,Spain,51.0,0,0.0,1.0,1.0,1.0,175235.99,0,3.9512437185814275
15641575,Anenechukwu,652.0,France,37.0,2,127261.35,1.0,1.0,0.0,56185.05,0,3.6375861597263857
15638803,Donaldson,652.0,Spain,32.0,5,0.0,2.0,1.0,0.0,131625.14,0,3.4965075614664802
15808283,Kelly,652.0,France,33.0,4,0.0,1.0,1.0,0.0,152323.04,0,3.5263605246161616
15811200,Ts'ao,652.0,France,34.0,2,0.0,2.0,0.0,0.0,165840.94,0,3.5553480614894135
15733476,Gonzalez,652.0,Germany,30.0,6,73481.05,1.0,1.0,1.0,176692.65,0,3.4339872044851463
15633274,Tai,652.0,France,34.0,7,160515.37,1.0,1.0,0.0,121904.14,0,3.5553480614894135
15582168,Muravyova,652.0,Germany,61.0,4,149525.34,2.0,1.0,0.0,123663.63,0,4.127134385045092
15807269,Milanesi,652.0,Germany,43.0,2,166522.78,1.0,0.0,0.0,119644.59,1,3.784189633918261
15602979,Lin,652.0,France,29.0,1,135536.5,1.0,1.0,0.0,66825.33,0,3.4011973816621555
15660417,Lambert,652.0,Germany,43.0,10,120481.69,1.0,0.0,0.0,94875.03,1,3.784189633918261
15590199,Temple,652.0,Spain,28.0,1,103421.32,1.0,0.0,1.0,76304.73,0,3.367295829986474
15641794,Ridley,652.0,France,33.0,5,135658.73,2.0,0.0,1.0,39755.0,0,3.5263605246161616
15779174,Young,652.0,France,36.0,2,0.0,2.0,1.0,1.0,180142.42,0,3.6109179126442243
15785547,Slye,652.0,France,28.0,8,191402.82,2.0,1.0,0.0,83238.4,0,3.367295829986474
15795124,Pan,652.0,Germany,50.0,9,94504.35,1.0,0.0,1.0,5078.9,0,3.9318256327243257
15718912,Hsueh,652.0,Germany,44.0,5,126147.84,1.0,0.0,1.0,132424.69,1,3.8066624897703196
15592028,Roberts,652.0,France,46.0,7,0.0,1.0,1.0,1.0,109057.56,0,3.8501476017100584
15580227,Moss,652.0,France,33.0,6,0.0,2.0,1.0,0.0,115676.61,0,3.5263605246161616
15657830,Andrews,652.0,France,43.0,4,87624.03,2.0,1.0,0.0,149401.33,0,3.784189633918261
15798256,Takasuka,652.0,France,45.0,1,153697.53,2.0,0.0,0.0,89891.4,1,3.828641396489095
15643819,Dawson,652.0,France,25.0,4,0.0,2.0,0.0,0.0,82500.84,0,3.258096538021482
15754301,Bruche,652.0,France,39.0,5,0.0,1.0,1.0,0.0,6416.92,0,3.6888794541139363
15726855,Oliver,652.0,Germany,45.0,9,116585.97,1.0,1.0,0.0,189428.75,1,3.828641396489095
15755225,Ryan,652.0,Germany,34.0,9,134464.58,2.0,1.0,0.0,178833.34,0,3.5553480614894135
15725221,Sabbatini,652.0,Germany,62.0,10,83008.31,1.0,1.0,1.0,42766.03,0,4.143134726391533
15789055,Watt,652.0,Spain,35.0,2,113635.16,1.0,1.0,0.0,90883.12,0,3.58351893845611
15617507,Wilson,652.0,Spain,36.0,7,0.0,2.0,1.0,0.0,80619.09,0,3.6109179126442243
15668894,Abramova,652.0,Germany,41.0,5,122552.48,2.0,0.0,1.0,120646.4,0,3.7376696182833684
15589563,Purdy,652.0,Spain,31.0,2,118899.45,2.0,0.0,0.0,41409.36,0,3.4657359027997265
15693162,Higgins,652.0,France,29.0,5,99713.87,1.0,0.0,0.0,112317.89,0,3.4011973816621555
15750099,Marshall,652.0,France,36.0,6,0.0,1.0,0.0,0.0,152128.36,0,3.6109179126442243
15795540,Reye,652.0,France,36.0,2,134208.22,1.0,0.0,1.0,177670.57,0,3.6109179126442243
15794941,Chibueze,652.0,Germany,41.0,1,85906.65,3.0,1.0,0.0,189159.97,0,3.7376696182833684
15611848,Kwemtochukwu,652.0,Germany,32.0,3,137714.25,1.0,0.0,1.0,159403.68,0,3.4965075614664802
15581237,Biryukova,652.0,Spain,33.0,1,160777.9,1.0,1.0,1.0,149536.15,0,3.5263605246161616
15738150,Chidozie,652.0,France,45.0,5,0.0,2.0,1.0,1.0,155492.87,0,3.828641396489095
15678571,Barber,652.0,France,21.0,4,0.0,2.0,0.0,0.0,24847.02,0,3.091042453358316
15736124,Thompson,652.0,France,25.0,1,102585.88,2.0,1.0,1.0,115387.4,0,3.258096538021482
15623202,Maslov,652.0,Germany,39.0,10,102556.18,2.0,1.0,0.0,171971.25,1,3.6888794541139363
15804201,Jones,652.0,Germany,42.0,4,126772.57,1.0,0.0,1.0,126106.4,0,3.7612001156935624
15596863,Chidumaga,652.0,Germany,38.0,3,158373.23,1.0,1.0,1.0,28228.35,0,3.6635616461296463
15696277,Hs?,652.0,France,34.0,9,0.0,2.0,1.0,0.0,138113.71,0,3.5553480614894135
15748608,Trentini,652.0,Germany,42.0,5,141927.1,1.0,1.0,1.0,43018.98,0,3.7612001156935624
15723864,Lucas,652.0,Spain,47.0,1,109876.82,2.0,1.0,0.0,83611.45,1,3.8712010109078907
15802390,Willoughby,652.0,France,34.0,2,0.0,2.0,1.0,1.0,118863.38,0,3.5553480614894135
15774336,Jamieson,652.0,Germany,44.0,9,111369.79,2.0,1.0,1.0,91947.74,0,3.8066624897703196
15648766,Robertson,652.0,Spain,35.0,3,116969.35,1.0,0.0,0.0,94488.82,0,3.58351893845611
15659094,Ojiofor,652.0,Germany,34.0,8,136729.51,2.0,0.0,0.0,47058.21,0,3.5553480614894135
15606397,Cameron,652.0,Germany,44.0,1,152086.15,1.0,0.0,1.0,44719.5,1,3.8066624897703196
15642619,Mayne,652.0,Spain,46.0,2,0.0,2.0,1.0,0.0,174478.54,0,3.8501476017100584
15666032,Mancini,652.0,Spain,28.0,1,127289.28,1.0,0.0,0.0,45611.51,0,3.367295829986474
15595842,Paramor,652.0,Germany,45.0,2,119852.01,1.0,0.0,0.0,73853.94,1,3.828641396489095
15753837,Young,652.0,Spain,38.0,4,0.0,2.0,1.0,1.0,196517.43,0,3.6635616461296463
15783882,Daly,652.0,Spain,41.0,5,0.0,2.0,0.0,1.0,92914.67,0,3.7376696182833684
15799790,Carter,652.0,France,35.0,9,0.0,1.0,1.0,1.0,31372.91,0,3.58351893845611
15628155,Dike,652.0,France,35.0,7,117183.74,1.0,1.0,1.0,109733.73,0,3.58351893845611
15703778,Hughes,652.0,France,33.0,8,129907.63,1.0,0.0,1.0,36083.96,0,3.5263605246161616
15722322,Green,652.0,Spain,62.0,2,0.0,2.0,0.0,1.0,188435.38,0,4.3694478524670215
15639278,Chinomso,652.0,Germany,36.0,6,145387.32,2.0,1.0,1.0,169963.2,1,3.6109179126442243
15568487,Gorshkov,652.0,France,35.0,7,124616.23,1.0,1.0,1.0,69320.97,0,3.58351893845611
15682084,Chinomso,652.0,France,31.0,9,0.0,2.0,1.0,0.0,36145.53,0,3.4657359027997265
15642821,Ijendu,652.0,Spain,48.0,8,95808.19,1.0,0.0,0.0,137702.01,1,3.8918202981106265
15601387,Yen,652.0,France,35.0,10,0.0,2.0,1.0,0.0,71594.26,0,3.58351893845611
15642515,Arcuri,652.0,France,42.0,1,0.0,2.0,0.0,1.0,65565.92,0,3.7612001156935624
15710421,Baresi,652.0,Spain,36.0,8,117152.3,1.0,0.0,0.0,101828.39,0,3.6109179126442243
15726774,Field,652.0,France,35.0,3,106250.72,1.0,0.0,0.0,39546.32,0,3.58351893845611
15649078,Christian,652.0,Germany,27.0,8,111837.78,2.0,1.0,1.0,110805.79,0,3.332204510175204
15641877,Ross,652.0,France,47.0,9,97023.21,1.0,1.0,1.0,2168.13,0,3.8712010109078907
15796496,Trevisani,652.0,France,31.0,8,137687.72,1.0,1.0,0.0,190067.12,0,3.4657359027997265
15815690,Akabueze,652.0,Spain,40.0,3,113348.5,1.0,1.0,1.0,77789.01,0,3.713572066704308
15631739,Dunn,652.0,Spain,24.0,10,122109.78,1.0,1.0,1.0,127654.37,0,3.2188758248682006
15625584,Martin,652.0,France,32.0,2,120452.4,2.0,0.0,0.0,79602.86,0,3.4965075614664802
15802466,Donaldson,652.0,France,53.0,7,0.0,2.0,1.0,1.0,80619.17,0,3.9889840465642745
15697028,McClinton,652.0,Spain,34.0,0,65812.35,2.0,0.0,1.0,160346.3,0,3.5553480614894135
15575759,Bentley,652.0,Spain,40.0,3,54428.37,1.0,1.0,0.0,109638.78,1,3.713572066704308
15567442,Ibezimako,652.0,France,62.0,3,0.0,2.0,1.0,1.0,1276.87,0,4.330733340286331
15746805,Thomson,652.0,France,33.0,9,0.0,2.0,1.0,0.0,49374.82,0,3.5263605246161616
15636330,Ch'in,652.0,Germany,48.0,1,143279.58,2.0,1.0,0.0,31580.8,1,3.8918202981106265
15714970,Holbrook,652.0,Germany,32.0,0,103846.65,1.0,1.0,0.0,20560.69,0,3.4965075614664802
15653784,Solomina,652.0,France,37.0,2,125190.86,1.0,0.0,1.0,84584.69,0,3.6375861597263857
15693543,McDonald,652.0,France,33.0,8,0.0,2.0,0.0,1.0,15246.83,0,3.5263605246161616
15773283,Dennis,652.0,France,62.0,6,38340.02,1.0,1.0,0.0,32607.77,1,4.189654742026425
15742534,Faulk,652.0,Germany,28.0,2,123802.98,2.0,1.0,1.0,155846.69,0,3.367295829986474
15569878,Dale,652.0,France,37.0,3,96651.03,1.0,1.0,1.0,3232.82,0,3.6375861597263857
15729454,Gorbunov,652.0,France,33.0,8,0.0,2.0,1.0,0.0,177668.55,0,3.5263605246161616
15578375,Farrell,652.0,France,39.0,6,0.0,2.0,0.0,0.0,134441.6,0,3.6888794541139363
15785559,De Luca,652.0,France,43.0,1,133237.21,1.0,1.0,0.0,111032.79,1,3.784189633918261
15649414,Walker,652.0,France,61.0,6,142105.35,1.0,1.0,1.0,45214.04,0,4.127134385045092
15701605,Forster,652.0,France,37.0,1,166115.42,1.0,1.0,0.0,67208.3,0,3.6375861597263857
15686696,Brown,652.0,France,37.0,6,81070.34,2.0,1.0,0.0,80985.88,0,3.6375861597263857
15625586,Monaldo,652.0,France,35.0,4,0.0,1.0,1.0,1.0,167573.06,0,3.58351893845611
15654975,Wu,652.0,France,53.0,0,123835.52,2.0,0.0,1.0,160110.65,0,3.9889840465642745
15782993,Pan,652.0,France,51.0,10,123401.43,2.0,1.0,1.0,127825.25,0,3.9512437185814275
15774382,Longo,652.0,Germany,49.0,4,169377.31,1.0,1.0,1.0,123535.05,0,3.912023005428146
15689602,Findlay,652.0,France,38.0,2,130015.24,1.0,1.0,1.0,41595.3,0,3.6635616461296463
15756155,Fu,652.0,France,32.0,4,0.0,2.0,0.0,1.0,97628.08,0,3.4965075614664802
15812647,Yin,652.0,France,34.0,8,133936.04,2.0,1.0,0.0,91359.79,0,3.5553480614894135
15736043,Hamilton,652.0,France,34.0,6,114543.27,1.0,1.0,1.0,97755.29,0,3.5553480614894135
15696744,Miller,652.0,France,31.0,3,119794.67,1.0,0.0,0.0,182528.44,0,3.4657359027997265
15602572,Hsing,652.0,France,33.0,9,0.0,2.0,1.0,1.0,142956.48,0,3.5263605246161616
15674765,Mitchell,652.0,Spain,44.0,4,0.0,1.0,1.0,0.0,10789.3,0,3.8066624897703196
15678725,Chamberlin,652.0,France,29.0,8,0.0,2.0,0.0,1.0,130461.09,0,3.4011973816621555
15694444,Buttenshaw,652.0,Germany,32.0,8,157138.99,3.0,1.0,0.0,190994.48,1,3.4965075614664802
15795878,Anayochukwu,652.0,Spain,45.0,3,0.0,2.0,1.0,1.0,159463.8,0,3.828641396489095
15735346,Wallace,652.0,Germany,41.0,10,136733.24,1.0,1.0,1.0,57589.29,0,3.7376696182833684
15687094,Calabresi,652.0,Germany,28.0,9,82498.14,2.0,0.0,0.0,40437.67,0,3.367295829986474
15790067,Sun,652.0,Spain,39.0,3,151914.93,1.0,0.0,0.0,56459.45,0,3.6888794541139363
15605742,Tuan,652.0,France,43.0,0,80090.93,1.0,1.0,0.0,39920.0,1,3.784189633918261
15566740,Nazarova,652.0,Spain,51.0,3,83739.32,1.0,0.0,1.0,148798.45,0,3.9512437185814275
15664897,Bryant,652.0,France,35.0,2,181166.44,1.0,1.0,1.0,63737.19,1,3.58351893845611
15585777,Pai,652.0,France,38.0,3,130588.82,1.0,1.0,1.0,154997.64,0,3.6635616461296463
15650864,Power,652.0,France,42.0,6,0.0,2.0,1.0,0.0,34777.23,0,3.7612001156935624
15806709,Hao,652.0,Germany,33.0,6,94126.67,1.0,0.0,0.0,93718.16,0,3.5263605246161616
15633818,McMillan,652.0,France,32.0,9,0.0,2.0,1.0,0.0,133112.41,0,3.4965075614664802
15713845,Merrett,652.0,France,38.0,7,148045.68,1.0,1.0,0.0,175479.92,1,3.6635616461296463
15639662,Phillips,652.0,France,38.0,2,0.0,2.0,1.0,0.0,96.27,0,3.6635616461296463
15567013,De Luca,652.0,Spain,33.0,3,0.0,2.0,1.0,0.0,30804.68,0,3.5263605246161616
15777784,Tu,652.0,France,44.0,6,168165.84,1.0,0.0,1.0,197193.49,0,3.8066624897703196
15800251,Elder,652.0,Germany,26.0,10,72835.56,2.0,1.0,0.0,96792.15,0,3.295836866004329
15651315,Dilke,652.0,France,41.0,3,0.0,2.0,1.0,0.0,132719.8,0,3.7376696182833684
15651450,Panicucci,652.0,Germany,31.0,3,123212.08,2.0,1.0,1.0,112157.31,0,3.4657359027997265
15784218,Mason,652.0,Spain,38.0,0,0.0,2.0,1.0,1.0,38015.34,0,3.6635616461296463
15572398,Townsend,652.0,Spain,39.0,6,0.0,2.0,1.0,1.0,164018.98,0,3.6888794541139363
15707962,Gunson,652.0,France,40.0,6,119501.88,2.0,1.0,0.0,46774.94,0,3.713572066704308
15705663,Milano,652.0,Germany,39.0,5,144550.83,2.0,1.0,1.0,189664.43,0,3.6888794541139363
15645355,Macleod,652.0,Germany,34.0,3,126729.41,1.0,1.0,1.0,26106.39,1,3.5553480614894135
15729557,Olisaemeka,652.0,Germany,36.0,5,119984.07,1.0,1.0,0.0,191535.11,1,3.6109179126442243
15631436,Gleeson,652.0,France,35.0,4,0.0,1.0,1.0,0.0,158937.55,0,3.58351893845611
15583073,Martin,652.0,Spain,56.0,2,0.0,1.0,1.0,1.0,25222.6,1,4.04305126783455
15614361,Liao,652.0,Spain,42.0,9,121490.05,1.0,1.0,1.0,29296.74,0,3.7612001156935624
15724684,Sung,652.0,Spain,46.0,5,91897.8,1.0,1.0,0.0,54394.28,0,3.8501476017100584
15700083,Lai,652.0,Spain,39.0,2,139443.75,2.0,1.0,0.0,9234.06,0,3.6888794541139363
15636541,Cartwright,652.0,Germany,35.0,5,144961.97,1.0,0.0,1.0,26796.73,0,3.58351893845611
15796015,Wu,652.0,Germany,42.0,3,126041.02,1.0,0.0,1.0,11796.89,0,3.7612001156935624
15787222,Ch'in,652.0,Germany,28.0,1,69459.05,2.0,1.0,1.0,128461.29,0,3.367295829986474
15594270,Biryukov,652.0,France,38.0,7,198338.77,2.0,1.0,1.0,14278.18,0,3.6635616461296463
15701524,Ting,652.0,France,36.0,0,0.0,2.0,1.0,0.0,46811.77,0,3.6109179126442243
15645847,P'eng,652.0,Germany,35.0,2,109196.66,3.0,1.0,0.0,109393.19,1,3.58351893845611
15708867,Niu,652.0,Spain,38.0,3,134168.5,3.0,1.0,0.0,3966.5,1,3.6635616461296463
15613140,Mellor,652.0,France,34.0,6,0.0,1.0,1.0,1.0,63173.64,0,3.5553480614894135
15628893,Power,652.0,France,29.0,8,0.0,1.0,1.0,0.0,66367.33,0,3.4011973816621555
15764073,Arcuri,652.0,Spain,36.0,9,0.0,2.0,1.0,1.0,16274.67,0,3.6109179126442243
15782879,Lang,652.0,France,40.0,2,0.0,2.0,1.0,1.0,180553.48,0,3.713572066704308
15635964,Eve,652.0,Germany,62.0,4,120100.41,1.0,1.0,0.0,107563.16,1,4.189654742026425
15726087,Ch'in,652.0,France,62.0,5,0.0,1.0,1.0,1.0,100941.57,0,4.143134726391533
15726313,Napolitani,652.0,Spain,50.0,5,0.0,2.0,1.0,0.0,110230.4,0,3.9318256327243257
15578073,Barker,652.0,Spain,22.0,8,0.0,2.0,0.0,0.0,142331.85,0,3.1354942159291497
15786249,Whitfield,652.0,Spain,30.0,2,0.0,2.0,1.0,0.0,199099.51,0,3.4339872044851463
15812850,Stradford,652.0,Spain,62.0,5,0.0,2.0,1.0,1.0,85890.16,0,4.219507705176107
15596972,Brownlow,652.0,France,38.0,3,0.0,1.0,0.0,0.0,143938.27,0,3.6635616461296463
15620579,Dunn,652.0,Spain,31.0,8,0.0,2.0,0.0,1.0,131644.41,0,3.4657359027997265
15768270,DeRose,652.0,Spain,31.0,9,0.0,2.0,1.0,0.0,112395.98,0,3.4657359027997265
15656597,Wang,652.0,Germany,38.0,2,135559.8,2.0,1.0,1.0,71856.3,0,3.6635616461296463
15699446,Hobbs,652.0,Germany,25.0,2,150355.35,2.0,1.0,1.0,35770.84,0,3.258096538021482
15615004,Anderson,652.0,France,37.0,1,0.0,2.0,1.0,1.0,124364.63,0,3.6375861597263857
15704771,Ugochukwu,652.0,France,35.0,6,133489.12,2.0,1.0,1.0,78101.29,0,3.58351893845611
15588372,Kirsova,652.0,Germany,37.0,9,105489.31,1.0,0.0,0.0,143096.49,1,3.6375861597263857
15681439,Tsou,652.0,Germany,25.0,10,60205.2,2.0,1.0,0.0,14073.11,0,3.258096538021482
15607509,Ozerova,652.0,France,38.0,5,0.0,2.0,1.0,0.0,47388.41,0,3.6635616461296463
15670343,Li,652.0,Spain,19.0,6,0.0,2.0,0.0,0.0,72306.07,0,2.995732273553991
15597968,Fyans,652.0,Spain,50.0,7,0.0,1.0,1.0,0.0,184839.7,1,3.9318256327243257
15658432,Freeman,652.0,France,40.0,6,0.0,1.0,1.0,1.0,47886.44,0,3.713572066704308
15616431,Chiu,652.0,France,33.0,4,0.0,1.0,0.0,1.0,130474.03,0,3.5263605246161616
15796957,Iadanza,652.0,Spain,35.0,9,0.0,3.0,0.0,1.0,73181.39,1,3.58351893845611
15815552,Ferguson,652.0,France,42.0,6,112333.63,1.0,1.0,1.0,65706.86,0,3.7612001156935624
15631871,Kelly,652.0,Germany,57.0,7,116936.81,1.0,1.0,1.0,104379.36,0,4.060443010546419
15635870,She,652.0,Germany,50.0,5,117721.02,1.0,0.0,1.0,192146.63,1,3.9318256327243257
15596713,Christie,652.0,France,37.0,7,165896.22,2.0,1.0,1.0,66977.68,0,3.6375861597263857
15684211,Creel,652.0,Spain,44.0,9,153656.85,1.0,1.0,0.0,158742.81,0,3.8066624897703196
15760521,Thompson,652.0,France,50.0,1,94164.0,1.0,1.0,1.0,189414.74,0,3.9318256327243257
15608408,Lazareva,652.0,Spain,39.0,1,0.0,2.0,1.0,0.0,159130.32,0,3.6888794541139363
15804721,Boni,652.0,France,49.0,0,191808.73,1.0,0.0,0.0,97640.2,0,3.912023005428146
15730272,Evseev,652.0,France,58.0,5,152199.33,1.0,1.0,1.0,86022.09,0,4.07753744390572
15741988,Marino,652.0,Germany,52.0,8,125396.24,1.0,1.0,0.0,10014.72,1,3.970291913552122
15771728,Mackenzie,652.0,Germany,41.0,7,104405.54,3.0,1.0,0.0,17384.21,0,3.7376696182833684
15605113,Sutherland,652.0,France,27.0,1,133801.49,1.0,1.0,1.0,143315.57,0,3.332204510175204
15661945,Nicolay,652.0,Spain,40.0,4,0.0,3.0,1.0,0.0,31669.18,0,3.713572066704308
15783816,Lori,652.0,France,28.0,5,0.0,2.0,0.0,0.0,12761.16,0,3.367295829986474
15721207,Piazza,652.0,Germany,42.0,6,100047.33,1.0,1.0,0.0,93429.95,0,3.7612001156935624
15764072,Somerville,652.0,France,31.0,1,109848.6,1.0,1.0,1.0,42012.55,0,3.4657359027997265
15689412,Christie,652.0,France,32.0,7,127849.38,1.0,1.0,0.0,15798.7,0,3.4965075614664802
15798385,Grave,652.0,Spain,46.0,3,0.0,2.0,1.0,1.0,56408.14,0,3.8501476017100584
15775339,Lori,652.0,France,29.0,8,95947.76,1.0,1.0,0.0,4696.44,0,3.4011973816621555
15585256,Iloerika,652.0,Spain,26.0,2,0.0,2.0,1.0,1.0,25042.1,0,3.295836866004329
15797329,Muir,652.0,France,43.0,4,137638.69,1.0,1.0,0.0,130442.08,1,3.784189633918261
15780220,Pauley,652.0,France,38.0,10,0.0,1.0,1.0,1.0,136521.82,0,3.6635616461296463
15648951,Kao,652.0,Spain,41.0,7,0.0,2.0,1.0,1.0,199108.88,0,3.7376696182833684
15752409,Grant,652.0,France,31.0,6,0.0,2.0,0.0,0.0,124596.63,0,3.4657359027997265
15807524,Chukwuma,652.0,France,44.0,4,0.0,2.0,0.0,0.0,134394.78,0,3.8066624897703196
15766649,Vincent,652.0,France,38.0,10,89416.99,1.0,0.0,0.0,144275.39,0,3.6635616461296463
15696812,Lazareva,652.0,Spain,42.0,6,0.0,2.0,1.0,1.0,123410.23,0,3.7612001156935624
15581295,Ch'ien,652.0,Spain,45.0,1,0.0,1.0,1.0,0.0,143298.06,0,3.828641396489095
15663234,Bishop,652.0,France,60.0,7,143262.04,1.0,1.0,1.0,129562.74,0,4.110873864173311
15741417,Chibuzo,652.0,Spain,35.0,7,119656.45,2.0,1.0,1.0,4595.05,0,3.58351893845611
15695174,Chang,652.0,France,29.0,4,132954.64,1.0,1.0,1.0,146715.07,0,3.4011973816621555
15665168,Calabrese,652.0,Germany,44.0,3,105206.7,2.0,1.0,1.0,163558.36,0,3.8066624897703196
15601503,Tokaryev,652.0,Spain,28.0,4,0.0,2.0,0.0,0.0,6947.09,0,3.367295829986474
15706131,Logan,652.0,Spain,37.0,9,83061.26,2.0,1.0,0.0,9170.54,0,3.6375861597263857
15782758,Ozerova,652.0,France,40.0,5,147650.68,1.0,1.0,1.0,199674.83,0,3.713572066704308
15591091,Goering,652.0,France,44.0,5,73348.56,1.0,1.0,0.0,157166.79,1,3.8066624897703196
15715877,Lo,652.0,France,28.0,2,0.0,2.0,1.0,0.0,46072.52,0,3.367295829986474
15756918,Simmons,652.0,France,38.0,2,0.0,2.0,0.0,0.0,3524.69,0,3.6635616461296463
15746662,Maduabuchim,652.0,Spain,27.0,1,116320.68,1.0,0.0,1.0,45563.94,0,3.332204510175204
15626679,Linger,652.0,France,33.0,3,0.0,2.0,0.0,1.0,59103.13,0,3.5263605246161616
15793343,Yeh,652.0,France,29.0,8,0.0,2.0,1.0,1.0,189558.44,0,3.4011973816621555
15576774,Stevenson,652.0,France,38.0,7,0.0,2.0,0.0,0.0,45779.9,0,3.6635616461296463
15801316,Ifeatu,652.0,France,61.0,8,66250.71,1.0,1.0,1.0,21859.06,0,4.127134385045092
15800514,Kenechukwu,652.0,Germany,24.0,2,95675.62,2.0,0.0,0.0,162699.7,1,3.2188758248682006
15662232,Learmonth,652.0,Germany,42.0,2,92616.64,2.0,1.0,0.0,8567.18,0,3.7612001156935624
15737778,Dickson,652.0,Spain,41.0,4,0.0,1.0,1.0,0.0,132943.88,0,3.7376696182833684
15782096,Volkova,652.0,Spain,36.0,6,0.0,1.0,1.0,1.0,12916.32,1,3.6109179126442243
15783522,Mitchell,652.0,Spain,37.0,8,100565.94,1.0,1.0,1.0,128799.86,0,3.6375861597263857
15785373,Wong,652.0,Spain,42.0,5,190305.78,1.0,1.0,0.0,99347.8,1,3.7612001156935624
15756272,James,652.0,Germany,35.0,9,118536.4,1.0,1.0,0.0,40980.87,1,3.58351893845611
15615245,Shao,652.0,France,19.0,5,127649.64,1.0,1.0,1.0,40368.65,0,2.995732273553991
15600174,Walton,652.0,France,35.0,7,165358.77,1.0,0.0,1.0,94738.54,0,3.58351893845611
15752956,Stanley,652.0,Spain,29.0,6,0.0,2.0,1.0,1.0,88842.8,0,3.4011973816621555
15644882,Watson,652.0,Germany,36.0,10,78249.53,1.0,1.0,0.0,136934.91,0,3.6109179126442243
15766272,Folliero,652.0,Germany,61.0,0,125193.96,1.0,1.0,1.0,109356.53,0,4.127134385045092
15800620,Fitzgerald,652.0,France,29.0,9,0.0,2.0,0.0,0.0,199635.93,0,3.4011973816621555
15569764,Garner,652.0,Germany,41.0,2,154007.21,1.0,1.0,0.0,158408.23,0,3.7376696182833684
15747458,Folliero,652.0,Spain,43.0,3,133214.88,2.0,1.0,1.0,95936.84,0,3.784189633918261
15573171,Liao,652.0,Spain,62.0,1,146202.93,1.0,1.0,1.0,126688.83,1,4.1588830833596715
15736769,Lucchesi,652.0,France,27.0,9,0.0,2.0,1.0,0.0,150850.29,0,3.332204510175204
15763381,Chan,652.0,France,30.0,0,90963.49,1.0,0.0,1.0,27802.0,0,3.4339872044851463
15814430,Ma,652.0,Spain,41.0,9,0.0,1.0,1.0,0.0,32430.94,1,3.7376696182833684
15638607,Nwabugwu,652.0,France,52.0,2,0.0,1.0,1.0,0.0,137332.37,1,3.970291913552122
15737133,P'eng,652.0,Spain,62.0,4,114386.85,1.0,1.0,1.0,28601.68,0,4.23410650459726
15613945,Andrews,652.0,France,26.0,5,0.0,2.0,1.0,0.0,108411.66,0,3.295836866004329
15659937,Otutodilinna,652.0,France,40.0,7,0.0,2.0,0.0,1.0,122518.5,0,3.713572066704308
15765287,Grant,652.0,France,38.0,2,0.0,2.0,1.0,0.0,9015.07,0,3.6635616461296463
15661723,Abramovich,652.0,Spain,62.0,4,137260.78,1.0,0.0,1.0,94433.08,1,4.276666119016055
15766064,Komarova,652.0,France,33.0,9,111060.05,2.0,1.0,0.0,110371.84,0,3.5263605246161616
15649616,Otutodilichukwu,652.0,Spain,60.0,7,124447.73,1.0,1.0,1.0,141364.62,1,4.110873864173311
15719017,Donaldson,652.0,France,34.0,8,0.0,2.0,1.0,1.0,16245.25,0,3.5553480614894135
15720919,Duggan,652.0,France,42.0,7,0.0,1.0,0.0,1.0,108348.94,1,3.7612001156935624
15706706,Chinwendu,652.0,Germany,33.0,7,135310.41,2.0,0.0,1.0,171668.2,0,3.5263605246161616
15709653,Hamilton,652.0,France,32.0,8,0.0,2.0,1.0,0.0,67364.42,0,3.4965075614664802
15805104,Smith,652.0,France,62.0,6,0.0,2.0,0.0,1.0,107867.38,0,4.304065093204169
15622442,Mazzi,652.0,France,29.0,5,0.0,2.0,1.0,0.0,194310.1,0,3.4011973816621555
15572801,Krischock,652.0,Spain,34.0,5,139393.19,2.0,0.0,0.0,33950.08,0,3.5553480614894135
15767598,Kent,652.0,Spain,28.0,8,0.0,2.0,0.0,0.0,197588.32,0,3.367295829986474
15757897,Binder,652.0,France,26.0,3,104258.8,1.0,1.0,1.0,428.23,0,3.295836866004329
15568104,Zubarev,652.0,France,26.0,6,0.0,2.0,0.0,1.0,34948.77,0,3.295836866004329
15763414,Degtyarev,652.0,Germany,32.0,9,113447.01,1.0,1.0,0.0,82084.3,0,3.4965075614664802
15732265,Obialo,652.0,France,33.0,9,0.0,2.0,1.0,0.0,64804.59,0,3.5263605246161616
15621974,Davydova,652.0,Germany,33.0,4,111063.73,2.0,1.0,0.0,83556.65,0,3.5263605246161616
15803947,Teng,652.0,Germany,30.0,6,161378.02,1.0,0.0,0.0,71926.28,1,3.4339872044851463
15720706,Hsing,652.0,Spain,39.0,2,82766.43,1.0,1.0,1.0,122925.44,0,3.6888794541139363
15759290,Coleman,652.0,Spain,29.0,9,0.0,2.0,1.0,0.0,13133.88,0,3.4011973816621555
15651664,Wilder,652.0,France,61.0,1,104267.7,1.0,1.0,0.0,62845.64,1,4.127134385045092
15795132,Molineux,652.0,France,25.0,3,91718.8,1.0,0.0,0.0,28411.23,0,3.258096538021482
15811565,Cocci,652.0,Spain,47.0,3,63488.7,1.0,0.0,1.0,28640.92,1,3.8712010109078907
15713774,Chikwendu,652.0,Spain,46.0,6,12459.19,1.0,0.0,0.0,156787.34,1,3.8501476017100584
15691840,Fraser,652.0,Germany,37.0,6,159863.9,2.0,0.0,1.0,125307.87,0,3.6375861597263857
15682021,Lai,652.0,Germany,23.0,6,104592.55,2.0,1.0,0.0,131736.23,0,3.1780538303479458
15612931,Korovin,652.0,Spain,50.0,4,132088.59,1.0,1.0,1.0,128262.14,0,3.9318256327243257
15676707,Sidorov,652.0,Spain,39.0,4,0.0,2.0,1.0,0.0,91366.42,0,3.6888794541139363
15601383,Ibrahimova,652.0,Spain,44.0,5,120654.68,1.0,1.0,0.0,82290.81,0,3.8066624897703196
15662662,Duigan,652.0,France,30.0,6,0.0,2.0,1.0,0.0,66190.21,0,3.4339872044851463
15752694,Taylor,652.0,France,32.0,4,83772.95,1.0,0.0,1.0,23920.65,0,3.4965075614664802
15590683,Donaldson,652.0,France,31.0,6,172325.67,1.0,0.0,1.0,45438.38,0,3.4657359027997265
15773591,Jobson,652.0,France,46.0,7,117685.31,2.0,1.0,1.0,93360.35,0,3.8501476017100584
15723620,Lu,652.0,France,41.0,7,0.0,2.0,0.0,1.0,14496.67,0,3.7376696182833684
15671779,Nebechi,652.0,France,39.0,5,0.0,2.0,0.0,0.0,168521.72,0,3.6888794541139363
15672966,Cross,652.0,Spain,62.0,9,0.0,2.0,1.0,1.0,103318.44,0,4.174387269895637
15624667,Wallace,652.0,France,35.0,6,135871.5,1.0,1.0,1.0,87219.41,0,3.58351893845611
15812888,Perreault,652.0,France,41.0,3,0.0,3.5,1.0,1.0,197490.39,1,3.7376696182833684
15724154,Manna,652.0,Germany,49.0,4,128504.76,1.0,1.0,0.0,126812.63,1,3.912023005428146
15749540,Hsiung,652.0,France,36.0,7,0.0,2.0,1.0,0.0,94283.09,0,3.6109179126442243
15621063,Gibbons,652.0,France,42.0,8,56228.25,1.0,1.0,0.0,46857.52,0,3.7612001156935624
15661626,Algeranoff,652.0,Germany,45.0,6,98792.4,1.0,1.0,0.0,81491.7,1,3.828641396489095
15698703,Doherty,652.0,Germany,40.0,5,181768.32,2.0,1.0,1.0,129107.97,0,3.713572066704308
15801431,Rowe,652.0,Spain,48.0,9,101198.01,1.0,1.0,1.0,49732.9,0,3.8918202981106265
15649451,Yates,652.0,France,25.0,9,0.0,2.0,0.0,1.0,88728.47,0,3.258096538021482
15626156,Galloway,652.0,France,60.0,3,0.0,2.0,1.0,1.0,86981.45,0,4.110873864173311
15606158,Genovese,652.0,France,39.0,9,0.0,1.0,1.0,0.0,3740.93,0,3.6888794541139363
15589496,Arrington,652.0,France,34.0,5,139064.06,2.0,0.0,0.0,67949.32,0,3.5553480614894135
15730345,Miah,652.0,France,35.0,2,104508.1,1.0,1.0,1.0,147636.46,0,3.58351893845611
15572038,Chijindum,652.0,Germany,35.0,9,113948.58,1.0,1.0,0.0,188891.96,1,3.58351893845611
15643439,Ferguson,652.0,France,47.0,10,0.0,2.0,0.0,1.0,25482.62,0,3.8712010109078907
15604158,Smith,652.0,France,39.0,10,0.0,2.0,1.0,1.0,18391.93,0,3.6888794541139363
15657396,Marshall,652.0,France,31.0,9,0.0,2.0,0.0,1.0,140168.36,0,3.4657359027997265
15709478,P'an,652.0,Germany,37.0,1,117524.72,2.0,0.0,1.0,161064.29,0,3.6375861597263857
15628824,Burton,652.0,France,37.0,5,160389.82,1.0,0.0,1.0,183542.08,0,3.6375861597263857
15814519,Kamdibe,652.0,France,37.0,7,0.0,2.0,1.0,0.0,194238.92,0,3.6375861597263857
15636520,Milani,652.0,France,27.0,1,125547.53,1.0,0.0,0.0,7900.46,0,3.332204510175204
15794414,Forbes,652.0,Spain,46.0,6,92783.68,1.0,1.0,1.0,51424.29,0,3.8501476017100584
15643671,Chiekwugo,652.0,Germany,49.0,5,97036.22,2.0,1.0,0.0,152450.84,1,3.912023005428146
15700650,Cousens,652.0,France,34.0,3,0.0,2.0,0.0,0.0,55816.2,0,3.5553480614894135
15680224,Ross,652.0,France,26.0,6,0.0,2.0,1.0,1.0,32909.13,0,3.295836866004329
15784286,Wood,652.0,Spain,40.0,5,102145.13,1.0,1.0,1.0,100637.07,0,3.713572066704308
15693996,Hawks,652.0,France,33.0,1,113452.66,1.0,0.0,0.0,142911.99,0,3.5263605246161616
15764343,T'ien,652.0,Spain,46.0,8,155681.72,1.0,1.0,0.0,26287.21,0,3.8501476017100584
15704168,Ting,652.0,Germany,38.0,8,127475.24,1.0,0.0,0.0,60775.76,1,3.6635616461296463
15680197,Thynne,652.0,France,41.0,10,0.0,2.0,1.0,1.0,146257.77,0,3.7376696182833684
15633729,Wang,652.0,France,43.0,10,112751.13,1.0,1.0,1.0,28332.0,0,3.784189633918261
15577683,Maclean,652.0,France,29.0,4,0.0,2.0,1.0,1.0,100919.19,0,3.4011973816621555
15800746,Watson,652.0,France,45.0,7,144889.18,1.0,1.0,1.0,102591.9,1,3.828641396489095
15788686,Gibson,652.0,Spain,40.0,8,0.0,2.0,1.0,1.0,25554.4,0,3.713572066704308
15742798,French,652.0,France,22.0,7,150126.44,1.0,1.0,0.0,152107.93,1,3.1354942159291497
15596647,Henderson,652.0,France,54.0,8,69712.74,1.0,1.0,1.0,69381.05,0,4.007333185232471
15756070,Greenwood,652.0,Spain,44.0,4,0.0,2.0,0.0,1.0,101728.46,0,3.8066624897703196
15775116,Anderson,652.0,France,31.0,3,0.0,2.0,0.0,0.0,89040.61,0,3.4657359027997265
15575428,Mistry,652.0,Germany,35.0,2,117438.92,2.0,1.0,1.0,16910.98,0,3.58351893845611
15654074,Tuan,652.0,France,38.0,8,119315.75,1.0,1.0,0.0,150468.35,0,3.6635616461296463
15695872,Fiorentini,652.0,France,30.0,1,89571.59,1.0,1.0,1.0,177613.19,0,3.4339872044851463
15568885,Scott,652.0,Germany,34.0,8,102251.57,1.0,1.0,0.0,120672.09,0,3.5553480614894135
15725036,Jideofor,652.0,France,42.0,9,118546.71,1.0,0.0,1.0,77142.85,0,3.7612001156935624
15632665,Yevseyev,652.0,France,61.0,2,0.0,1.0,0.0,1.0,127804.66,1,4.127134385045092
15571476,Kelly,652.0,Spain,38.0,0,103257.14,1.0,0.0,0.0,158344.63,0,3.6635616461296463
15776850,Smith,652.0,Spain,43.0,1,124209.02,1.0,1.0,1.0,167179.48,0,3.784189633918261
15623649,Ogle,652.0,Spain,32.0,3,0.0,2.0,1.0,1.0,15404.64,0,3.4965075614664802
15751131,Moss,652.0,Spain,41.0,7,150302.84,1.0,1.0,1.0,156036.19,0,3.7376696182833684
15688128,Loggia,652.0,Spain,34.0,8,108653.93,1.0,0.0,1.0,144725.14,0,3.5553480614894135
15678412,Nwankwo,652.0,France,45.0,8,85325.93,1.0,0.0,0.0,22558.74,0,3.828641396489095
15770291,Allan,652.0,France,29.0,8,0.0,2.0,0.0,0.0,147342.03,0,3.4011973816621555
15583392,Woronoff,652.0,Germany,37.0,9,135776.36,3.0,1.0,0.0,85470.45,1,3.6375861597263857
15690731,Wolfe,652.0,France,40.0,6,131411.24,1.0,1.0,1.0,194656.11,0,3.713572066704308
15697948,Henderson,652.0,Spain,36.0,3,0.0,2.0,1.0,1.0,48505.1,0,3.6109179126442243
15608328,Sutherland,652.0,Spain,41.0,6,0.0,2.0,0.0,0.0,101491.23,0,3.7376696182833684
15766378,Marsden,652.0,Germany,45.0,9,106431.97,2.0,1.0,1.0,164117.69,0,3.828641396489095
15600813,Hyde,652.0,France,50.0,9,90305.76,1.0,1.0,1.0,124626.57,0,3.9318256327243257
15706217,Kao,652.0,Germany,28.0,7,117466.03,2.0,1.0,1.0,34490.06,0,3.367295829986474
15601417,T'ang,652.0,France,32.0,3,148884.47,2.0,1.0,1.0,90967.37,0,3.4965075614664802
15610972,Crawford,652.0,Germany,44.0,4,91115.76,2.0,0.0,0.0,24208.84,1,3.8066624897703196
15674620,Dilibe,652.0,Germany,37.0,8,77373.87,2.0,0.0,1.0,174873.09,0,3.6375861597263857
15785350,Austin,652.0,Spain,23.0,7,104744.89,1.0,1.0,0.0,170262.97,0,3.1780538303479458
15749119,Santiago,652.0,France,31.0,3,0.0,2.0,1.0,1.0,112289.06,0,3.4657359027997265
15756535,Chibugo,652.0,Germany,39.0,5,91538.51,1.0,1.0,1.0,93783.0,0,3.6888794541139363
15700965,Toscano,652.0,France,32.0,6,0.0,2.0,1.0,1.0,150026.79,0,3.4965075614664802
15791851,Afanasyeva,652.0,France,34.0,0,185734.75,1.0,1.0,1.0,102036.82,0,3.5553480614894135
15717156,Sokolov,652.0,France,30.0,3,143396.54,2.0,1.0,1.0,898.51,0,3.4339872044851463
15740846,Wei,652.0,France,40.0,5,125909.85,1.0,1.0,1.0,95124.4,0,3.713572066704308
15573284,Olisanugo,652.0,France,45.0,2,0.0,2.0,0.0,0.0,11514.39,0,3.828641396489095
15729083,Gorman,652.0,France,36.0,2,154525.7,1.0,0.0,1.0,27468.72,0,3.6109179126442243
15611612,Priestley,652.0,France,29.0,0,0.0,1.0,1.0,0.0,37092.43,0,3.4011973816621555
15694381,Lloyd,652.0,France,51.0,8,100654.8,1.0,1.0,0.0,171587.9,0,3.9512437185814275
15651737,Salmond,652.0,Spain,44.0,1,83325.77,1.0,0.0,1.0,80828.78,0,3.8066624897703196
15663168,MacDonald,652.0,France,35.0,8,110934.54,1.0,1.0,0.0,169287.99,0,3.58351893845611
15643426,Robertson,652.0,Spain,36.0,8,113680.54,1.0,0.0,0.0,13197.44,0,3.6109179126442243
15618245,Chukwumaobim,652.0,Germany,31.0,1,117020.08,2.0,1.0,0.0,54439.53,0,3.4657359027997265
15717527,Ifeanacho,652.0,France,49.0,9,145359.99,1.0,1.0,0.0,38186.85,0,3.912023005428146
15793478,Li Fonti,652.0,Germany,39.0,8,151391.68,1.0,1.0,0.0,27274.6,1,3.6888794541139363
15642248,Ko,652.0,Spain,62.0,8,123935.35,1.0,1.0,1.0,65758.19,0,4.204692619390966
15640377,Goloubev,652.0,France,36.0,0,0.0,2.0,1.0,0.0,97767.63,0,3.6109179126442243
15723950,Kruglov,652.0,Spain,40.0,2,70291.02,1.0,1.0,1.0,115468.84,1,3.713572066704308
15590327,Liao,652.0,Germany,42.0,10,166031.45,1.0,1.0,0.0,98293.14,0,3.7612001156935624
15706199,White,652.0,Germany,36.0,6,96643.32,1.0,0.0,0.0,182059.28,0,3.6109179126442243
15671514,Sinclair,652.0,Spain,33.0,8,0.0,2.0,0.0,1.0,128538.05,0,3.5263605246161616
15727041,Fiorentini,652.0,France,62.0,7,0.0,2.0,1.0,1.0,108841.83,0,4.276666119016055
15738063,Shen,652.0,France,29.0,2,0.0,2.0,1.0,1.0,18581.84,0,3.4011973816621555
15711733,Rapuokwu,652.0,France,48.0,4,0.0,2.0,0.0,1.0,146821.42,0,3.8918202981106265
15652320,Woronoff,652.0,France,40.0,5,0.0,2.0,0.0,0.0,100727.68,0,3.713572066704308
15634180,Holden,652.0,Germany,26.0,4,97268.1,2.0,1.0,0.0,39356.38,0,3.295836866004329
15694566,Roberts,652.0,France,42.0,10,0.0,2.0,0.0,0.0,169921.11,1,3.7612001156935624
15726103,Tsou,652.0,Germany,55.0,1,76296.81,1.0,1.0,0.0,42364.75,1,4.02535169073515
15646351,Somerville,652.0,Spain,27.0,7,0.0,2.0,1.0,0.0,28823.04,0,3.332204510175204
15730044,Greco,652.0,Germany,42.0,6,64497.94,3.0,0.0,1.0,182436.81,1,3.7612001156935624
15795186,Leonard,652.0,France,38.0,5,0.0,1.0,1.0,0.0,115700.2,0,3.6635616461296463
15784890,McKenzie,652.0,Spain,32.0,8,0.0,2.0,1.0,0.0,16725.53,0,3.4965075614664802
15694125,McElhone,652.0,France,57.0,5,0.0,2.0,1.0,1.0,56875.76,0,4.060443010546419
15565891,Dipietro,652.0,France,39.0,8,0.0,2.0,1.0,0.0,56214.09,0,3.6888794541139363
15674254,Kerr,652.0,Spain,45.0,4,0.0,2.0,1.0,1.0,193412.05,0,3.828641396489095
15775206,Hunter,652.0,France,37.0,10,0.0,2.0,0.0,0.0,83263.04,0,3.6375861597263857
15797627,Niehaus,652.0,Spain,54.0,0,134249.7,1.0,0.0,1.0,13404.4,0,4.007333185232471
15649853,Craig,652.0,France,45.0,3,0.0,1.0,1.0,1.0,184474.15,1,3.828641396489095
15610379,Barclay-Harvey,652.0,France,30.0,9,105443.68,1.0,1.0,1.0,121124.53,0,3.4339872044851463
15659800,Teng,652.0,Spain,50.0,1,0.0,1.0,0.0,1.0,152567.75,1,3.9318256327243257
15716236,Milani,652.0,France,35.0,10,0.0,2.0,1.0,0.0,10722.54,0,3.58351893845611
15672053,Mistry,652.0,Spain,38.0,2,0.0,2.0,0.0,0.0,58010.98,0,3.6635616461296463
15663933,Jamieson,652.0,Germany,35.0,5,86147.46,2.0,1.0,0.0,163440.8,1,3.58351893845611
15814236,Kay,652.0,Spain,38.0,1,96939.06,1.0,1.0,1.0,102606.92,0,3.6635616461296463
15583597,Ikedinachukwu,652.0,Spain,47.0,1,106758.6,1.0,1.0,1.0,80591.18,0,3.8712010109078907
15607395,Holt,652.0,France,33.0,9,112528.65,2.0,1.0,0.0,177362.45,0,3.5263605246161616
15694556,Nkemakolam,652.0,France,60.0,2,116563.58,1.0,1.0,0.0,120257.7,1,4.110873864173311
15744109,Hartung,652.0,France,32.0,4,0.0,1.0,1.0,1.0,180622.02,0,3.4965075614664802
15800688,Ch'en,652.0,Spain,42.0,7,0.0,2.0,0.0,0.0,130404.53,0,3.7612001156935624
15810878,Baker,652.0,Spain,38.0,6,141786.78,1.0,0.0,1.0,147797.54,0,3.6635616461296463
15587835,Osinachi,652.0,France,41.0,3,136416.82,1.0,0.0,1.0,57844.26,0,3.7376696182833684
15763515,Shih,652.0,France,30.0,5,0.0,2.0,1.0,0.0,162523.66,0,3.4339872044851463
15725882,Feng,652.0,Germany,40.0,1,133245.52,2.0,1.0,1.0,54495.82,0,3.713572066704308
15788022,Sternberg,652.0,Germany,41.0,4,90757.64,2.0,0.0,1.0,169183.66,0,3.7376696182833684
15663917,Adams,652.0,France,43.0,1,92350.36,1.0,0.0,1.0,80262.91,0,3.784189633918261
15656865,Gray,652.0,Germany,62.0,9,78778.49,1.0,0.0,1.0,8751.59,0,4.248495242049359
15667971,Shepherd,652.0,Germany,34.0,6,102143.93,2.0,1.0,1.0,102628.98,0,3.5553480614894135
15800366,Walton,652.0,France,29.0,5,0.0,1.0,1.0,1.0,94823.95,0,3.4011973816621555
15717231,Yang,652.0,Germany,37.0,4,98459.6,1.0,0.0,0.0,90821.66,0,3.6375861597263857
15643188,Barnett,652.0,Germany,47.0,7,114603.76,2.0,1.0,0.0,153194.32,1,3.8712010109078907
15671351,Romani,652.0,Spain,35.0,2,0.0,2.0,1.0,0.0,87310.59,0,3.58351893845611
15573628,Greene,652.0,Germany,51.0,7,148074.79,1.0,1.0,0.0,146411.41,1,3.9512437185814275
15698953,Hart,652.0,Spain,36.0,1,0.0,3.0,1.0,1.0,74048.1,1,3.6109179126442243
15753888,Johnston,652.0,Spain,62.0,8,108004.64,1.0,1.0,1.0,23386.77,1,4.143134726391533
15737961,Miller,652.0,Germany,29.0,0,107712.57,2.0,1.0,1.0,92898.17,0,3.4011973816621555
15801701,Robson,652.0,Spain,35.0,9,0.0,2.0,1.0,1.0,45956.05,0,3.58351893845611
15684419,Wallace,652.0,Spain,37.0,8,0.0,3.0,1.0,0.0,71738.56,0,3.6375861597263857
15794266,Cross,652.0,France,32.0,9,145303.52,1.0,1.0,0.0,103560.98,0,3.4965075614664802
15810711,Marcum,652.0,Germany,37.0,4,138476.41,2.0,1.0,1.0,52367.29,0,3.6375861597263857
15771270,North,652.0,France,27.0,8,127471.56,1.0,1.0,1.0,152916.05,1,3.332204510175204
15607786,Mao,652.0,France,26.0,6,156551.63,1.0,0.0,1.0,4410.77,0,3.295836866004329
15624519,Calabrese,652.0,Germany,49.0,9,97092.87,1.0,1.0,0.0,74771.22,1,3.912023005428146
15799910,Martin,652.0,France,32.0,2,0.0,2.0,1.0,0.0,193817.63,1,3.4965075614664802
15602479,Fleming,652.0,Spain,37.0,5,129312.79,1.0,1.0,1.0,26793.82,0,3.6375861597263857
15617419,Roberts,652.0,Germany,29.0,10,100315.1,2.0,1.0,1.0,32526.64,0,3.4011973816621555
15657603,Finch,652.0,France,35.0,6,81684.97,1.0,1.0,0.0,824.0,0,3.58351893845611
15570379,Whitelegge,652.0,Spain,51.0,3,88827.53,1.0,0.0,0.0,85250.77,1,3.9512437185814275
15772996,Rooke,652.0,Germany,40.0,0,152092.44,2.0,1.0,1.0,83508.93,0,3.713572066704308
15729574,Lu,652.0,Spain,62.0,4,0.0,2.0,1.0,1.0,173599.38,0,4.276666119016055
15737267,Marcelo,652.0,France,49.0,1,0.0,1.0,1.0,0.0,79342.31,1,3.912023005428146
15799128,Matthews,652.0,Spain,38.0,9,102406.76,1.0,0.0,1.0,57600.66,0,3.6635616461296463
15813327,Romani,652.0,France,21.0,4,109130.96,2.0,1.0,1.0,56191.99,0,3.091042453358316
15711921,Scott,652.0,France,29.0,5,0.0,2.0,1.0,1.0,6770.44,0,3.4011973816621555
15654300,Mao,652.0,Germany,33.0,9,75242.28,1.0,0.0,1.0,101694.67,0,3.5263605246161616
15569945,Horsley,652.0,Spain,29.0,1,0.0,2.0,1.0,0.0,69113.14,0,3.4011973816621555
15569666,Goddard,652.0,France,45.0,4,0.0,1.0,0.0,0.0,172674.36,1,3.828641396489095
15681887,Eskridge,652.0,Germany,33.0,0,129142.54,2.0,1.0,1.0,26606.28,0,3.5263605246161616
15608873,Smith,652.0,France,51.0,2,0.0,1.0,0.0,0.0,53353.36,0,3.9512437185814275
15762091,Simpson,652.0,Germany,22.0,6,139129.92,1.0,1.0,1.0,63747.51,0,3.1354942159291497
15722053,Oguejiofor,652.0,Spain,33.0,3,0.0,2.0,0.0,1.0,190112.05,0,3.5263605246161616
15782100,Holloway,652.0,Spain,22.0,3,66483.32,1.0,0.0,1.0,110317.39,0,3.1354942159291497
15765300,L?,652.0,Germany,40.0,5,62389.03,3.0,1.0,0.0,148623.43,1,3.713572066704308
15743570,Feng,652.0,France,34.0,5,0.0,2.0,1.0,1.0,125253.46,0,3.5553480614894135
15608541,Claiborne,652.0,France,46.0,1,91857.66,1.0,1.0,0.0,101954.78,1,3.8501476017100584
15750671,Egobudike,652.0,Spain,31.0,6,0.0,2.0,1.0,0.0,168462.26,0,3.4657359027997265
15813659,Folliero,652.0,France,56.0,7,0.0,1.0,1.0,0.0,26215.85,1,4.04305126783455
15757867,Bray,652.0,France,30.0,10,176173.52,1.0,1.0,0.0,97045.32,1,3.4339872044851463
15652914,Ibrahimov,652.0,Spain,38.0,7,0.0,1.0,0.0,1.0,53534.8,0,3.6635616461296463
15723818,Carpenter,652.0,France,37.0,4,131834.76,2.0,1.0,0.0,8949.2,0,3.6375861597263857
15713819,Walsh,652.0,France,48.0,3,92347.96,1.0,1.0,1.0,163116.75,0,3.8918202981106265
15656484,Woods,652.0,France,40.0,4,0.0,2.0,1.0,1.0,140745.91,0,3.713572066704308
15778515,Wu,652.0,France,40.0,3,95297.11,1.0,0.0,0.0,171515.84,0,3.713572066704308
15803840,Forbes,652.0,France,32.0,9,0.0,2.0,0.0,0.0,150803.44,0,3.4965075614664802
15735339,Lynch,652.0,France,39.0,4,0.0,1.0,1.0,0.0,76884.05,0,3.6888794541139363
15600392,Amaechi,652.0,France,53.0,8,123845.36,2.0,0.0,1.0,170454.93,1,3.9889840465642745
15625740,Enriquez,652.0,Germany,62.0,3,143426.34,2.0,1.0,1.0,143104.3,0,4.143134726391533
15663817,Y?an,652.0,France,46.0,5,0.0,1.0,1.0,1.0,55701.62,0,3.8501476017100584
15734461,Brooks,652.0,Germany,31.0,2,112708.2,1.0,0.0,1.0,186370.3,0,3.4657359027997265
15780142,Wang,652.0,France,43.0,2,100013.51,1.0,1.0,0.0,24275.32,0,3.784189633918261
15709920,Burke,652.0,France,33.0,2,208165.53,1.0,0.0,0.0,50774.81,1,3.5263605246161616
15684248,Meng,652.0,Spain,21.0,7,0.0,2.0,0.0,1.0,154279.87,0,3.091042453358316
15643158,Chiganu,652.0,France,40.0,9,0.0,1.0,1.0,0.0,68462.59,1,3.713572066704308
15693902,Hunt,652.0,France,19.0,2,0.0,2.0,1.0,1.0,91036.74,0,2.995732273553991
15578307,Lucchese,652.0,France,33.0,6,121685.31,2.0,1.0,1.0,83681.97,0,3.5263605246161616
15585379,Humphries,652.0,France,39.0,2,111525.02,1.0,1.0,0.0,199484.96,0,3.6888794541139363
15758510,Frolova,652.0,France,26.0,6,0.0,2.0,0.0,0.0,152491.22,0,3.295836866004329
15692918,Hsing,652.0,Germany,36.0,10,113546.3,1.0,1.0,1.0,134875.37,0,3.6109179126442243
15705301,Parkes,652.0,France,41.0,6,95696.52,2.0,1.0,1.0,184366.14,0,3.7376696182833684
15718231,Gregory,652.0,France,28.0,0,88963.31,2.0,1.0,1.0,189839.93,0,3.367295829986474
15567991,Obiuto,652.0,Spain,31.0,0,144880.34,2.0,0.0,1.0,175643.44,0,3.4657359027997265
15772650,Longo,652.0,France,55.0,9,136576.02,1.0,0.0,1.0,3268.17,1,4.02535169073515
15574795,Lombardo,652.0,France,38.0,2,63093.01,1.0,1.0,1.0,47089.72,0,3.6635616461296463
15706036,Lombardo,652.0,Germany,38.0,10,132271.12,2.0,1.0,1.0,46562.02,0,3.6635616461296463
15723856,Gonzalez,652.0,France,29.0,3,88814.4,2.0,1.0,1.0,62487.97,0,3.4011973816621555
15812920,Nwabugwu,652.0,Germany,40.0,5,90594.55,1.0,0.0,1.0,181598.25,0,3.713572066704308
15691287,Ford,652.0,Germany,33.0,0,141816.25,1.0,1.0,0.0,64815.05,1,3.5263605246161616
15804797,Gilleland,652.0,France,54.0,3,138547.97,1.0,1.0,1.0,70196.23,1,4.007333185232471
15708650,Fullwood,652.0,France,31.0,2,52192.08,2.0,0.0,1.0,160383.47,0,3.4657359027997265
15712777,Kao,652.0,France,38.0,4,124976.19,1.0,1.0,0.0,35848.12,0,3.6635616461296463
15786469,Montalvo,652.0,France,34.0,1,0.0,2.0,1.0,0.0,87278.48,0,3.5553480614894135
15669219,Wilson,652.0,Germany,35.0,3,104356.38,1.0,1.0,0.0,94498.82,0,3.58351893845611
15641004,Doyne,652.0,Spain,48.0,10,150315.92,1.0,0.0,1.0,133486.36,0,3.8918202981106265
15648067,Onwuamaeze,652.0,France,39.0,1,129299.28,2.0,1.0,0.0,73107.6,0,3.6888794541139363
15704014,K'ung,652.0,Germany,37.0,7,140950.92,2.0,1.0,0.0,195333.98,0,3.6375861597263857
15645136,O'Donnell,652.0,Spain,30.0,1,128065.12,1.0,1.0,0.0,121525.48,0,3.4339872044851463
15709604,McMillan,652.0,France,23.0,2,107433.48,1.0,1.0,0.0,173843.21,0,3.1780538303479458
15713637,Chinedum,652.0,France,34.0,2,117468.67,1.0,1.0,0.0,185227.42,0,3.5553480614894135
15793901,Capon,652.0,France,27.0,2,0.0,2.0,0.0,0.0,125244.18,0,3.332204510175204
15569759,Rawling,652.0,France,27.0,4,0.0,3.0,1.0,0.0,163113.41,0,3.332204510175204
15712930,Duncan,652.0,France,42.0,1,0.0,1.0,0.0,0.0,123006.91,0,3.7612001156935624
15586504,Trevisani,652.0,France,40.0,9,0.0,2.0,1.0,0.0,40463.03,0,3.713572066704308
15677317,Ankudinova,652.0,France,29.0,4,153040.03,1.0,1.0,1.0,131363.57,1,3.4011973816621555
15664270,Balsillie,652.0,Germany,45.0,6,142084.04,3.5,1.0,0.0,188305.85,1,3.828641396489095
15731519,Kerr,652.0,France,30.0,5,0.0,2.0,1.0,0.0,143994.86,0,3.4339872044851463
15745623,Worsnop,652.0,France,32.0,4,112079.58,1.0,0.0,0.0,89368.59,0,3.4965075614664802
15813862,Yevseyev,652.0,Spain,62.0,7,132044.6,2.0,1.0,1.0,158365.89,0,4.204692619390966
15641934,Manna,652.0,Spain,46.0,9,66582.81,1.0,1.0,0.0,78753.12,1,3.8501476017100584
15713043,Siciliani,652.0,France,33.0,6,0.0,2.0,1.0,1.0,100408.31,0,3.5263605246161616
15700749,Powell,652.0,France,39.0,6,0.0,1.0,1.0,1.0,24677.54,0,3.6888794541139363
15697567,Bazarova,652.0,France,33.0,4,0.0,2.0,1.0,1.0,39570.78,0,3.5263605246161616
15715414,White,652.0,France,38.0,6,102895.1,1.0,0.0,0.0,155665.76,0,3.6635616461296463
15639530,Buda,652.0,Spain,42.0,2,0.0,1.0,1.0,1.0,168294.27,0,3.7612001156935624
15726058,Cattaneo,652.0,Germany,27.0,7,117578.35,2.0,0.0,1.0,87908.01,0,3.332204510175204
15725665,Lo,652.0,France,47.0,10,198546.1,2.0,1.0,0.0,191198.92,1,3.8712010109078907
15698872,Brown,652.0,Spain,39.0,2,0.0,2.0,0.0,0.0,191207.03,0,3.6888794541139363
15812184,Rose,652.0,France,31.0,1,0.0,1.0,1.0,0.0,128954.05,0,3.4657359027997265
15742609,Lombardo,652.0,Germany,28.0,2,116623.31,1.0,0.0,1.0,59905.29,0,3.367295829986474
15815043,McMillan,652.0,Spain,49.0,8,0.0,2.0,1.0,0.0,162012.6,0,3.912023005428146
15640648,Howe,652.0,France,36.0,6,0.0,2.0,0.0,1.0,19231.98,0,3.6109179126442243
15627203,Hsu,652.0,Spain,54.0,10,0.0,1.0,1.0,1.0,175749.36,0,4.007333185232471
15786196,Han,652.0,France,44.0,3,105770.7,3.0,1.0,0.0,60533.96,1,3.8066624897703196
15612095,Calabrese,652.0,France,48.0,9,0.0,1.0,1.0,0.0,137508.42,1,3.8918202981106265
15674368,Riley,652.0,France,39.0,1,94435.45,2.0,0.0,1.0,189430.86,0,3.6888794541139363
15783477,Biryukov,652.0,Germany,39.0,8,112889.91,1.0,0.0,1.0,6723.66,0,3.6888794541139363
15757559,Broadhurst,652.0,France,53.0,7,0.0,2.0,1.0,0.0,41371.68,1,3.9889840465642745
15591036,Genovesi,652.0,Germany,43.0,3,127940.47,1.0,0.0,0.0,125140.72,1,3.784189633918261
15761241,Hsieh,652.0,Germany,36.0,8,129745.1,1.0,1.0,1.0,143683.75,0,3.6109179126442243
15695078,Kemp,652.0,France,32.0,3,0.0,2.0,1.0,1.0,170770.44,0,3.4965075614664802
15645744,Chukwudi,652.0,France,30.0,5,0.0,2.0,0.0,1.0,157397.57,0,3.4339872044851463
15566988,Iqbal,652.0,Germany,46.0,7,141535.52,1.0,1.0,0.0,50595.15,1,3.8501476017100584
15749300,Teng,652.0,France,47.0,2,139914.27,1.0,1.0,1.0,50390.98,0,3.8712010109078907
15594340,Tao,652.0,France,41.0,4,120243.49,1.0,1.0,0.0,163150.03,1,3.7376696182833684
15607065,Chinedum,652.0,France,34.0,9,91835.16,1.0,0.0,0.0,138280.17,0,3.5553480614894135
15778089,Stevenson,652.0,Spain,37.0,2,0.0,2.0,0.0,0.0,135067.02,0,3.6375861597263857
15773723,Duncan,652.0,Spain,22.0,9,67178.19,1.0,1.0,1.0,163534.75,1,3.1354942159291497
15697035,Garrett,652.0,Spain,31.0,8,0.0,2.0,0.0,0.0,86657.48,0,3.4657359027997265
15679668,Yao,652.0,Spain,38.0,7,115378.94,1.0,0.0,1.0,162087.82,0,3.6635616461296463
15709861,He,652.0,Germany,30.0,4,127786.28,2.0,1.0,1.0,28879.3,0,3.4339872044851463
15791958,Mazzi,652.0,France,41.0,6,0.0,2.0,1.0,1.0,169203.51,1,3.7376696182833684
15791030,Edwards,652.0,France,33.0,0,64900.32,2.0,1.0,0.0,102426.12,0,3.5263605246161616
15695339,Lucchesi,652.0,Germany,53.0,0,109172.88,1.0,1.0,0.0,54676.1,1,3.9889840465642745
15658813,Siciliani,652.0,France,55.0,7,0.0,2.0,1.0,1.0,18369.33,0,4.02535169073515
15715709,Shih,652.0,Germany,43.0,4,114091.38,1.0,0.0,1.0,159888.1,0,3.784189633918261
15722533,Logue,652.0,France,40.0,3,0.0,2.0,0.0,1.0,167636.15,0,3.713572066704308
15683118,Rechner,652.0,France,32.0,9,0.0,2.0,1.0,0.0,138889.15,0,3.4965075614664802
15672798,O'Brien,652.0,France,45.0,7,145933.27,1.0,1.0,1.0,199392.14,0,3.828641396489095
15680112,Stewart,652.0,Germany,35.0,7,131504.73,1.0,1.0,0.0,189560.43,0,3.58351893845611
15714575,Batt,652.0,Germany,44.0,8,107926.02,1.0,0.0,1.0,17375.27,1,3.8066624897703196
15806808,Hope,652.0,Germany,57.0,8,112281.6,3.0,1.0,0.0,140225.14,1,4.060443010546419
15590637,Ahmed,652.0,France,41.0,7,0.0,2.0,0.0,1.0,61018.85,0,3.7376696182833684
15657535,Pearson,652.0,Spain,29.0,10,0.0,1.0,1.0,1.0,51907.72,1,3.4011973816621555
15696141,Kruglov,652.0,Spain,31.0,7,0.0,1.0,1.0,0.0,47018.75,0,3.4657359027997265
15811947,Gordon,652.0,France,33.0,0,124781.67,1.0,0.0,1.0,33700.52,0,3.5263605246161616
15649024,Trujillo,652.0,France,39.0,9,132865.56,1.0,1.0,1.0,59636.43,1,3.6888794541139363
15594928,Pagnotto,652.0,Germany,38.0,4,129055.13,1.0,1.0,0.0,157147.59,0,3.6635616461296463
15765532,Horton,652.0,Germany,62.0,6,96166.88,1.0,1.0,1.0,191393.26,0,4.343805421853684
15741719,DeRose,652.0,France,40.0,3,165298.12,1.0,0.0,1.0,199862.75,0,3.713572066704308
15665629,Chiang,652.0,Spain,33.0,7,0.0,2.0,1.0,0.0,20016.59,0,3.5263605246161616
15728917,Gill,652.0,France,48.0,6,120682.53,1.0,1.0,0.0,30635.52,1,3.8918202981106265
15762993,Trevisano,652.0,Spain,32.0,5,102773.15,2.0,0.0,1.0,117832.88,0,3.4965075614664802
15571193,Morrison,652.0,Germany,42.0,0,144386.32,1.0,1.0,1.0,22497.1,1,3.7612001156935624
15653521,Onuora,652.0,Germany,40.0,7,104449.8,1.0,1.0,1.0,747.88,0,3.713572066704308
15802220,Ikenna,652.0,Spain,35.0,6,137102.65,1.0,0.0,0.0,76870.81,0,3.58351893845611
15644132,Mancini,652.0,France,30.0,9,142475.87,1.0,1.0,1.0,107848.24,0,3.4339872044851463
15600832,Moss,652.0,France,43.0,9,0.0,1.0,1.0,0.0,103726.71,0,3.784189633918261
15797919,Ting,652.0,Spain,37.0,2,103195.2,2.0,1.0,0.0,178268.36,0,3.6375861597263857
15603743,Tai,652.0,France,28.0,1,112070.44,1.0,0.0,1.0,126281.83,0,3.367295829986474
15579714,Pan,652.0,France,29.0,7,0.0,2.0,0.0,1.0,196651.72,0,3.4011973816621555
15634295,Wilson,652.0,France,35.0,1,96473.59,1.0,0.0,0.0,5962.3,0,3.58351893845611
15786680,Bianchi,652.0,Spain,37.0,5,0.0,2.0,1.0,0.0,21928.81,0,3.6375861597263857
15623499,Holman,652.0,Germany,49.0,9,108437.89,1.0,0.0,0.0,127022.87,1,3.912023005428146
15691823,Obidimkpa,652.0,France,37.0,5,153195.59,1.0,1.0,1.0,162763.01,0,3.6375861597263857
15809279,Wallace,652.0,France,45.0,8,96877.21,1.0,1.0,1.0,113950.51,0,3.828641396489095
15758039,Ash,652.0,France,44.0,6,0.0,2.0,0.0,1.0,104930.46,0,3.8066624897703196
15807163,Ku,652.0,France,38.0,10,0.0,1.0,0.0,0.0,52337.97,1,3.6635616461296463
15631639,Uspensky,652.0,France,40.0,6,95452.89,1.0,0.0,1.0,179964.55,0,3.713572066704308
15713770,Shih,652.0,Spain,41.0,3,63873.56,1.0,1.0,0.0,83753.64,0,3.7376696182833684
15698167,Kumm,652.0,France,24.0,0,148298.59,2.0,0.0,0.0,182913.95,0,3.2188758248682006
15781710,Carey,652.0,Spain,31.0,7,0.0,2.0,1.0,0.0,166720.28,0,3.4657359027997265
15801296,Farber,652.0,Germany,37.0,7,143258.85,2.0,1.0,0.0,192721.98,0,3.6375861597263857
15704378,Calabrese,652.0,Germany,37.0,9,121342.24,1.0,1.0,1.0,180241.44,0,3.6375861597263857
15767891,Findlay,652.0,Germany,28.0,6,99152.73,2.0,1.0,0.0,48475.12,0,3.367295829986474
15640667,Yu,652.0,France,41.0,4,0.0,2.0,1.0,0.0,126551.48,0,3.7376696182833684
15702145,Edments,652.0,Spain,33.0,7,68423.89,1.0,1.0,1.0,64872.55,0,3.5263605246161616
15679738,Brown,652.0,Spain,35.0,8,0.0,1.0,1.0,0.0,98031.53,1,3.58351893845611
15636634,Lindon,652.0,Germany,25.0,7,79656.81,1.0,1.0,0.0,93524.22,0,3.258096538021482
15809227,Chukwudi,652.0,France,35.0,2,0.0,2.0,1.0,1.0,56991.66,0,3.58351893845611
15601811,Caldwell,652.0,France,53.0,10,110240.04,1.0,0.0,0.0,183980.56,1,3.9889840465642745
15625494,Li Fonti,652.0,France,32.0,9,125321.84,2.0,1.0,1.0,130234.63,0,3.4965075614664802
15723737,Pitcher,652.0,France,27.0,3,0.0,1.0,1.0,0.0,32454.26,0,3.332204510175204
15682955,Capon,652.0,France,32.0,2,84378.9,1.0,1.0,1.0,75396.43,0,3.4965075614664802
15758856,Kable,652.0,France,45.0,7,0.0,2.0,0.0,0.0,167756.45,0,3.828641396489095
15746065,Lo Duca,652.0,Germany,35.0,10,136281.41,2.0,1.0,1.0,24799.47,0,3.58351893845611
15783865,Kulikova,652.0,France,59.0,5,119380.37,1.0,1.0,1.0,60429.43,0,4.0943445622221
15745455,Navarrete,652.0,Germany,62.0,4,108716.59,2.0,1.0,1.0,74241.09,0,4.143134726391533
15583033,Huguley,652.0,France,20.0,4,0.0,2.0,0.0,1.0,78310.82,0,3.044522437723423
15644212,Han,652.0,Spain,28.0,0,0.0,2.0,1.0,0.0,119419.37,0,3.367295829986474
15735688,Horsley,652.0,France,31.0,6,106596.29,1.0,0.0,0.0,91305.77,0,3.4657359027997265
15658577,Massie,652.0,France,37.0,10,99546.25,3.0,0.0,1.0,25136.95,1,3.6375861597263857
15606887,Singh,652.0,France,30.0,5,0.0,1.0,1.0,0.0,193880.6,1,3.4339872044851463
15783026,H?,652.0,France,41.0,2,0.0,1.0,1.0,0.0,47856.78,0,3.7376696182833684
15579892,Doyle,652.0,Spain,19.0,7,112615.86,1.0,1.0,1.0,4491.77,0,2.995732273553991
15802088,Grant,652.0,Spain,22.0,10,0.0,1.0,1.0,1.0,101311.95,0,3.1354942159291497
15589323,Law,652.0,France,24.0,9,0.0,2.0,0.0,1.0,38830.72,0,3.2188758248682006
15636395,King,652.0,France,31.0,5,0.0,2.0,1.0,0.0,26817.23,0,3.4657359027997265
15712772,Onwubiko,652.0,France,28.0,3,75381.15,1.0,1.0,1.0,199727.72,0,3.367295829986474
15700937,Romano,652.0,Spain,24.0,5,0.0,2.0,1.0,1.0,67445.85,0,3.2188758248682006
15766659,Okwudilichukwu,652.0,Spain,33.0,5,0.0,2.0,1.0,0.0,161002.29,0,3.5263605246161616
15814033,Milano,652.0,Spain,38.0,1,0.0,2.0,1.0,0.0,20778.39,0,3.6635616461296463
15783007,Parker,652.0,Germany,45.0,1,123086.39,1.0,1.0,1.0,41042.4,1,3.828641396489095
15654183,Aitken,652.0,France,26.0,3,0.0,2.0,1.0,0.0,67484.16,0,3.295836866004329
15609899,Obiora,652.0,Spain,37.0,4,0.0,1.0,1.0,0.0,121763.68,0,3.6375861597263857
15747323,Vasilyeva,652.0,Spain,48.0,9,109472.47,1.0,1.0,0.0,157358.43,1,3.8918202981106265
15582591,Chiabuotu,652.0,Spain,59.0,4,155766.05,1.0,1.0,1.0,110275.17,0,4.0943445622221
15738835,Slater,652.0,Germany,38.0,7,101985.81,2.0,0.0,0.0,43801.27,0,3.6635616461296463
15782404,Hughes,652.0,France,34.0,2,96019.5,1.0,0.0,0.0,9085.0,0,3.5553480614894135
15697480,Menkens,652.0,France,30.0,7,0.0,2.0,0.0,1.0,143086.09,0,3.4339872044851463
15697045,Pisani,652.0,Spain,35.0,9,0.0,2.0,0.0,1.0,100556.98,0,3.58351893845611
15781234,Y?an,652.0,France,35.0,2,147900.43,1.0,1.0,0.0,140000.29,0,3.58351893845611
15579891,Milani,652.0,France,52.0,4,100755.66,1.0,1.0,1.0,186775.25,0,3.970291913552122
15805690,Chin,652.0,Spain,35.0,7,0.0,1.0,1.0,0.0,133570.43,1,3.58351893845611
15612139,Fu,652.0,France,33.0,0,83036.05,1.0,0.0,1.0,154990.58,1,3.5263605246161616
15568834,Howells,652.0,Spain,27.0,6,125427.37,2.0,0.0,0.0,27654.44,0,3.332204510175204
15709917,Ni,652.0,France,46.0,3,98202.76,1.0,0.0,0.0,137763.93,0,3.8501476017100584
15718843,Maslova,652.0,Spain,41.0,1,72509.91,1.0,1.0,0.0,25723.73,0,3.7376696182833684
15799494,Forster,652.0,Germany,44.0,3,140393.65,2.0,0.0,1.0,186285.52,0,3.8066624897703196
15673439,Sun,652.0,Spain,50.0,5,142644.64,2.0,1.0,1.0,142208.5,1,3.9318256327243257
15669011,Bocharova,652.0,France,44.0,9,23503.31,1.0,0.0,1.0,169862.01,1,3.8066624897703196
15581388,Y?an,652.0,Spain,33.0,8,145729.71,1.0,1.0,0.0,41365.85,0,3.5263605246161616
15743153,Singh,652.0,Germany,40.0,2,122295.17,2.0,1.0,1.0,30812.84,0,3.713572066704308
15579787,Nkemakonam,652.0,France,39.0,4,0.0,2.0,1.0,0.0,155023.93,0,3.6888794541139363
15759966,Chiemenam,652.0,Spain,36.0,5,119799.27,2.0,1.0,0.0,159416.58,0,3.6109179126442243
15601045,Angelo,652.0,Spain,37.0,8,163708.58,2.0,0.0,0.0,76259.23,0,3.6375861597263857
15764021,Frolov,652.0,France,34.0,1,61687.33,2.0,1.0,0.0,105965.25,0,3.5553480614894135
15687218,West,652.0,France,27.0,4,79144.34,1.0,0.0,1.0,50743.83,0,3.332204510175204
15626452,Beatham,652.0,Spain,32.0,5,0.0,2.0,1.0,1.0,147720.27,0,3.4965075614664802
15700964,Pollard,652.0,Germany,27.0,7,104848.68,1.0,1.0,1.0,167387.36,0,3.332204510175204
15768887,Hsing,652.0,Spain,26.0,5,0.0,2.0,0.0,1.0,95159.13,0,3.295836866004329
15735358,Dowse,652.0,Spain,46.0,4,0.0,1.0,1.0,1.0,4654.28,0,3.8501476017100584
15749472,Lucciano,652.0,France,45.0,8,0.0,1.0,1.0,0.0,130376.68,0,3.828641396489095
15685872,Godfrey,652.0,France,29.0,1,146652.01,1.0,1.0,1.0,173486.39,0,3.4011973816621555
15760851,Gratton,652.0,France,31.0,6,0.0,2.0,1.0,0.0,93881.75,0,3.4657359027997265
15734588,Manning,652.0,France,46.0,0,0.0,2.0,1.0,1.0,36376.97,0,3.8501476017100584
15784594,Mazzi,652.0,Germany,37.0,1,130622.34,2.0,1.0,1.0,128499.94,0,3.6375861597263857
15606435,Wall,652.0,Germany,62.0,2,187013.13,2.0,0.0,1.0,105898.69,0,4.248495242049359
15790247,Sims,652.0,Spain,40.0,9,0.0,2.0,1.0,1.0,11959.03,0,3.713572066704308
15676433,Allan,652.0,France,36.0,6,0.0,1.0,0.0,0.0,98810.78,0,3.6109179126442243
15625905,Griffen,652.0,Spain,41.0,0,0.0,2.0,1.0,0.0,65906.07,0,3.7376696182833684
15626414,Russell,652.0,France,44.0,6,98862.54,1.0,1.0,0.0,151516.7,0,3.8066624897703196
15623220,Brown,652.0,Spain,45.0,4,0.0,2.0,1.0,0.0,37214.39,0,3.828641396489095
15752857,Palerma,652.0,Germany,52.0,1,98443.14,2.0,0.0,0.0,92033.98,0,3.970291913552122
15677908,Gilbert,652.0,Spain,42.0,4,0.0,2.0,0.0,0.0,195692.3,0,3.7612001156935624
15773013,Uvarov,652.0,France,47.0,0,0.0,1.0,1.0,1.0,6342.84,1,3.8712010109078907
15623972,Wisdom,652.0,Germany,23.0,9,123575.51,1.0,0.0,1.0,95148.28,0,3.1780538303479458
15738627,Hussain,652.0,France,25.0,6,0.0,2.0,1.0,1.0,21215.67,0,3.258096538021482
15643392,Woods,652.0,France,31.0,4,105239.1,1.0,1.0,1.0,19700.24,0,3.4657359027997265
15684868,Cameron,652.0,Germany,56.0,9,110993.79,1.0,1.0,0.0,134396.64,1,4.04305126783455
15627854,Mai,652.0,Spain,44.0,3,0.0,2.0,1.0,1.0,135077.01,0,3.8066624897703196
15669253,Gibson,652.0,Spain,39.0,7,157691.98,2.0,1.0,0.0,133600.89,1,3.6888794541139363
15758023,Grigoryeva,652.0,Germany,47.0,5,105245.21,1.0,0.0,0.0,99922.08,1,3.8712010109078907
15574558,Gunter,652.0,Spain,32.0,8,0.0,2.0,1.0,1.0,41399.33,0,3.4965075614664802
15635256,Arcuri,652.0,France,31.0,7,117687.35,1.0,1.0,1.0,159344.43,0,3.4657359027997265
15680399,Tung,652.0,France,23.0,2,0.0,2.0,1.0,0.0,18364.19,0,3.1780538303479458
15674720,Smith,652.0,Germany,37.0,7,123067.63,1.0,1.0,1.0,98162.44,1,3.6375861597263857
15580249,Lori,652.0,France,45.0,0,0.0,1.0,0.0,0.0,84663.21,0,3.828641396489095
15675431,Chidimma,652.0,France,34.0,6,0.0,2.0,0.0,0.0,36536.93,0,3.5553480614894135
15698285,Ting,652.0,France,41.0,4,101457.14,1.0,1.0,1.0,79101.67,0,3.7376696182833684
15810775,Tsao,652.0,Spain,52.0,2,100549.43,2.0,1.0,1.0,16644.16,0,3.970291913552122
15678173,Collee,652.0,Spain,35.0,4,174588.8,2.0,0.0,1.0,158420.14,0,3.58351893845611
15665222,Lettiere,652.0,Spain,52.0,8,121161.57,1.0,1.0,0.0,48988.28,0,3.970291913552122
15803908,Fu,652.0,France,45.0,9,0.0,2.0,1.0,1.0,96862.56,0,3.828641396489095
15586039,Bergamaschi,652.0,Germany,36.0,5,90063.74,2.0,1.0,1.0,96366.7,0,3.6109179126442243
15802570,Dyer,652.0,France,45.0,5,0.0,2.0,1.0,1.0,146123.19,0,3.828641396489095
15781451,Buccho,652.0,France,42.0,3,134936.97,2.0,0.0,0.0,135178.91,0,3.7612001156935624
15721019,Jones,652.0,France,24.0,3,110495.27,1.0,1.0,0.0,158615.41,0,3.2188758248682006
15738588,Nebechi,652.0,Germany,37.0,2,133200.09,1.0,0.0,0.0,71433.88,0,3.6375861597263857
15730657,Ibekwe,652.0,France,41.0,4,82596.8,1.0,0.0,1.0,55672.09,0,3.7376696182833684
15739292,Gorshkov,652.0,Germany,31.0,9,103837.75,1.0,1.0,1.0,150218.11,0,3.4657359027997265
15725945,Nweke,652.0,Spain,42.0,2,0.0,1.0,0.0,0.0,162734.31,1,3.7612001156935624
15813159,Hairston,652.0,France,52.0,8,93590.47,1.0,0.0,1.0,21228.71,1,3.970291913552122
15636820,Loggia,652.0,Germany,40.0,8,104149.66,1.0,1.0,0.0,62027.9,0,3.713572066704308
15603880,Morgan,652.0,Germany,38.0,1,114141.64,1.0,1.0,1.0,60988.21,1,3.6635616461296463
15619494,Abdulov,652.0,Germany,31.0,9,117153.0,1.0,1.0,1.0,108675.01,0,3.4657359027997265
15596992,Norris,652.0,Germany,45.0,7,156353.46,1.0,1.0,0.0,72643.95,1,3.828641396489095
15735025,Clark,652.0,Spain,37.0,3,175534.78,2.0,1.0,1.0,9241.52,0,3.6375861597263857
15730759,Chukwudi,652.0,France,27.0,9,135637.0,1.0,1.0,0.0,153080.4,1,3.332204510175204
15752912,Perkin,652.0,France,30.0,7,0.0,2.0,1.0,0.0,72196.57,0,3.4339872044851463
15711316,Ch'ang,652.0,France,27.0,2,0.0,2.0,1.0,1.0,199527.34,0,3.332204510175204
15738785,Kang,652.0,France,26.0,7,0.0,2.0,0.0,1.0,156598.23,0,3.295836866004329
15777896,Chukwudi,652.0,Germany,33.0,2,83415.04,1.0,0.0,1.0,74917.64,0,3.5263605246161616
15628963,Frolova,652.0,Germany,43.0,3,141859.12,2.0,1.0,1.0,111249.62,0,3.784189633918261
15742126,Chiu,652.0,Germany,38.0,7,132767.66,2.0,1.0,1.0,59115.77,0,3.6635616461296463
15575623,Simpson,652.0,France,31.0,10,110635.32,1.0,1.0,0.0,148218.86,0,3.4657359027997265
15741652,McLean,652.0,Spain,37.0,8,177657.35,1.0,1.0,1.0,77142.32,0,3.6375861597263857
15738884,Hu,652.0,Germany,41.0,4,157777.58,1.0,1.0,0.0,67484.6,0,3.7376696182833684
15615050,Savage,652.0,Germany,47.0,9,107915.94,2.0,1.0,1.0,63452.18,1,3.8712010109078907
15803005,Wallace,652.0,Germany,57.0,5,86568.75,1.0,0.0,1.0,103660.31,0,4.060443010546419
15743498,Winter,652.0,Germany,52.0,9,137755.76,1.0,1.0,0.0,163191.99,1,3.970291913552122
15720463,Ho,652.0,France,30.0,2,137262.71,2.0,1.0,0.0,62905.29,0,3.4339872044851463
15588695,Su,652.0,Spain,32.0,6,0.0,1.0,1.0,1.0,44323.22,1,3.4965075614664802
15665802,Li Fonti,652.0,Spain,36.0,6,0.0,2.0,1.0,1.0,97938.59,0,3.6109179126442243
15571144,Ives,652.0,France,28.0,10,0.0,2.0,0.0,1.0,126565.21,0,3.367295829986474
15750731,Trevisani,652.0,Germany,50.0,9,116309.01,1.0,1.0,0.0,185360.4,1,3.9318256327243257
15605134,Bond,652.0,France,34.0,0,131244.65,2.0,1.0,0.0,183229.02,0,3.5553480614894135
15626044,Lettiere,652.0,Germany,28.0,3,125155.83,2.0,1.0,1.0,106024.02,0,3.367295829986474
15737910,Houghton,652.0,Germany,35.0,5,140691.08,2.0,1.0,0.0,167810.26,0,3.58351893845611
15761076,Lei,652.0,France,41.0,3,58820.32,2.0,1.0,1.0,138536.09,0,3.7376696182833684
15710105,Stirling,652.0,Germany,26.0,3,105099.45,1.0,1.0,1.0,184520.0,1,3.295836866004329
15577402,Grant,652.0,France,31.0,9,0.0,2.0,0.0,1.0,20492.16,0,3.4657359027997265
15803337,Baresi,652.0,France,23.0,9,168372.52,1.0,1.0,0.0,134676.72,0,3.1780538303479458
15654372,Pearce,652.0,Germany,34.0,1,94682.56,2.0,1.0,0.0,138478.2,0,3.5553480614894135
15585867,Rutledge,652.0,Spain,36.0,2,0.0,2.0,0.0,1.0,125557.95,0,3.6109179126442243
15662488,Udegbunam,652.0,France,44.0,5,0.0,2.0,1.0,0.0,82969.61,1,3.8066624897703196
15604813,Zaytseva,652.0,France,40.0,7,0.0,2.0,0.0,1.0,158071.69,0,3.713572066704308
15611644,Onyemauchechukwu,652.0,France,62.0,0,146329.73,1.0,0.0,1.0,43615.67,0,4.304065093204169
15674928,Mullah,652.0,Spain,37.0,2,0.0,2.0,1.0,0.0,119969.99,0,3.6375861597263857
15656100,Candler,652.0,France,49.0,5,167962.7,1.0,0.0,0.0,140201.21,0,3.912023005428146
15764293,Konovalova,652.0,France,33.0,1,0.0,2.0,1.0,1.0,80792.83,0,3.5263605246161616
15636423,Lei,652.0,France,40.0,7,0.0,1.0,1.0,1.0,141359.11,0,3.713572066704308
15607629,Hollis,652.0,France,48.0,8,0.0,2.0,1.0,0.0,23344.94,0,3.8918202981106265
15577313,Lionel,652.0,France,44.0,3,116967.68,1.0,1.0,0.0,5075.17,1,3.8066624897703196
15714493,Francis,652.0,Spain,33.0,6,0.0,2.0,1.0,1.0,95500.98,0,3.5263605246161616
15643359,Carter,652.0,Spain,32.0,7,0.0,1.0,0.0,1.0,79082.62,0,3.4965075614664802
15687913,Mai,652.0,Germany,34.0,7,93244.42,1.0,0.0,1.0,199805.63,0,3.5553480614894135
15790935,Johnson,652.0,France,29.0,5,0.0,2.0,0.0,1.0,52709.55,0,3.4011973816621555
15708693,Sherman,652.0,France,33.0,2,0.0,2.0,1.0,0.0,56583.88,0,3.5263605246161616
15672016,Sabbatini,652.0,France,35.0,1,0.0,2.0,0.0,1.0,3385.04,0,3.58351893845611
15727605,Shih,652.0,Germany,43.0,4,80442.06,2.0,0.0,1.0,12537.42,0,3.784189633918261
15651144,Yao,652.0,Germany,35.0,2,150561.03,2.0,0.0,0.0,64722.61,0,3.58351893845611
15749401,Ko,652.0,France,60.0,9,0.0,3.0,1.0,1.0,75246.21,1,4.110873864173311
15691874,Kazakova,652.0,France,34.0,9,125474.44,1.0,1.0,0.0,198929.84,0,3.5553480614894135
15620735,Chiganu,652.0,Germany,33.0,4,127076.68,2.0,1.0,0.0,69011.66,0,3.5263605246161616
15769781,Nucci,652.0,Spain,25.0,8,0.0,2.0,1.0,1.0,52404.47,0,3.258096538021482
15624611,Marsden,652.0,Spain,37.0,8,128650.11,2.0,1.0,1.0,163641.53,0,3.6375861597263857
15773071,Serena,652.0,Spain,33.0,6,145580.61,1.0,1.0,1.0,154598.56,0,3.5263605246161616
15720371,McLean,652.0,France,51.0,3,0.0,1.0,1.0,0.0,173989.47,1,3.9512437185814275
15717984,Longo,652.0,France,47.0,9,144900.58,1.0,1.0,0.0,61315.37,1,3.8712010109078907
15806407,Wilson,652.0,France,37.0,4,0.0,2.0,1.0,0.0,143393.24,0,3.6375861597263857
15785042,Hsiung,652.0,France,31.0,8,97588.6,1.0,0.0,0.0,124210.53,0,3.4657359027997265
15809302,Wright,652.0,France,24.0,1,0.0,2.0,1.0,1.0,151460.84,0,3.2188758248682006
15677550,Folliero,652.0,France,38.0,1,0.0,2.0,1.0,0.0,20734.81,0,3.6635616461296463
15654096,Johnston,652.0,Germany,24.0,10,122200.31,2.0,1.0,0.0,43705.56,0,3.2188758248682006
15617320,Palermo,652.0,Spain,46.0,3,151709.33,1.0,1.0,0.0,180736.24,0,3.8501476017100584
15653065,Nwabugwu,652.0,Spain,22.0,7,0.0,2.0,1.0,0.0,104170.48,0,3.1354942159291497
15649112,Endrizzi,652.0,Spain,33.0,3,122134.4,2.0,0.0,1.0,27867.59,0,3.5263605246161616
15690526,Tuan,652.0,Germany,31.0,2,137260.45,2.0,1.0,0.0,55387.28,0,3.4657359027997265
15806945,Udobata,652.0,France,30.0,9,88594.14,1.0,1.0,0.0,196332.45,0,3.4339872044851463
15670066,Ibezimako,652.0,Spain,34.0,6,0.0,2.0,1.0,1.0,116046.22,0,3.5553480614894135
15625761,Maclean,652.0,Germany,41.0,8,127205.32,3.5,1.0,0.0,93874.87,1,3.7376696182833684
15761525,Shaw,652.0,Spain,31.0,10,96997.09,2.0,0.0,0.0,76614.04,0,3.4657359027997265
15735080,Cummins,652.0,France,62.0,2,0.0,1.0,1.0,1.0,6076.62,0,4.174387269895637
15619537,Lavrentiev,652.0,France,31.0,5,142200.19,2.0,1.0,1.0,122221.71,0,3.4657359027997265
15598162,Saunders,652.0,Germany,39.0,3,160761.41,1.0,1.0,1.0,24156.03,0,3.6888794541139363
15694300,Fiorentino,652.0,France,26.0,4,0.0,2.0,1.0,0.0,135394.62,0,3.295836866004329
15637235,Knight,652.0,Spain,33.0,8,0.0,2.0,0.0,0.0,91340.02,0,3.5263605246161616
15612444,Manfrin,652.0,France,29.0,3,0.0,2.0,1.0,0.0,146090.38,0,3.4011973816621555
15626457,Zetticci,652.0,France,31.0,0,116234.61,1.0,1.0,0.0,172096.08,0,3.4657359027997265
15627995,Angelo,652.0,Germany,26.0,5,155143.52,1.0,0.0,1.0,135034.57,1,3.295836866004329
15706128,Zhdanov,652.0,France,21.0,1,0.0,2.0,1.0,0.0,84008.66,0,3.091042453358316
15666430,Peck,652.0,France,38.0,8,0.0,2.0,0.0,0.0,91763.67,0,3.6635616461296463
15627385,Uwaezuoke,652.0,France,34.0,5,84009.47,1.0,1.0,1.0,137001.1,0,3.5553480614894135
15581323,White,652.0,Germany,28.0,7,139246.22,2.0,1.0,0.0,106799.49,0,3.367295829986474
15608109,Greco,652.0,Germany,58.0,7,170113.0,2.0,0.0,1.0,10494.64,0,4.07753744390572
15801942,Chu,652.0,Spain,41.0,8,0.0,3.0,1.0,1.0,79866.73,1,3.7376696182833684
15567431,Kodilinyechukwu,652.0,France,62.0,2,145578.28,1.0,0.0,1.0,186172.85,0,4.174387269895637
15810167,Scott,652.0,Spain,62.0,7,126273.95,1.0,0.0,1.0,91673.6,0,4.330733340286331
15644501,Enyinnaya,652.0,France,26.0,10,162482.76,1.0,1.0,1.0,18458.2,0,3.295836866004329
15785290,Hao,652.0,France,29.0,9,0.0,1.0,1.0,0.0,8342.35,0,3.4011973816621555
15611157,McElhone,652.0,France,32.0,2,87814.89,1.0,1.0,0.0,138578.37,0,3.4965075614664802
15673837,Ko,652.0,Spain,61.0,3,113858.95,1.0,1.0,1.0,38129.22,0,4.127134385045092
15656822,Day,652.0,Germany,43.0,5,87612.64,3.5,1.0,1.0,107155.4,1,3.784189633918261
15580560,Harris,652.0,France,62.0,1,0.0,1.0,1.0,1.0,29792.11,0,4.304065093204169
15760641,Gerald,652.0,Germany,26.0,1,106648.98,1.0,0.0,1.0,7063.6,0,3.295836866004329
15587584,Nebeuwa,652.0,Spain,31.0,4,0.0,2.0,1.0,1.0,21645.06,0,3.4657359027997265
15604146,Kaodilinakachukwu,652.0,Germany,38.0,8,103653.51,2.0,1.0,1.0,137079.86,0,3.6635616461296463
15813974,Maruff,652.0,Germany,37.0,3,116880.53,1.0,0.0,0.0,172718.35,1,3.6375861597263857
15746986,Howe,652.0,Germany,40.0,4,97990.49,2.0,0.0,0.0,106691.02,0,3.713572066704308
15759741,Knepper,652.0,Germany,34.0,4,150635.3,1.0,1.0,1.0,72274.84,0,3.5553480614894135
15734892,Fennell,652.0,Spain,37.0,4,0.0,2.0,1.0,1.0,32246.63,0,3.6375861597263857
15797194,T'ao,652.0,France,39.0,10,129674.89,2.0,1.0,0.0,80552.36,0,3.6888794541139363
15723786,Morris,652.0,France,37.0,9,0.0,2.0,1.0,0.0,16733.59,0,3.6375861597263857
15642726,Holmes,652.0,France,53.0,3,83568.26,1.0,0.0,0.0,1235.49,0,3.9889840465642745
15664339,Yu,652.0,Spain,48.0,4,178144.91,2.0,0.0,0.0,50168.41,1,3.8918202981106265
15754526,Walker,652.0,Germany,36.0,6,147137.74,1.0,1.0,1.0,33687.9,0,3.6109179126442243
15703037,Edwards,652.0,France,37.0,5,0.0,1.0,0.0,1.0,178705.45,1,3.6375861597263857
15751412,Harvey,652.0,France,36.0,3,114370.41,1.0,0.0,1.0,66810.48,0,3.6109179126442243
15609558,McDonald,652.0,Germany,47.0,5,108289.28,2.0,1.0,1.0,45859.55,1,3.8712010109078907
15572408,Chambers,652.0,Germany,39.0,3,149887.49,2.0,1.0,0.0,63846.36,0,3.6888794541139363
15613923,Reed,652.0,Spain,43.0,4,170172.9,1.0,0.0,1.0,100236.02,0,3.784189633918261
15747000,Shih,652.0,France,27.0,3,0.0,2.0,1.0,1.0,19645.65,0,3.332204510175204
15731781,Onyemachukwu,652.0,France,43.0,7,0.0,2.0,1.0,0.0,178393.68,0,3.784189633918261
15727198,Teng,652.0,Germany,28.0,2,64808.32,2.0,0.0,0.0,78591.15,0,3.367295829986474
15794273,Hand,652.0,France,56.0,0,62732.65,1.0,0.0,1.0,124954.56,0,4.04305126783455
15804950,Onyemauchechukwu,652.0,France,41.0,7,0.0,2.0,1.0,1.0,3756.65,0,3.7376696182833684
15576304,Bailey,652.0,France,29.0,5,95167.55,1.0,1.0,1.0,152723.23,0,3.4011973816621555
15645200,Chiang,652.0,Germany,54.0,2,152508.99,1.0,1.0,0.0,187597.98,1,4.007333185232471
15779627,Maclean,652.0,Germany,31.0,0,134644.19,1.0,1.0,1.0,70381.49,0,3.4657359027997265
15750755,Yobachi,652.0,Spain,33.0,8,0.0,2.0,0.0,0.0,156792.89,0,3.5263605246161616
15569654,Munro,652.0,Germany,31.0,3,51293.47,1.0,0.0,0.0,35534.68,0,3.4657359027997265
15753079,Chidi,652.0,France,41.0,5,0.0,3.0,0.0,0.0,151256.22,0,3.7376696182833684
15684995,Chamberlain,652.0,Spain,49.0,8,116622.73,1.0,0.0,1.0,51011.29,0,3.912023005428146
15790763,Trujillo,652.0,Spain,49.0,2,0.0,2.0,1.0,0.0,111190.53,0,3.912023005428146
15766458,Tang,652.0,France,33.0,1,198113.86,1.0,1.0,0.0,69664.35,0,3.5263605246161616
15616221,Wilson,652.0,France,29.0,4,85646.81,1.0,0.0,0.0,63233.02,1,3.4011973816621555
15776124,Mann,652.0,Spain,51.0,7,0.0,1.0,0.0,1.0,40855.79,0,3.9512437185814275
15665811,Parry,652.0,France,33.0,9,141234.98,1.0,1.0,0.0,95673.05,0,3.5263605246161616
15729804,Manfrin,652.0,France,34.0,10,0.0,2.0,1.0,1.0,80234.14,0,3.5553480614894135
15714062,Millar,652.0,France,40.0,9,77641.99,1.0,0.0,0.0,189051.59,1,3.713572066704308
15592197,Simmons,652.0,Spain,30.0,3,0.0,2.0,1.0,0.0,145490.85,0,3.4339872044851463
15793116,Beneventi,652.0,Germany,40.0,7,117304.29,1.0,0.0,0.0,196278.32,0,3.713572066704308
15638231,Chung,652.0,Spain,62.0,2,0.0,2.0,1.0,1.0,162889.1,0,4.143134726391533
15697678,Maxwell,652.0,Germany,36.0,6,92340.69,2.0,1.0,1.0,174667.58,0,3.6109179126442243
15800412,Dale,652.0,Germany,35.0,9,146780.52,2.0,1.0,1.0,3476.38,0,3.58351893845611
15597610,Stevens,652.0,Spain,41.0,6,144974.55,1.0,1.0,1.0,19344.92,0,3.7376696182833684
15726634,Wei,652.0,France,47.0,1,0.0,1.0,1.0,0.0,95270.83,0,3.8712010109078907
15670866,Chiu,652.0,France,31.0,2,0.0,2.0,1.0,1.0,107759.31,0,3.4657359027997265
15667462,Duncan,652.0,Spain,43.0,10,0.0,2.0,1.0,0.0,118368.2,0,3.784189633918261
15662574,Brady,652.0,Spain,37.0,1,115137.26,1.0,1.0,0.0,52484.01,0,3.6375861597263857
15716926,Macleod,652.0,France,33.0,10,101952.97,2.0,1.0,0.0,178153.65,0,3.5263605246161616
15603554,Berkeley,652.0,France,45.0,0,164649.52,3.0,1.0,0.0,49915.52,1,3.828641396489095
15716800,Kaur,652.0,France,31.0,2,0.0,2.0,1.0,1.0,33747.03,0,3.4657359027997265
15679429,Bell,652.0,France,32.0,0,91956.49,1.0,1.0,1.0,59961.81,0,3.4965075614664802
15616122,Nwokike,652.0,France,39.0,8,0.0,2.0,1.0,1.0,18613.52,0,3.6888794541139363
15742172,Williamson,652.0,Germany,32.0,9,123938.6,2.0,1.0,0.0,198894.42,0,3.4965075614664802
15792305,Mountgarrett,652.0,Germany,46.0,6,123571.77,3.0,0.0,1.0,57014.17,1,3.8501476017100584
15636016,Wreford,652.0,France,34.0,3,120777.88,1.0,1.0,1.0,131729.52,0,3.5553480614894135
15733138,Paterson,652.0,Germany,42.0,5,90248.79,1.0,1.0,1.0,79169.73,0,3.7612001156935624
15669741,Hou,652.0,France,36.0,7,0.0,1.0,1.0,0.0,106472.34,0,3.6109179126442243
15616954,Smith,652.0,France,62.0,4,0.0,2.0,0.0,1.0,17013.54,0,4.276666119016055
15729238,Peng,652.0,Germany,48.0,1,106396.48,1.0,1.0,1.0,150661.42,1,3.8918202981106265
15718242,Wollstonecraft,652.0,Germany,47.0,1,104887.43,1.0,0.0,0.0,86622.56,1,3.8712010109078907
15682914,Bolton,652.0,France,34.0,2,72079.71,1.0,1.0,1.0,115767.93,0,3.5553480614894135
15654274,Corrie,652.0,France,37.0,6,0.0,2.0,1.0,0.0,141998.89,0,3.6375861597263857
15691457,Boyle,652.0,Spain,36.0,2,0.0,2.0,1.0,1.0,182787.17,0,3.6109179126442243
15719649,Lambie,652.0,France,38.0,3,99844.68,1.0,0.0,0.0,187915.7,0,3.6635616461296463
15778897,Cartwright,652.0,France,28.0,1,0.0,2.0,1.0,1.0,133267.78,0,3.367295829986474
15589437,Lu,652.0,France,26.0,3,156815.71,1.0,1.0,1.0,137476.09,0,3.295836866004329
15682369,Pisano,652.0,France,47.0,6,146034.74,1.0,1.0,1.0,77146.14,0,3.8712010109078907
15626507,Chukwubuikem,652.0,France,27.0,1,152283.39,1.0,1.0,0.0,183271.15,0,3.332204510175204
15571995,Harper,652.0,Germany,33.0,1,118897.1,2.0,1.0,1.0,26362.4,0,3.5263605246161616
15673333,Wilson,652.0,Germany,52.0,8,96781.39,1.0,1.0,1.0,153373.71,0,3.970291913552122
15748752,Ch'in,652.0,Germany,33.0,1,102772.67,2.0,1.0,0.0,70705.58,0,3.5263605246161616
15725302,Streeton,652.0,Spain,20.0,4,0.0,2.0,1.0,0.0,119759.24,0,3.044522437723423
15722083,Ch'ang,652.0,Spain,39.0,8,0.0,2.0,0.0,0.0,42392.24,0,3.6888794541139363
15771442,Pennington,652.0,France,40.0,4,150578.0,1.0,0.0,1.0,34670.62,1,3.713572066704308
15803633,T'ien,652.0,France,46.0,1,0.0,2.0,0.0,0.0,82106.19,0,3.8501476017100584
15672185,Liu,652.0,France,47.0,3,0.0,2.0,1.0,0.0,171774.5,0,3.8712010109078907
15806486,Cunningham,652.0,France,48.0,0,0.0,2.0,0.0,0.0,149772.61,0,3.8918202981106265
15570895,Ch'in,652.0,France,42.0,10,163548.07,1.0,1.0,0.0,38866.85,0,3.7612001156935624
15614520,Smith,652.0,France,37.0,8,148580.12,1.0,1.0,0.0,35179.18,0,3.6375861597263857
15687492,Anderson,652.0,Germany,32.0,3,96709.07,2.0,0.0,0.0,41788.37,0,3.4965075614664802
15675337,Forbes,652.0,Germany,34.0,5,106011.59,1.0,1.0,1.0,17376.57,1,3.5553480614894135
15721047,Ansell,652.0,Germany,37.0,1,135650.88,1.0,1.0,0.0,199428.19,0,3.6375861597263857
15589017,Chiu,652.0,Germany,55.0,4,111362.76,3.0,1.0,0.0,16922.28,1,4.02535169073515
15611186,Yevdokimova,652.0,France,37.0,1,39344.83,1.0,1.0,1.0,178291.89,1,3.6375861597263857
15617301,Chamberlin,652.0,Germany,36.0,9,130809.77,1.0,1.0,0.0,152290.28,0,3.6109179126442243
15726046,Johnston,652.0,France,27.0,2,133009.51,1.0,1.0,0.0,126809.15,0,3.332204510175204
15585748,McDonald,652.0,Germany,28.0,9,135337.49,2.0,1.0,1.0,40385.61,0,3.367295829986474
15672826,Chen,652.0,France,32.0,10,112536.57,2.0,1.0,1.0,34350.54,0,3.4965075614664802
15595162,Cattaneo,652.0,Spain,35.0,8,122570.69,1.0,0.0,0.0,199005.88,0,3.58351893845611
15650026,Barclay-Harvey,652.0,France,44.0,1,63562.02,2.0,0.0,1.0,52629.73,1,3.8066624897703196
15745826,Dawson,652.0,France,37.0,3,0.0,2.0,1.0,1.0,180012.39,0,3.6375861597263857
15708610,Costa,652.0,Germany,44.0,9,100368.63,2.0,0.0,0.0,35342.33,0,3.8066624897703196
15624471,Chikwado,652.0,France,37.0,6,0.0,2.0,1.0,0.0,109291.22,0,3.6375861597263857
15590097,Ch'eng,652.0,Spain,33.0,7,136082.0,1.0,1.0,0.0,62746.54,0,3.5263605246161616
15689328,Harrison,652.0,Germany,48.0,9,114169.16,1.0,0.0,0.0,173273.2,1,3.8918202981106265
15582154,Crawford,652.0,France,45.0,5,47884.92,1.0,1.0,1.0,54340.24,0,3.828641396489095
15734626,Gibson,652.0,Spain,36.0,1,0.0,2.0,1.0,1.0,19302.78,0,3.6109179126442243
15702806,Martin,652.0,Spain,24.0,9,0.0,1.0,0.0,0.0,10883.52,0,3.2188758248682006
15620756,Stokes,652.0,France,49.0,6,202904.64,1.0,1.0,1.0,17298.72,1,3.912023005428146
15611331,Niu,652.0,France,46.0,1,0.0,1.0,1.0,1.0,115779.48,1,3.8501476017100584
15576935,Ampt,652.0,Spain,43.0,2,161807.18,2.0,0.0,1.0,93228.86,1,3.784189633918261
15661275,Wynn,652.0,Germany,52.0,3,110791.97,1.0,1.0,0.0,148704.77,1,3.970291913552122
15814940,Lawrence,652.0,Spain,33.0,9,0.0,2.0,1.0,1.0,150475.14,0,3.5263605246161616
15768471,Wagner,652.0,Germany,54.0,6,108755.0,1.0,1.0,0.0,40914.32,1,4.007333185232471
15697391,Argyle,652.0,Spain,34.0,3,0.0,2.0,1.0,0.0,38587.7,0,3.5553480614894135
15793346,Ofodile,652.0,France,62.0,3,0.0,2.0,1.0,1.0,171260.66,0,4.290459441148391
15608338,Chiemenam,652.0,Spain,55.0,9,117294.12,3.5,1.0,0.0,94187.47,1,4.02535169073515
15578546,Akobundu,652.0,Germany,26.0,4,102251.14,1.0,1.0,1.0,145900.89,0,3.295836866004329
15656921,Locke,652.0,France,31.0,4,0.0,2.0,0.0,0.0,152298.28,0,3.4657359027997265
15761340,Bullen,652.0,France,22.0,5,0.0,2.0,1.0,1.0,99828.45,0,3.1354942159291497
15591135,Forster,652.0,France,37.0,2,132057.92,2.0,1.0,0.0,34743.98,0,3.6375861597263857
15623219,Smith,652.0,France,33.0,8,0.0,1.0,1.0,0.0,121189.3,1,3.5263605246161616
15655229,Craig,652.0,Germany,35.0,7,114285.2,1.0,0.0,1.0,129660.59,0,3.58351893845611
15805884,Archer,652.0,France,41.0,9,0.0,2.0,1.0,0.0,145477.36,0,3.7376696182833684
15668289,McWilliams,652.0,Spain,32.0,2,76087.98,1.0,0.0,1.0,151822.66,0,3.4965075614664802
15568562,Moss,652.0,France,40.0,8,160272.27,1.0,1.0,0.0,49656.24,0,3.713572066704308
15773276,Townsend,652.0,Spain,62.0,4,114552.6,1.0,1.0,0.0,73856.28,1,4.1588830833596715
15622801,Brown,652.0,France,27.0,8,102000.17,1.0,1.0,1.0,116757.0,0,3.332204510175204
15779886,Munson,652.0,Spain,24.0,7,0.0,2.0,0.0,0.0,16319.56,0,3.2188758248682006
15713673,T'ien,652.0,France,33.0,1,137853.0,1.0,0.0,1.0,90273.85,0,3.5263605246161616
15783083,Shubin,652.0,France,27.0,9,0.0,2.0,1.0,0.0,161344.13,0,3.332204510175204
15742824,Isayeva,652.0,Germany,42.0,7,162318.61,1.0,1.0,0.0,121061.89,0,3.7612001156935624
15621550,Hung,652.0,Spain,50.0,1,140292.58,3.0,0.0,0.0,69531.22,1,3.9318256327243257
15799480,Webb,652.0,France,34.0,0,0.0,2.0,0.0,1.0,3756.23,0,3.5553480614894135
15625247,Scott,652.0,France,34.0,1,0.0,1.0,0.0,0.0,114448.13,0,3.5553480614894135
15755241,Rahman,652.0,France,52.0,2,0.0,1.0,0.0,1.0,144045.08,1,3.970291913552122
15575679,Lori,652.0,France,24.0,7,126431.54,1.0,1.0,0.0,58781.11,0,3.2188758248682006
15668235,Cooke,652.0,France,41.0,3,123475.04,1.0,1.0,1.0,179227.52,0,3.7376696182833684
15683183,Volkova,652.0,Germany,45.0,6,97652.96,1.0,1.0,0.0,127332.33,0,3.828641396489095
15684592,Lamb,652.0,Spain,42.0,4,0.0,2.0,0.0,1.0,86642.38,0,3.7612001156935624
15591169,Hawes,652.0,Germany,49.0,4,137455.99,1.0,1.0,0.0,184178.29,1,3.912023005428146
15653455,Smith,652.0,France,38.0,2,0.0,2.0,0.0,1.0,9551.49,0,3.6635616461296463
15732563,Swanton,652.0,Germany,33.0,7,99046.31,2.0,1.0,1.0,56053.06,0,3.5263605246161616
15656471,Mitchell,652.0,France,33.0,9,0.0,2.0,1.0,1.0,1118.31,0,3.5263605246161616
15598510,Colombo,652.0,Germany,27.0,4,105907.42,2.0,1.0,1.0,195732.04,0,3.332204510175204
15766427,Shaw,652.0,Germany,52.0,5,97720.35,2.0,1.0,0.0,175070.94,1,3.970291913552122
15785342,Shipp,652.0,France,25.0,9,0.0,2.0,0.0,1.0,112331.19,0,3.258096538021482
15641595,Jonathan,652.0,Spain,43.0,4,97392.18,2.0,1.0,0.0,43956.83,0,3.784189633918261
15798429,Hernandez,652.0,France,29.0,8,0.0,2.0,1.0,1.0,115994.52,0,3.4011973816621555
15648136,Green,652.0,Germany,28.0,9,152812.58,1.0,1.0,0.0,166682.57,0,3.367295829986474
15812482,Young,652.0,France,27.0,3,139301.68,1.0,1.0,0.0,99843.98,0,3.332204510175204
15790810,Han,652.0,France,41.0,10,76319.64,1.0,1.0,1.0,141175.18,1,3.7376696182833684
15687421,Highland,652.0,Spain,62.0,9,125919.35,1.0,1.0,0.0,175910.95,1,4.219507705176107
15765643,Hamilton,652.0,France,37.0,6,124348.38,2.0,0.0,1.0,176984.34,0,3.6375861597263857
15654878,Yobanna,652.0,France,29.0,7,117199.8,1.0,1.0,1.0,43480.63,0,3.4011973816621555
15686835,Crawford,652.0,Germany,57.0,9,148384.64,1.0,0.0,0.0,155047.11,1,4.060443010546419
15768340,Beavers,652.0,Germany,19.0,3,113905.48,1.0,1.0,1.0,176137.2,0,2.995732273553991
15673599,Williamson,652.0,Spain,32.0,5,133476.09,1.0,0.0,1.0,154843.4,0,3.4965075614664802
15689096,Beneventi,652.0,France,47.0,0,117879.32,1.0,1.0,1.0,8214.46,0,3.8712010109078907
15684294,Chidumaga,652.0,France,50.0,2,0.0,2.0,0.0,1.0,147075.69,0,3.9318256327243257
15615828,Mitchell,652.0,France,34.0,8,122359.5,1.0,0.0,0.0,116495.55,0,3.5553480614894135
15746012,Chibugo,652.0,Spain,28.0,0,0.0,2.0,1.0,1.0,31165.06,1,3.367295829986474
15615797,Hyde,652.0,Germany,59.0,5,108585.35,1.0,1.0,1.0,192127.22,1,4.0943445622221
15788494,Alekseeva,652.0,France,31.0,8,145875.74,1.0,1.0,0.0,137491.23,0,3.4657359027997265
15793856,Abdulov,652.0,Spain,36.0,3,121542.57,2.0,1.0,1.0,186841.71,0,3.6109179126442243
15629545,Buckley,652.0,Spain,41.0,7,109508.68,1.0,0.0,0.0,86776.38,0,3.7376696182833684
15661198,Howard,652.0,Germany,34.0,2,146407.11,1.0,1.0,1.0,72073.72,0,3.5553480614894135
15715117,Peel,652.0,France,39.0,6,0.0,1.0,0.0,0.0,10662.58,0,3.6888794541139363
15701074,Herz,652.0,Germany,35.0,8,112330.83,1.0,1.0,1.0,91001.02,0,3.58351893845611
15793046,Holden,652.0,France,35.0,4,90413.12,1.0,1.0,1.0,20555.21,0,3.58351893845611
15623744,McLean,652.0,France,34.0,8,105302.66,1.0,1.0,1.0,123164.97,0,3.5553480614894135
15611329,Findlay,652.0,Spain,35.0,6,0.0,2.0,1.0,1.0,143463.28,0,3.58351893845611
15740428,Wyatt,652.0,France,35.0,1,0.0,2.0,0.0,0.0,92131.54,0,3.58351893845611
15781534,Rapuluolisa,652.0,Germany,35.0,4,121520.36,1.0,0.0,0.0,77178.42,0,3.58351893845611
15618243,Buckland,652.0,Spain,43.0,1,103960.38,1.0,1.0,1.0,193650.16,0,3.784189633918261
15784161,Hargreaves,652.0,Germany,39.0,8,102945.01,1.0,0.0,0.0,52861.89,0,3.6888794541139363
15700325,Onyeoruru,652.0,France,24.0,8,92760.55,1.0,1.0,0.0,35896.75,0,3.2188758248682006
15659064,Salas,652.0,Spain,37.0,8,0.0,2.0,1.0,1.0,149418.41,0,3.6375861597263857
15658364,Laney,652.0,Germany,40.0,1,134590.21,1.0,1.0,1.0,46253.65,0,3.713572066704308
15704340,Fu,652.0,France,37.0,10,104255.03,1.0,1.0,0.0,86609.37,0,3.6375861597263857
15793455,Tien,652.0,Spain,55.0,6,0.0,1.0,0.0,0.0,91943.94,1,4.02535169073515
15579777,Sazonova,652.0,France,41.0,3,0.0,2.0,1.0,0.0,128892.36,0,3.7376696182833684
15632345,Tuan,652.0,France,35.0,4,0.0,2.0,1.0,0.0,44830.71,0,3.58351893845611
15814468,Wei,652.0,Germany,50.0,1,121399.98,1.0,0.0,1.0,84508.44,1,3.9318256327243257
15754820,Bergamaschi,652.0,Germany,35.0,8,147127.81,2.0,1.0,1.0,84760.7,0,3.58351893845611
15707505,Taylor,652.0,Spain,31.0,8,125927.51,2.0,1.0,0.0,147661.47,0,3.4657359027997265
15699507,Messersmith,652.0,France,25.0,7,0.0,2.0,0.0,1.0,82393.08,0,3.258096538021482
15799600,Coles,652.0,Germany,48.0,1,111599.32,1.0,0.0,1.0,135995.58,0,3.8918202981106265
15794472,Brookes,652.0,France,27.0,3,0.0,2.0,0.0,0.0,159800.16,0,3.332204510175204
15646632,Reid,652.0,France,38.0,9,0.0,2.0,1.0,0.0,14379.01,0,3.6635616461296463
15676353,Etheridge,652.0,France,35.0,8,114212.6,1.0,1.0,1.0,74322.85,0,3.58351893845611
15566312,Jolly,652.0,Spain,42.0,5,0.0,3.0,1.0,1.0,189016.24,1,3.7612001156935624
15570414,Chizoba,652.0,Spain,41.0,4,115251.64,1.0,0.0,0.0,136435.75,0,3.7376696182833684
15776743,Eberegbulam,652.0,France,43.0,9,0.0,2.0,1.0,1.0,78488.39,0,3.784189633918261
15674637,Pagnotto,652.0,France,62.0,3,107571.61,1.0,0.0,1.0,113695.99,0,4.23410650459726
15730418,Lucchesi,652.0,France,32.0,2,0.0,2.0,1.0,0.0,54628.11,0,3.4965075614664802
15739972,Hughes,652.0,Germany,45.0,9,152367.21,3.0,1.0,0.0,150835.21,1,3.828641396489095
15661591,Panicucci,652.0,Germany,39.0,1,130969.77,2.0,1.0,1.0,158891.79,0,3.6888794541139363
15675585,Burns,652.0,Germany,25.0,0,97738.97,2.0,1.0,1.0,160523.33,0,3.258096538021482
15814750,Ricci,652.0,Spain,34.0,8,0.0,2.0,1.0,1.0,180595.02,0,3.5553480614894135
15593454,Lambert,652.0,Spain,40.0,4,113794.22,1.0,1.0,0.0,16618.76,0,3.713572066704308
15663421,Esposito,652.0,Spain,28.0,6,128396.33,2.0,1.0,0.0,79919.97,0,3.367295829986474
15576196,Benson,652.0,Spain,48.0,5,118207.69,2.0,0.0,0.0,186489.14,1,3.8918202981106265
15677324,Botts,652.0,Germany,62.0,9,124730.26,1.0,1.0,1.0,51999.5,0,4.304065093204169
15568742,Parkes,652.0,France,41.0,9,0.0,1.0,1.0,0.0,121299.14,0,3.7376696182833684
15693764,Mai,652.0,Spain,52.0,0,136298.65,1.0,1.0,0.0,144593.3,1,3.970291913552122
15714260,Castiglione,652.0,France,38.0,2,0.0,2.0,0.0,0.0,178752.73,0,3.6635616461296463
15798200,Manna,652.0,France,35.0,2,0.0,3.0,1.0,1.0,94148.3,0,3.58351893845611
15656627,Lin,652.0,France,34.0,5,0.0,2.0,1.0,1.0,77414.45,0,3.5553480614894135
15791111,Fink,652.0,France,47.0,2,125724.95,2.0,1.0,0.0,63236.97,0,3.8712010109078907
15638269,Baresi,652.0,France,62.0,2,0.0,2.0,0.0,1.0,108645.85,0,4.219507705176107
15807473,Morehead,652.0,France,38.0,1,0.0,2.0,1.0,1.0,95153.24,0,3.6635616461296463
15708534,Afamefuna,652.0,Spain,62.0,5,0.0,1.0,1.0,0.0,136079.64,1,4.174387269895637
15640686,Greco,652.0,France,46.0,5,95872.86,1.0,1.0,0.0,98273.01,1,3.8501476017100584
15588904,Balashova,652.0,France,33.0,9,0.0,1.0,1.0,0.0,113505.93,1,3.5263605246161616
15768763,Bogdanov,652.0,France,37.0,2,0.0,1.0,0.0,1.0,52525.15,1,3.6375861597263857
15770543,Lowe,652.0,France,37.0,7,74260.03,1.0,1.0,0.0,194617.98,0,3.6375861597263857
15642162,Ponce,652.0,Germany,35.0,1,123407.69,1.0,1.0,0.0,152541.89,1,3.58351893845611
15714046,Trevisano,652.0,Spain,33.0,3,123783.91,2.0,1.0,1.0,142903.44,0,3.5263605246161616
15575060,Gardner,652.0,France,24.0,5,0.0,2.0,1.0,0.0,182257.61,0,3.2188758248682006
15812040,Lorenzo,652.0,France,36.0,6,153880.15,1.0,0.0,0.0,135431.72,0,3.6109179126442243
15812073,Palmer,652.0,France,31.0,7,0.0,2.0,1.0,1.0,175697.87,0,3.4657359027997265
15706810,Zuyeva,652.0,Germany,32.0,1,106301.85,2.0,0.0,1.0,59061.25,0,3.4965075614664802
15584090,Jen,652.0,Spain,40.0,7,0.0,2.0,0.0,1.0,131283.6,1,3.713572066704308
15810807,Alekseeva,652.0,France,43.0,9,0.0,2.0,1.0,0.0,152499.8,0,3.784189633918261
15582033,Manfrin,652.0,Germany,44.0,3,138076.47,1.0,1.0,0.0,15523.09,1,3.8066624897703196
15687607,Chiemenam,652.0,France,30.0,9,135422.31,1.0,0.0,1.0,186418.85,0,3.4339872044851463
15588406,Chiemenam,652.0,Spain,37.0,7,0.0,2.0,1.0,0.0,32262.28,0,3.6375861597263857
15784099,Clark,652.0,France,38.0,5,126875.62,1.0,1.0,0.0,128052.29,0,3.6635616461296463
15701352,Fanucci,652.0,Spain,28.0,3,96381.68,2.0,1.0,0.0,181419.29,0,3.367295829986474
15789371,Cattaneo,652.0,Germany,41.0,4,119703.1,2.0,1.0,1.0,109783.29,0,3.7376696182833684
15602845,Udinesi,652.0,Germany,41.0,2,152102.18,2.0,1.0,0.0,181879.56,0,3.7376696182833684
15707918,Bentley,652.0,Germany,36.0,0,127675.39,2.0,1.0,0.0,74260.16,0,3.6109179126442243
15602812,Holmes,652.0,Germany,44.0,2,133776.86,2.0,0.0,1.0,49865.04,0,3.8066624897703196
15675888,Austin,652.0,Spain,33.0,9,72788.03,1.0,1.0,1.0,103608.06,0,3.5263605246161616
15591822,Mackenzie,652.0,Spain,26.0,9,76226.9,1.0,1.0,0.0,167564.82,0,3.295836866004329
15738501,Booth,652.0,Germany,48.0,9,163630.76,1.0,0.0,1.0,41816.49,1,3.8918202981106265
15585907,Collier,652.0,Spain,30.0,5,0.0,2.0,0.0,0.0,179066.58,0,3.4339872044851463
15579040,Hs?,652.0,France,46.0,10,0.0,2.0,0.0,0.0,109184.24,0,3.8501476017100584
15804211,Oluchukwu,652.0,France,36.0,3,155423.17,1.0,1.0,1.0,199841.32,0,3.6109179126442243
15736126,Sung,652.0,Germany,55.0,0,98710.89,1.0,1.0,1.0,83617.17,1,4.02535169073515
15745399,Marino,652.0,Spain,49.0,2,0.0,1.0,1.0,0.0,84863.85,1,3.912023005428146
15760749,Vinogradov,652.0,Spain,41.0,7,126683.8,1.0,0.0,1.0,114775.53,0,3.7376696182833684
15637118,Burns,652.0,France,33.0,4,140700.61,1.0,1.0,0.0,103557.93,0,3.5263605246161616
15657829,Fanucci,652.0,Germany,30.0,8,168078.83,1.0,1.0,0.0,85028.36,1,3.4339872044851463
15738497,Chukwujamuike,652.0,Spain,44.0,4,107726.93,2.0,1.0,0.0,153064.87,0,3.8066624897703196
15690695,Flynn,652.0,France,33.0,9,0.0,2.0,1.0,1.0,38784.42,0,3.5263605246161616
15762351,Chao,652.0,Spain,62.0,1,0.0,2.0,1.0,1.0,186526.12,0,4.1588830833596715
15791172,Yeh,652.0,Germany,21.0,1,35741.69,1.0,1.0,0.0,28789.94,0,3.091042453358316
15598982,Klein,652.0,Germany,53.0,5,98268.84,1.0,0.0,1.0,45038.29,1,3.9889840465642745
15734765,Mahmood,652.0,France,20.0,4,133800.98,1.0,0.0,1.0,150245.81,0,3.044522437723423
15642912,Tu,652.0,France,21.0,2,125682.79,1.0,0.0,0.0,57762.0,0,3.091042453358316
15769516,Shcherbakov,652.0,France,42.0,9,0.0,2.0,1.0,0.0,4292.72,0,3.7612001156935624
15789379,Zetticci,652.0,France,26.0,6,130428.78,1.0,1.0,0.0,173365.89,0,3.295836866004329
15695103,Carr,652.0,Spain,37.0,6,0.0,2.0,1.0,1.0,119484.01,0,3.6375861597263857
15801924,Browne,652.0,Spain,27.0,8,0.0,2.0,0.0,0.0,121821.16,0,3.332204510175204
15767804,Feng,652.0,France,44.0,6,0.0,2.0,1.0,0.0,151733.43,0,3.8066624897703196
15718039,Ferguson,652.0,Germany,47.0,0,137138.2,2.0,0.0,1.0,53784.22,0,3.8712010109078907
15579994,Shaw,652.0,France,23.0,8,73112.95,1.0,1.0,1.0,62733.05,0,3.1780538303479458
15595037,Palermo,652.0,France,47.0,9,152347.01,1.0,0.0,1.0,17671.78,0,3.8712010109078907
15600720,Moore,652.0,Spain,41.0,8,115144.68,1.0,1.0,0.0,188905.43,0,3.7376696182833684
15782608,Huang,652.0,France,43.0,5,0.0,2.0,0.0,0.0,113079.19,1,3.784189633918261
15566894,Gray,652.0,France,39.0,3,137817.52,1.0,0.0,0.0,83997.79,0,3.6888794541139363
15749123,Sokolova,652.0,Spain,45.0,7,157332.26,1.0,1.0,0.0,125424.42,0,3.828641396489095
15668943,Henderson,652.0,France,37.0,2,0.0,2.0,1.0,0.0,143194.05,0,3.6375861597263857
15577423,Mosley,652.0,Germany,39.0,5,124586.93,1.0,1.0,0.0,93132.61,1,3.6888794541139363
15623102,Nnaemeka,652.0,Spain,38.0,6,116980.78,2.0,0.0,1.0,76038.38,0,3.6635616461296463
15728012,Everett,652.0,Spain,40.0,3,128398.38,1.0,1.0,0.0,168658.3,0,3.713572066704308
15683363,Goddard,652.0,Spain,39.0,1,0.0,1.0,0.0,1.0,108419.41,0,3.6888794541139363
15699335,Kuo,652.0,Germany,33.0,3,137657.25,2.0,1.0,1.0,171657.57,0,3.5263605246161616
15574369,Bianchi,652.0,Spain,53.0,5,167259.44,1.0,1.0,1.0,22357.25,0,3.9889840465642745
15703167,Rouse,652.0,France,45.0,8,0.0,2.0,1.0,0.0,193903.06,0,3.828641396489095
15754874,Nwoye,652.0,France,26.0,4,119009.57,1.0,1.0,0.0,141926.43,0,3.295836866004329
15723216,Greco,652.0,Germany,33.0,2,80002.33,1.0,1.0,1.0,104079.62,0,3.5263605246161616
15725094,Fang,652.0,France,37.0,4,140211.88,1.0,1.0,1.0,93832.33,0,3.6375861597263857
15647974,Chiemenam,652.0,France,44.0,3,118742.74,2.0,1.0,0.0,1568.91,0,3.8066624897703196
15583371,Artemiev,652.0,Spain,37.0,1,138207.08,1.0,1.0,0.0,60778.11,1,3.6375861597263857
15772559,Burrows,652.0,France,47.0,10,148636.21,1.0,0.0,1.0,16119.96,1,3.8712010109078907
15711251,Chizuoke,652.0,France,45.0,1,178827.79,1.0,1.0,0.0,60375.18,0,3.828641396489095
15719212,T'ien,652.0,France,33.0,5,83134.3,1.0,1.0,0.0,187946.55,0,3.5263605246161616
15764927,Rogova,652.0,France,62.0,3,121513.31,1.0,0.0,1.0,195563.99,0,4.532599493153256
15731412,Trevisano,652.0,Germany,37.0,6,95900.04,1.0,1.0,1.0,38196.24,0,3.6375861597263857
15719170,Sagese,652.0,France,30.0,1,112543.42,1.0,1.0,1.0,179435.21,0,3.4339872044851463
15596011,Artyomova,652.0,Spain,34.0,9,0.0,1.0,1.0,1.0,93208.22,0,3.5553480614894135
15614834,Long,652.0,Spain,31.0,3,141751.82,1.0,0.0,1.0,61531.86,0,3.4657359027997265
15600510,Hsueh,652.0,Spain,37.0,6,124140.57,2.0,1.0,0.0,92826.35,0,3.6375861597263857
15625706,White,652.0,Germany,45.0,2,116546.59,2.0,0.0,0.0,23140.28,1,3.828641396489095
15781409,Lazarev,652.0,France,28.0,6,0.0,1.0,1.0,0.0,74287.53,0,3.367295829986474
15722583,Benjamin,652.0,Spain,29.0,6,157576.47,2.0,1.0,1.0,101102.39,0,3.4011973816621555
15677243,Wan,652.0,Spain,43.0,5,0.0,2.0,1.0,0.0,126933.73,0,3.784189633918261
15815070,Romano,652.0,Germany,44.0,5,141428.99,2.0,0.0,0.0,68408.74,0,3.8066624897703196
15705899,Craig,652.0,Spain,35.0,0,127510.99,1.0,1.0,1.0,155356.34,0,3.58351893845611
15701522,Yermolayeva,652.0,France,29.0,9,0.0,2.0,0.0,1.0,3234.8,0,3.4011973816621555
15755978,Tseng,652.0,France,31.0,10,0.0,2.0,1.0,0.0,195209.4,0,3.4657359027997265
15722090,Tseng,652.0,Spain,51.0,6,81818.49,1.0,1.0,1.0,169149.38,0,3.9512437185814275
15783526,Le Hunte,652.0,France,36.0,1,100895.54,1.0,1.0,1.0,68075.14,0,3.6109179126442243
15632125,Blake,652.0,Germany,45.0,5,63832.43,1.0,1.0,1.0,93707.8,0,3.828641396489095
15688395,Lane,652.0,France,29.0,4,0.0,2.0,0.0,0.0,156153.27,0,3.4011973816621555
15666975,Sparks,652.0,France,36.0,4,116085.06,1.0,1.0,0.0,58601.61,0,3.6109179126442243
15682211,Tu,652.0,France,57.0,1,0.0,2.0,1.0,1.0,114448.77,0,4.060443010546419
15637411,Tochukwu,652.0,France,30.0,1,0.0,2.0,0.0,1.0,126551.65,0,3.4339872044851463
15591512,Whittaker,652.0,Germany,33.0,2,115761.51,1.0,0.0,1.0,112350.21,1,3.5263605246161616
15606855,Wang,652.0,Spain,26.0,6,0.0,2.0,1.0,1.0,185808.7,0,3.295836866004329
15763683,Northern,652.0,Germany,32.0,4,139626.01,1.0,1.0,1.0,118235.52,1,3.4965075614664802
15641782,Humphries,652.0,France,31.0,7,0.0,1.0,0.0,1.0,183051.6,1,3.4657359027997265
15677184,Cremonesi,652.0,France,35.0,6,115576.44,1.0,0.0,1.0,27922.45,0,3.58351893845611
15775042,Ku,652.0,France,23.0,4,0.0,2.0,1.0,0.0,196476.19,0,3.1780538303479458
15616630,Tobenna,652.0,Germany,41.0,5,77647.6,1.0,1.0,0.0,190429.52,0,3.7376696182833684
15800233,Okwuadigbo,652.0,France,40.0,5,0.0,2.0,1.0,0.0,35034.15,0,3.713572066704308
15588419,Johnston,652.0,Germany,34.0,10,148962.46,1.0,1.0,0.0,66389.43,1,3.5553480614894135
15595557,Li,652.0,France,22.0,8,0.0,2.0,1.0,0.0,107615.43,0,3.1354942159291497
15626143,Talbot,652.0,France,37.0,2,0.0,2.0,1.0,1.0,99692.65,0,3.6375861597263857
15566030,Tu,652.0,Germany,41.0,5,80542.81,1.0,0.0,0.0,88729.22,1,3.7376696182833684
15701412,T'ien,652.0,France,40.0,4,0.0,2.0,0.0,0.0,173321.65,0,3.713572066704308
15702464,Ross,652.0,France,34.0,4,0.0,2.0,0.0,0.0,139463.57,0,3.5553480614894135
15573348,Maclean,652.0,France,35.0,9,102050.47,1.0,1.0,1.0,3769.71,0,3.58351893845611
15704160,Wan,652.0,Spain,49.0,5,0.0,1.0,1.0,0.0,149946.43,1,3.912023005428146
15693704,Tsou,652.0,France,24.0,6,114948.76,2.0,0.0,1.0,135768.25,0,3.2188758248682006
15664752,Jack,652.0,Germany,39.0,8,136000.45,2.0,1.0,0.0,31708.53,0,3.6888794541139363
15628292,Lucchesi,652.0,France,32.0,4,156001.68,2.0,1.0,1.0,151677.31,0,3.4965075614664802
15621195,Ch'eng,652.0,Germany,41.0,3,147974.16,2.0,1.0,0.0,170518.83,0,3.7376696182833684
15668629,Saunders,652.0,Spain,44.0,2,0.0,2.0,1.0,0.0,196582.19,0,3.8066624897703196
15635197,Glover,652.0,Germany,26.0,5,90402.77,1.0,1.0,1.0,3298.65,0,3.295836866004329
15592761,Tung,652.0,France,40.0,5,0.0,2.0,0.0,0.0,162878.96,0,3.713572066704308
15574283,Padovano,652.0,France,31.0,2,0.0,2.0,0.0,1.0,64014.24,0,3.4657359027997265
15598097,Johnstone,652.0,France,44.0,9,0.0,2.0,1.0,0.0,26257.01,0,3.8066624897703196
15711352,Endrizzi,652.0,France,31.0,3,162701.65,2.0,1.0,1.0,126794.56,0,3.4657359027997265
15620751,Secombe,652.0,France,34.0,2,0.0,2.0,1.0,0.0,164162.44,0,3.5553480614894135
15656717,Elewechi,652.0,France,30.0,6,0.0,2.0,0.0,0.0,179206.92,0,3.4339872044851463
15643121,Chu,652.0,Germany,35.0,5,82453.96,2.0,0.0,0.0,18254.75,0,3.58351893845611
15723671,Lucciano,652.0,France,35.0,9,100107.99,1.0,1.0,0.0,83949.68,0,3.58351893845611
15752846,Pinto,652.0,France,28.0,7,0.0,2.0,1.0,1.0,22684.78,0,3.367295829986474
15640852,McGregor,652.0,Germany,39.0,5,83348.89,3.0,1.0,0.0,7953.62,1,3.6888794541139363
15789313,Ugorji,652.0,Germany,44.0,4,96553.52,2.0,1.0,0.0,143952.24,1,3.8066624897703196
15793688,Bancks,652.0,France,50.0,9,201009.64,1.0,1.0,0.0,158032.5,1,3.9318256327243257
15770405,Warlow-Davies,652.0,France,27.0,5,125167.74,1.0,1.0,0.0,199104.52,0,3.332204510175204
15702561,Dale,652.0,France,32.0,9,0.0,1.0,1.0,1.0,87566.97,0,3.4965075614664802
15625964,Buckley,652.0,France,43.0,5,153313.67,1.0,0.0,0.0,170563.73,0,3.784189633918261
15761364,Nkemjika,652.0,France,30.0,9,0.0,2.0,1.0,0.0,157871.55,0,3.4339872044851463
15590286,Fairley,652.0,France,40.0,2,125879.29,1.0,1.0,0.0,93203.43,0,3.713572066704308
15587978,Boothby,652.0,Germany,37.0,6,170057.62,1.0,0.0,1.0,54398.56,0,3.6375861597263857
15773242,Chukwuhaenye,652.0,France,32.0,1,0.0,2.0,1.0,1.0,168779.47,0,3.4965075614664802
15761053,Lock,652.0,Germany,48.0,2,131326.47,1.0,0.0,0.0,1140.02,1,3.8918202981106265
15702095,Clarke,652.0,Spain,56.0,1,128472.8,1.0,1.0,0.0,186476.91,1,4.04305126783455
15764253,Ramsey,652.0,France,32.0,6,160485.16,1.0,1.0,0.0,29023.03,0,3.4965075614664802
15700801,Eipper,652.0,Germany,42.0,6,84445.68,3.0,0.0,1.0,60021.34,1,3.7612001156935624
15730590,Ko,652.0,Germany,40.0,1,115409.18,2.0,0.0,0.0,180456.8,0,3.713572066704308
15643916,Munro,652.0,Spain,46.0,8,62400.48,1.0,1.0,1.0,132498.39,1,3.8501476017100584
15720636,McGregor,652.0,France,50.0,4,143054.56,1.0,0.0,1.0,109608.81,1,3.9318256327243257
15795429,Henderson,652.0,France,24.0,7,133628.09,2.0,1.0,1.0,98570.01,0,3.2188758248682006
15609254,Fernandez,652.0,Spain,41.0,9,107135.04,2.0,1.0,1.0,160546.58,0,3.7376696182833684
15625141,Porter,652.0,Spain,26.0,7,0.0,2.0,0.0,0.0,6139.74,0,3.295836866004329
15810898,Pan,652.0,France,62.0,2,151659.52,2.0,0.0,1.0,6930.17,0,4.189654742026425
15775797,Esposito,652.0,Spain,32.0,7,0.0,3.0,0.0,1.0,10674.62,0,3.4965075614664802
15795246,Kaeppel,652.0,Germany,51.0,9,155903.82,2.0,1.0,1.0,71159.84,0,3.9512437185814275
15795275,Lamb,652.0,Spain,49.0,4,82940.25,2.0,0.0,0.0,62413.01,1,3.912023005428146
15571869,Lei,652.0,Germany,50.0,4,112650.89,1.0,0.0,0.0,166386.22,1,3.9318256327243257
15694143,Conti,652.0,France,41.0,10,0.0,1.0,1.0,0.0,133086.45,0,3.7376696182833684
15748231,Hargreaves,652.0,Germany,35.0,4,95853.39,2.0,1.0,0.0,192933.37,0,3.58351893845611
15632185,Yermolayev,652.0,France,42.0,1,82228.67,2.0,1.0,0.0,71359.78,0,3.7612001156935624
15806249,Kerr,652.0,Spain,31.0,4,0.0,2.0,0.0,1.0,79270.02,0,3.4657359027997265
15743293,Waters,652.0,Germany,35.0,1,163700.78,3.0,1.0,1.0,29583.48,1,3.58351893845611
15598157,Onyeorulu,652.0,France,34.0,4,106328.08,1.0,1.0,0.0,88680.65,0,3.5553480614894135
15700946,Kolesnikova,652.0,France,34.0,7,152992.91,1.0,1.0,1.0,134691.2,0,3.5553480614894135
15722692,Kazakova,652.0,France,38.0,3,116439.65,1.0,1.0,0.0,75574.48,0,3.6635616461296463
15696506,MacDonald,652.0,Spain,27.0,9,101352.78,1.0,0.0,0.0,30252.3,0,3.332204510175204
15728823,Sharwood,652.0,Spain,37.0,10,0.0,2.0,1.0,0.0,111324.41,0,3.6375861597263857
15808851,Bufkin,652.0,Germany,62.0,9,105609.17,1.0,0.0,1.0,105425.18,0,4.330733340286331
15675231,Nwankwo,652.0,France,45.0,8,0.0,2.0,1.0,1.0,36193.07,0,3.828641396489095
15732299,Boniwell,652.0,France,62.0,4,0.0,3.0,1.0,1.0,93081.87,0,4.219507705176107
15706269,Willis,652.0,France,47.0,8,103894.38,2.0,1.0,1.0,107625.46,0,3.8712010109078907
15590078,Burns,652.0,Spain,27.0,9,139834.93,1.0,1.0,1.0,152733.89,0,3.332204510175204
15776985,Kung,652.0,France,36.0,6,112518.71,2.0,0.0,1.0,110421.31,0,3.6109179126442243
15756743,Howells,652.0,France,37.0,7,115895.42,1.0,1.0,0.0,48486.25,0,3.6375861597263857
15782364,Bevan,652.0,Spain,39.0,3,146408.68,1.0,0.0,0.0,72993.67,0,3.6888794541139363
15604093,Neitenstein,652.0,France,34.0,4,165363.31,2.0,1.0,1.0,25744.13,1,3.5553480614894135
15749328,Johnson,652.0,France,45.0,1,0.0,2.0,1.0,0.0,46807.62,1,3.828641396489095
15656322,Sandover,652.0,Germany,33.0,3,71843.15,1.0,1.0,0.0,26772.04,0,3.5263605246161616
15685564,Nnamutaezinwa,652.0,Spain,35.0,5,105492.53,1.0,1.0,1.0,150057.2,0,3.58351893845611
15785831,Sinclair,652.0,France,35.0,7,183027.25,1.0,1.0,1.0,56028.79,0,3.58351893845611
15796218,Wei,652.0,Germany,29.0,1,131968.57,2.0,1.0,1.0,147693.92,0,3.4011973816621555
15716218,Higgins,652.0,France,45.0,3,104118.5,1.0,0.0,1.0,174032.0,0,3.828641396489095
15572735,Chang,652.0,Spain,27.0,2,0.0,2.0,1.0,1.0,153698.65,0,3.332204510175204
15633840,Henderson,652.0,France,20.0,0,125023.1,2.0,1.0,1.0,108301.45,0,3.044522437723423
15608760,Cox,652.0,France,30.0,4,74323.2,1.0,1.0,1.0,22929.08,0,3.4339872044851463
15627848,Tsui,652.0,France,38.0,7,109346.13,2.0,1.0,0.0,102665.92,0,3.6635616461296463
15792029,Lee,652.0,France,32.0,6,0.0,2.0,1.0,0.0,56139.09,0,3.4965075614664802
15617331,Sergeyeva,652.0,Germany,39.0,3,109698.41,1.0,1.0,1.0,88391.29,1,3.6888794541139363
15651740,Napolitani,652.0,Spain,30.0,5,0.0,2.0,0.0,1.0,149195.44,0,3.4339872044851463
15636407,Beatham,652.0,Germany,34.0,5,127758.09,1.0,1.0,0.0,143357.03,0,3.5553480614894135
15607526,Lu,652.0,Germany,50.0,1,102645.48,1.0,1.0,0.0,168359.98,1,3.9318256327243257
15632576,Yashina,652.0,France,31.0,4,93249.4,1.0,1.0,0.0,77335.75,0,3.4657359027997265
15581505,Bales,652.0,France,35.0,5,0.0,2.0,1.0,0.0,93148.93,0,3.58351893845611
15612207,Hill,652.0,Germany,51.0,1,87779.83,1.0,0.0,1.0,36687.11,1,3.9512437185814275
15707242,Ibeamaka,652.0,Spain,40.0,5,0.0,2.0,0.0,0.0,146703.36,0,3.713572066704308
15721937,Romilly,652.0,France,38.0,0,138131.34,1.0,0.0,1.0,115927.85,0,3.6635616461296463
15773852,Hayes,652.0,Germany,38.0,4,70362.52,2.0,1.0,1.0,104189.46,0,3.6635616461296463
15719778,Chiu,652.0,France,32.0,1,0.0,2.0,1.0,0.0,9902.39,0,3.4965075614664802
15650538,Sun,652.0,Germany,48.0,7,168286.58,1.0,1.0,0.0,16645.77,1,3.8918202981106265
15797475,Brennan,652.0,France,44.0,3,86102.27,1.0,1.0,0.0,180134.88,1,3.8066624897703196
15780359,Storey,652.0,Germany,25.0,4,115142.9,1.0,1.0,1.0,148098.95,0,3.258096538021482
15737104,Lawson,652.0,Germany,47.0,0,126597.89,2.0,1.0,1.0,38798.79,1,3.8712010109078907
15789936,T'ao,652.0,France,33.0,2,0.0,2.0,1.0,0.0,153295.0,0,3.5263605246161616
15709523,Yao,652.0,Germany,30.0,0,157989.21,2.0,1.0,1.0,100687.67,0,3.4339872044851463
15593425,Bracewell,652.0,Spain,54.0,1,187997.15,1.0,0.0,0.0,111442.71,1,4.007333185232471
15776725,Kerr,652.0,Germany,54.0,8,172192.49,1.0,1.0,1.0,136902.01,0,4.007333185232471
15604706,Blake,652.0,Germany,38.0,1,133105.47,1.0,1.0,0.0,105732.9,1,3.6635616461296463
15790958,Sanders,652.0,Spain,38.0,4,0.0,2.0,1.0,1.0,35884.91,0,3.6635616461296463
15747534,Torkelson,652.0,France,46.0,10,0.0,1.0,1.0,0.0,73489.15,1,3.8501476017100584
15574237,Hsueh,652.0,France,21.0,8,0.0,2.0,1.0,1.0,110114.19,0,3.091042453358316
15690332,Wang,652.0,Germany,35.0,3,192407.97,1.0,1.0,1.0,40145.28,0,3.58351893845611
15661290,Hightower,652.0,Germany,38.0,9,107199.75,1.0,0.0,0.0,146398.51,0,3.6635616461296463
15651883,Genovesi,652.0,Germany,55.0,6,115796.7,1.0,1.0,0.0,160526.36,1,4.02535169073515
15808905,Levan,652.0,France,37.0,5,164858.18,1.0,1.0,1.0,173516.71,0,3.6375861597263857
15715532,Lai,652.0,Germany,38.0,4,117633.28,1.0,0.0,1.0,88396.6,0,3.6635616461296463
15786078,Loginov,652.0,France,28.0,9,0.0,2.0,1.0,0.0,185821.41,0,3.367295829986474
15652401,Lafleur,652.0,France,36.0,7,0.0,2.0,0.0,0.0,108098.28,0,3.6109179126442243
15673074,Obidimkpa,652.0,Germany,30.0,6,126663.51,1.0,1.0,1.0,162267.91,0,3.4339872044851463
15598744,Ch'ang,652.0,Germany,62.0,6,140273.47,1.0,1.0,1.0,193135.25,1,4.276666119016055
15785975,Mason,652.0,Spain,60.0,7,0.0,2.0,0.0,1.0,168034.9,0,4.110873864173311
15613180,Miranda,652.0,Germany,21.0,8,153344.72,1.0,1.0,1.0,163295.87,0,3.091042453358316
15584229,Simon,652.0,Germany,23.0,9,123943.18,1.0,1.0,1.0,159553.27,0,3.1780538303479458
15773804,Golubeva,652.0,France,39.0,5,0.0,1.0,1.0,0.0,99800.87,0,3.6888794541139363
15699515,Manfrin,652.0,Germany,33.0,7,98630.31,2.0,1.0,1.0,40250.82,0,3.5263605246161616
15705313,Stange,652.0,France,33.0,2,58036.33,1.0,1.0,1.0,83335.78,0,3.5263605246161616
15693817,Ferrari,652.0,Spain,28.0,5,0.0,2.0,1.0,0.0,48382.4,0,3.367295829986474
15673790,Taylor,652.0,Germany,45.0,7,109200.74,2.0,0.0,1.0,165990.44,0,3.828641396489095
15674868,Wei,652.0,Spain,30.0,0,0.0,2.0,1.0,1.0,9002.8,0,3.4339872044851463
15692110,Ch'eng,652.0,France,33.0,7,0.0,1.0,1.0,0.0,188156.34,0,3.5263605246161616
15645904,Parsons,652.0,France,33.0,6,0.0,2.0,0.0,1.0,186785.01,0,3.5263605246161616
15581332,Pan,652.0,Germany,30.0,1,83173.98,2.0,1.0,1.0,184259.6,0,3.4339872044851463
15808544,Cameron,652.0,France,40.0,3,0.0,1.0,0.0,0.0,57817.84,1,3.713572066704308
15734948,Igwebuike,652.0,Spain,24.0,7,0.0,2.0,0.0,0.0,144660.42,0,3.2188758248682006
15654531,Tuan,652.0,France,22.0,5,82559.42,2.0,0.0,0.0,163112.9,1,3.1354942159291497
15637774,Fraser,652.0,France,32.0,5,73494.21,1.0,0.0,0.0,136301.1,0,3.4965075614664802
15677141,Turnbull,652.0,Spain,29.0,2,132450.24,1.0,1.0,1.0,36176.63,0,3.4011973816621555
15739578,Chiazagomekpere,652.0,France,49.0,6,128663.9,1.0,1.0,0.0,65769.3,1,3.912023005428146
15697360,Yudina,652.0,France,36.0,2,79951.9,1.0,0.0,1.0,174123.16,1,3.6109179126442243
15655213,Udinese,652.0,Germany,51.0,8,132508.3,1.0,1.0,1.0,161304.68,1,3.9512437185814275
15580872,Chinweike,652.0,Germany,38.0,1,120530.13,2.0,1.0,0.0,109394.62,0,3.6635616461296463
15683213,Bergamaschi,652.0,France,35.0,10,74988.59,2.0,0.0,1.0,190155.13,0,3.58351893845611
15801188,Milliner,652.0,France,47.0,6,94722.88,1.0,0.0,1.0,61450.96,0,3.8712010109078907
15645029,Knowles,652.0,Spain,33.0,5,0.0,2.0,1.0,0.0,8673.43,0,3.5263605246161616
15633181,Swinton,652.0,France,31.0,6,71269.89,2.0,0.0,1.0,125912.77,0,3.4657359027997265
15598259,Gregory,652.0,Germany,41.0,9,98612.1,1.0,1.0,0.0,151349.35,0,3.7376696182833684
15576000,Chibueze,652.0,France,40.0,6,138033.55,1.0,1.0,1.0,67972.45,0,3.713572066704308
15766047,Sukhorukova,652.0,France,41.0,2,91621.69,1.0,1.0,1.0,71139.31,0,3.7376696182833684
15596339,French,652.0,France,54.0,3,140014.42,1.0,0.0,1.0,86350.97,0,4.007333185232471
15715199,Estrada,652.0,Spain,27.0,5,126815.97,2.0,0.0,1.0,118648.12,0,3.332204510175204
15615938,Fleming,652.0,France,62.0,3,139663.37,1.0,0.0,1.0,100995.11,0,4.174387269895637
15679991,Kennedy,652.0,France,28.0,7,0.0,2.0,0.0,1.0,147100.72,0,3.367295829986474
15626135,Combes,652.0,France,34.0,1,165312.27,1.0,1.0,0.0,155495.63,0,3.5553480614894135
15792934,Carruthers,652.0,France,26.0,8,0.0,2.0,0.0,0.0,196875.87,0,3.295836866004329
15744046,Andrejew,652.0,Spain,33.0,8,0.0,2.0,1.0,1.0,63176.77,0,3.5263605246161616
15700826,Ko,652.0,Germany,54.0,1,123699.28,2.0,0.0,1.0,105221.76,0,4.007333185232471
15756301,Daniels,652.0,Germany,29.0,3,97325.15,1.0,0.0,1.0,131924.38,0,3.4011973816621555
15586517,Toscano,652.0,France,32.0,5,97041.16,1.0,1.0,1.0,23132.73,0,3.4965075614664802
15751297,Wilson,652.0,France,36.0,5,0.0,2.0,1.0,0.0,161428.25,0,3.6109179126442243
15710365,Thomson,652.0,France,50.0,0,104129.24,2.0,1.0,0.0,181794.86,1,3.9318256327243257
15679307,Kazantseva,652.0,France,43.0,1,0.0,1.0,0.0,1.0,86634.3,0,3.784189633918261
15610753,Cremonesi,652.0,France,28.0,3,104367.5,1.0,1.0,1.0,29937.75,0,3.367295829986474
15811036,Ferri,652.0,France,46.0,7,135369.71,1.0,0.0,1.0,140130.22,0,3.8501476017100584
15610912,Ferri,652.0,Spain,41.0,6,112119.48,1.0,1.0,0.0,17536.82,0,3.7376696182833684
15619932,Lombardi,652.0,France,62.0,7,123760.68,1.0,0.0,1.0,53157.16,0,4.204692619390966
15746199,Eluemuno,652.0,France,41.0,6,0.0,1.0,1.0,1.0,143585.29,1,3.7376696182833684
15584967,Chiganu,652.0,Spain,57.0,6,0.0,2.0,1.0,1.0,72402.0,0,4.060443010546419
15734365,Hsueh,652.0,France,39.0,5,0.0,2.0,0.0,1.0,39891.84,0,3.6888794541139363
15726960,O'Brien,652.0,France,36.0,3,0.0,2.0,1.0,1.0,89804.83,0,3.6109179126442243
15665177,Booth,652.0,France,44.0,3,0.0,2.0,0.0,1.0,136491.72,0,3.8066624897703196
15779915,O'Loghlin,652.0,Spain,31.0,5,0.0,1.0,1.0,0.0,35593.18,0,3.4657359027997265
15729110,Lavrov,652.0,Spain,42.0,7,0.0,2.0,1.0,0.0,58268.2,1,3.7612001156935624
15575399,Somadina,652.0,France,42.0,1,152160.21,2.0,1.0,0.0,101778.9,0,3.7612001156935624
15678374,Colombo,652.0,France,59.0,5,0.0,2.0,1.0,1.0,185123.09,0,4.0943445622221
15792679,Troupe,652.0,France,24.0,2,0.0,2.0,1.0,1.0,119927.81,0,3.2188758248682006
15668767,Kenenna,652.0,France,36.0,3,0.0,2.0,1.0,0.0,195033.07,0,3.6109179126442243
15761886,Franklin,652.0,France,36.0,4,172381.8,1.0,1.0,1.0,86480.29,0,3.6109179126442243
15583076,Deleon,652.0,Germany,41.0,6,106116.56,2.0,1.0,0.0,198766.61,0,3.7376696182833684
15815615,Kung,652.0,France,36.0,5,141952.07,1.0,1.0,1.0,185144.08,0,3.6109179126442243
15591942,Zito,652.0,Spain,33.0,7,0.0,2.0,1.0,1.0,3729.89,0,3.5263605246161616
15724924,Giordano,652.0,France,37.0,6,138497.84,1.0,0.0,1.0,18988.58,0,3.6375861597263857
15762123,Davide,652.0,Spain,34.0,1,0.0,2.0,1.0,0.0,119313.74,0,3.5553480614894135
15567893,Lei,652.0,Germany,33.0,3,124213.36,2.0,1.0,0.0,62627.55,0,3.5263605246161616
15648989,Moss,652.0,France,37.0,4,126872.6,1.0,1.0,0.0,197266.58,0,3.6375861597263857
15662021,Lucciano,652.0,Spain,42.0,2,0.0,2.0,0.0,0.0,199992.48,0,3.7612001156935624
15691627,Tai,652.0,France,37.0,8,0.0,1.0,1.0,1.0,16403.41,0,3.6375861597263857
15731751,Osinachi,652.0,France,26.0,1,120923.52,1.0,0.0,1.0,78854.57,0,3.295836866004329
15635277,Coates,652.0,Spain,47.0,7,142643.54,1.0,1.0,0.0,189310.27,0,3.8712010109078907
15655252,Larionova,652.0,Germany,41.0,10,79857.64,1.0,1.0,1.0,78088.17,0,3.7376696182833684
15803941,Seleznev,652.0,France,46.0,10,95502.21,1.0,0.0,0.0,19842.18,0,3.8501476017100584
15714380,Butcher,652.0,France,38.0,5,0.0,2.0,0.0,0.0,103305.01,0,3.6635616461296463
15666559,Gould,652.0,Germany,23.0,8,197715.93,2.0,1.0,1.0,116124.28,0,3.1780538303479458
15799998,Cunningham,652.0,France,30.0,8,85859.76,1.0,0.0,0.0,142730.27,0,3.4339872044851463
15703763,Sanderson,652.0,France,44.0,7,85304.27,1.0,1.0,1.0,58076.52,0,3.8066624897703196
15795640,Mai,652.0,Germany,35.0,1,132371.3,2.0,0.0,0.0,186123.57,0,3.58351893845611
15780056,Reid,652.0,Spain,33.0,4,0.0,1.0,1.0,0.0,29664.45,0,3.5263605246161616
15777873,Downer,652.0,France,31.0,5,0.0,1.0,0.0,0.0,147963.07,1,3.4657359027997265
15584749,Humphries,652.0,Germany,39.0,4,79896.0,1.0,1.0,0.0,38466.39,0,3.6888794541139363
15765258,Bochsa,652.0,France,29.0,5,0.0,2.0,1.0,1.0,143301.49,0,3.4011973816621555
15623346,Czajkowski,652.0,France,36.0,4,0.0,2.0,1.0,0.0,31422.69,0,3.6109179126442243
15614054,Pankhurst,652.0,France,36.0,1,0.0,2.0,0.0,1.0,121505.61,0,3.6109179126442243
15766185,She,652.0,Germany,31.0,4,146587.3,1.0,1.0,1.0,89874.82,0,3.4657359027997265
15667632,Birdseye,652.0,France,42.0,7,0.0,2.0,0.0,1.0,72500.68,0,3.7612001156935624
15599024,Hope,652.0,Spain,32.0,8,0.0,2.0,0.0,1.0,182692.8,0,3.4965075614664802
15798709,Gill,652.0,Spain,32.0,3,109109.33,1.0,0.0,1.0,4993.94,0,3.4965075614664802
15741921,Moon,652.0,Spain,26.0,8,0.0,2.0,1.0,1.0,124964.82,0,3.295836866004329
15793671,Watt,652.0,France,34.0,5,0.0,1.0,1.0,0.0,161971.42,0,3.5553480614894135
15797900,Chinomso,652.0,France,56.0,9,142147.32,1.0,0.0,0.0,39488.04,1,4.04305126783455
15667932,Bellucci,652.0,Spain,43.0,10,0.0,2.0,1.0,1.0,55313.44,0,3.784189633918261
15795933,Barese,652.0,France,49.0,3,0.0,2.0,1.0,1.0,187811.71,0,3.912023005428146
15660403,Fleming,652.0,Spain,35.0,0,0.0,2.0,0.0,1.0,184514.01,0,3.58351893845611
15736299,Bell,652.0,France,36.0,8,109106.8,1.0,0.0,0.0,121311.12,0,3.6109179126442243
15759034,Li Fonti,652.0,France,36.0,2,112262.84,1.0,1.0,0.0,12873.39,0,3.6109179126442243
15724663,Christmas,652.0,Spain,36.0,5,0.0,2.0,0.0,0.0,157238.05,0,3.6109179126442243
15594556,Chuter,652.0,Spain,52.0,8,0.0,2.0,1.0,1.0,123242.11,0,3.970291913552122
15737169,Johnson,652.0,Spain,26.0,8,144238.7,1.0,1.0,1.0,184399.76,0,3.295836866004329
15632472,Scott,652.0,Spain,32.0,1,159397.75,1.0,0.0,1.0,57323.18,0,3.4965075614664802
15722813,Byrne,652.0,Spain,30.0,4,125385.01,1.0,1.0,0.0,68293.93,0,3.4339872044851463
15588450,Chukwudi,652.0,France,60.0,8,69365.25,1.0,1.0,1.0,10288.24,0,4.110873864173311
15736717,Ma,652.0,France,31.0,7,155271.83,1.0,1.0,1.0,179446.31,0,3.4657359027997265
15680683,Simmons,652.0,Spain,29.0,5,197200.04,2.0,1.0,0.0,141453.62,0,3.4011973816621555
15710316,Fang,652.0,Spain,48.0,5,144837.79,1.0,1.0,1.0,93151.77,0,3.8918202981106265
15746333,Blake,652.0,France,57.0,3,0.0,3.0,1.0,0.0,6554.97,1,4.060443010546419
15606861,Tien,652.0,France,34.0,8,0.0,2.0,1.0,0.0,38570.13,0,3.5553480614894135
15641285,Yusupova,652.0,Spain,50.0,3,163085.79,1.0,0.0,1.0,131048.36,0,3.9318256327243257
15662908,Davidson,652.0,Germany,38.0,7,125903.22,2.0,1.0,1.0,127068.92,0,3.6635616461296463
15814267,Zhdanova,652.0,France,22.0,6,154377.3,1.0,1.0,1.0,51721.52,0,3.1354942159291497
15614923,Nielson,652.0,Spain,41.0,7,107511.52,1.0,0.0,1.0,46156.87,0,3.7376696182833684
15579223,Niu,652.0,Germany,30.0,8,127406.5,1.0,1.0,0.0,192950.6,0,3.4339872044851463
15651389,Kay,652.0,Spain,24.0,8,143656.55,1.0,0.0,1.0,180932.46,0,3.2188758248682006
15677087,Green,652.0,France,39.0,5,138106.75,1.0,0.0,0.0,19596.73,0,3.6888794541139363
15665784,She,652.0,France,27.0,9,128940.24,1.0,1.0,0.0,46786.92,0,3.332204510175204
15576706,Ajuluchukwu,652.0,Germany,37.0,9,114453.58,1.0,0.0,1.0,175820.91,0,3.6375861597263857
15615473,Sabbatini,652.0,France,33.0,2,0.0,2.0,0.0,0.0,198208.0,0,3.5263605246161616
15587299,Board,652.0,France,48.0,3,0.0,1.0,1.0,0.0,55362.45,0,3.8918202981106265
15655389,Leckie,652.0,France,41.0,1,131762.94,1.0,1.0,1.0,47675.29,0,3.7376696182833684
15784491,Ho,652.0,France,31.0,6,0.0,1.0,0.0,0.0,61326.43,0,3.4657359027997265
15809999,Gordon,652.0,France,41.0,3,150300.65,2.0,1.0,0.0,71672.86,0,3.7376696182833684
15681115,Iroawuchi,652.0,Spain,39.0,10,108935.39,1.0,1.0,1.0,101168.3,0,3.6888794541139363
15629390,Liao,652.0,France,37.0,7,135847.47,1.0,1.0,0.0,144880.81,0,3.6375861597263857
15792668,Hamilton,652.0,Germany,37.0,7,109908.06,2.0,1.0,0.0,115037.67,1,3.6375861597263857
15583863,Chimaobim,652.0,Germany,49.0,8,142946.18,1.0,0.0,0.0,187280.51,1,3.912023005428146
15681878,Fan,652.0,Germany,45.0,3,104339.11,2.0,1.0,1.0,183540.22,1,3.828641396489095
15782875,Cayley,652.0,France,33.0,5,157274.36,2.0,1.0,1.0,28531.81,0,3.5263605246161616
15732235,Kuykendall,652.0,France,62.0,0,98848.19,1.0,0.0,1.0,42730.12,0,4.174387269895637
15735909,McDonald,652.0,Germany,39.0,8,105103.33,1.0,1.0,0.0,104721.5,1,3.6888794541139363
15653448,Duncan,652.0,France,34.0,7,0.0,2.0,1.0,1.0,65219.85,0,3.5553480614894135
15587647,Browne,652.0,Germany,62.0,0,127120.62,1.0,0.0,1.0,118929.64,1,4.204692619390966
15701037,Barton,652.0,France,39.0,2,0.0,2.0,1.0,0.0,70563.9,0,3.6888794541139363
15727499,Boyle,652.0,Germany,36.0,3,129118.5,2.0,0.0,0.0,139435.12,0,3.6109179126442243
15724838,Moretti,652.0,France,43.0,4,0.0,1.0,1.0,0.0,170347.1,0,3.784189633918261
15666711,Ukaegbulam,652.0,France,46.0,0,0.0,3.0,0.0,1.0,131553.82,1,3.8501476017100584
15588933,Nwankwo,652.0,France,36.0,3,146053.66,1.0,1.0,1.0,138344.7,0,3.6109179126442243
15763111,Niu,652.0,Spain,62.0,10,124577.15,1.0,0.0,1.0,169894.4,0,4.219507705176107
15805676,Hsu,652.0,Spain,29.0,4,151012.55,2.0,1.0,0.0,9770.97,0,3.4011973816621555
15586674,Shaw,652.0,Spain,58.0,5,216109.88,1.0,0.0,1.0,74176.71,1,4.07753744390572
15744553,Ho,652.0,France,34.0,2,144318.97,1.0,1.0,0.0,112668.06,0,3.5553480614894135
15776629,Christie,652.0,France,39.0,4,0.0,2.0,0.0,0.0,186275.7,0,3.6888794541139363
15647207,Onwuemelie,652.0,France,26.0,7,0.0,2.0,1.0,0.0,98463.99,0,3.295836866004329
15715638,Ch'ang,652.0,Germany,62.0,3,27517.15,2.0,0.0,1.0,2746.41,0,4.356708826689592
15750602,Clendinnen,652.0,France,29.0,5,147092.65,1.0,1.0,0.0,10928.3,0,3.4011973816621555
15766810,Onyemauchechi,652.0,Germany,51.0,2,92246.14,2.0,0.0,1.0,91346.03,0,3.9512437185814275
15756625,Crawford,652.0,France,41.0,8,0.0,2.0,1.0,0.0,139844.04,1,3.7376696182833684
15639552,Mellor,652.0,Germany,40.0,8,148897.02,1.0,0.0,0.0,105052.9,0,3.713572066704308
15633213,Rizzo,652.0,Spain,50.0,8,0.0,1.0,0.0,0.0,144366.83,1,3.9318256327243257
15610416,Christie,652.0,France,36.0,9,0.0,1.0,1.0,0.0,19605.18,1,3.6109179126442243
15715208,Watkins,652.0,Germany,33.0,10,138335.96,1.0,1.0,1.0,80483.76,0,3.5263605246161616
15619608,Ojiofor,652.0,Germany,50.0,10,92895.56,1.0,1.0,0.0,154344.0,1,3.9318256327243257
15628697,Tung,652.0,Spain,46.0,9,160736.63,1.0,0.0,1.0,93503.02,0,3.8501476017100584
15643826,McKay,652.0,France,32.0,4,0.0,2.0,1.0,1.0,153036.97,0,3.4965075614664802
15718588,Meng,652.0,France,37.0,9,0.0,2.0,0.0,0.0,98029.58,0,3.6375861597263857
15709741,Hussain,652.0,France,28.0,4,107141.27,1.0,1.0,0.0,193018.71,0,3.367295829986474
15723318,Mactier,652.0,France,55.0,0,0.0,3.0,0.0,0.0,60810.64,1,4.02535169073515
15717328,Hsueh,652.0,France,37.0,4,132446.08,2.0,1.0,0.0,87071.18,1,3.6375861597263857
15771299,Nnachetam,652.0,France,57.0,1,92053.0,1.0,1.0,1.0,164064.44,1,4.060443010546419
15706223,Barnes,652.0,Spain,38.0,2,96798.79,2.0,1.0,1.0,4554.67,0,3.6635616461296463
15612358,Christie,652.0,Germany,35.0,9,134498.54,2.0,1.0,1.0,119924.8,0,3.58351893845611
15769191,Lipton,652.0,France,55.0,8,132387.91,2.0,1.0,1.0,170360.11,0,4.02535169073515
15618816,Yu,652.0,Germany,40.0,2,147171.2,1.0,0.0,1.0,69850.04,0,3.713572066704308
15730810,Storey,652.0,Spain,44.0,9,100524.69,1.0,1.0,1.0,47298.95,0,3.8066624897703196
15783463,Read,652.0,France,26.0,1,0.0,2.0,1.0,0.0,45443.68,0,3.295836866004329
15616213,Levy,652.0,Germany,51.0,9,138214.5,1.0,1.0,0.0,198715.27,1,3.9512437185814275
15611287,Chiu,652.0,France,30.0,4,0.0,2.0,0.0,1.0,115611.97,0,3.4339872044851463
15786454,Moore,652.0,Spain,55.0,3,0.0,1.0,1.0,1.0,40333.94,0,4.02535169073515
15768682,Amies,652.0,Spain,39.0,3,0.0,1.0,1.0,1.0,105997.25,0,3.6888794541139363
15766172,Tsao,652.0,France,34.0,3,128743.55,1.0,1.0,0.0,134851.12,0,3.5553480614894135
15637646,Rowley,652.0,France,31.0,10,122647.32,1.0,0.0,0.0,61666.87,0,3.4657359027997265
15653404,Aliyev,652.0,Spain,24.0,9,79263.9,1.0,0.0,1.0,196574.48,0,3.2188758248682006
15690546,Riley,652.0,France,42.0,2,0.0,3.5,0.0,0.0,111097.39,1,3.7612001156935624
15735636,Toscano,652.0,France,53.0,2,121389.78,1.0,1.0,1.0,48201.64,1,3.9889840465642745
15605424,Oluchukwu,652.0,Spain,38.0,7,123906.55,1.0,1.0,0.0,135096.78,0,3.6635616461296463
15568449,Fu,652.0,Spain,38.0,7,143006.7,1.0,1.0,1.0,15650.89,0,3.6635616461296463
15688085,Warner,652.0,Spain,28.0,3,157597.61,1.0,0.0,1.0,34097.22,0,3.367295829986474
15683483,Fleming,652.0,Spain,38.0,3,127117.8,2.0,1.0,1.0,174822.74,0,3.6635616461296463
15659567,Ch'iu,652.0,France,39.0,9,117103.26,2.0,1.0,1.0,85937.52,1,3.6888794541139363
15766667,Langler,652.0,Spain,36.0,2,102989.83,2.0,0.0,1.0,49185.57,0,3.6109179126442243
15624975,Angelo,652.0,Spain,28.0,1,145118.83,1.0,0.0,1.0,77742.38,0,3.367295829986474
15660878,T'ien,652.0,France,62.0,1,126076.24,2.0,1.0,1.0,34436.83,0,4.532599493153256
15586557,Milani,652.0,France,41.0,5,0.0,1.0,0.0,1.0,88279.6,0,3.7376696182833684
15746183,Pye,652.0,France,27.0,4,0.0,2.0,1.0,1.0,157549.6,0,3.332204510175204
15631457,Asher,652.0,France,37.0,5,98186.7,1.0,0.0,1.0,173386.95,0,3.6375861597263857
15754053,Chung,652.0,France,62.0,7,0.0,3.0,1.0,1.0,82782.08,0,4.219507705176107
15645839,Yudin,652.0,France,37.0,6,0.0,1.0,1.0,1.0,187758.5,0,3.6375861597263857
15689955,Arcuri,652.0,France,40.0,7,0.0,2.0,1.0,0.0,176547.8,0,3.713572066704308
15593510,Capon,652.0,Germany,33.0,5,129335.65,1.0,1.0,1.0,56585.2,1,3.5263605246161616
15654964,Piccio,652.0,Spain,48.0,7,75801.74,1.0,1.0,0.0,125762.95,0,3.8918202981106265
15594039,Lung,652.0,Spain,42.0,6,0.0,2.0,1.0,0.0,113868.4,0,3.7612001156935624
15625929,Trevisan,652.0,France,44.0,7,159316.64,1.0,0.0,0.0,24780.13,0,3.8066624897703196
15815295,John,652.0,France,38.0,2,96479.81,1.0,1.0,0.0,120259.41,0,3.6635616461296463
15621818,Anayolisa,652.0,Germany,29.0,7,117726.33,1.0,1.0,1.0,175398.34,0,3.4011973816621555
15652700,Ritchie,652.0,France,39.0,6,0.0,2.0,1.0,1.0,86767.48,0,3.6888794541139363
15636860,Ch'eng,652.0,France,43.0,4,122351.29,1.0,1.0,0.0,71216.6,0,3.784189633918261
15569432,Macleod,652.0,France,48.0,9,0.0,2.0,1.0,1.0,85240.61,1,3.8918202981106265
15751455,Boyle,652.0,France,48.0,5,0.0,1.0,1.0,0.0,160529.71,1,3.8918202981106265
15800583,Chukwuemeka,652.0,Spain,43.0,8,0.0,1.0,0.0,0.0,102806.6,0,3.784189633918261
15770214,Bryant,652.0,France,27.0,7,0.0,2.0,1.0,0.0,144134.64,0,3.332204510175204
15613463,Hackett,652.0,Germany,50.0,6,132598.38,2.0,1.0,1.0,184017.98,0,3.9318256327243257
15587066,Kovaleva,652.0,France,38.0,2,119272.29,1.0,0.0,0.0,195896.59,1,3.6635616461296463
15693752,Reed,652.0,France,37.0,2,0.0,2.0,1.0,1.0,126722.57,0,3.6375861597263857
15714874,Major,652.0,France,42.0,3,0.0,2.0,1.0,1.0,176883.42,0,3.7612001156935624
15657809,Lo,652.0,France,55.0,10,106415.57,3.0,1.0,1.0,122960.98,1,4.02535169073515
15651955,Hanson,652.0,France,31.0,4,0.0,2.0,0.0,1.0,9607.1,0,3.4657359027997265
15570912,Ogbonnaya,652.0,Germany,32.0,9,127772.1,2.0,1.0,1.0,152643.48,0,3.4965075614664802
15640266,Windsor,652.0,Spain,41.0,5,104631.67,1.0,1.0,1.0,95551.22,0,3.7376696182833684
15652069,Calabrese,652.0,France,30.0,1,0.0,2.0,1.0,0.0,141860.62,0,3.4339872044851463
15596074,Keating,652.0,France,37.0,10,0.0,1.0,1.0,1.0,76642.68,0,3.6375861597263857
15800268,Costa,652.0,Germany,37.0,6,118050.79,1.0,0.0,1.0,52301.15,0,3.6375861597263857
15809847,Tan,652.0,France,46.0,0,0.0,2.0,0.0,0.0,29388.02,0,3.8501476017100584
15599074,Ma,652.0,Spain,40.0,6,136093.74,1.0,0.0,1.0,193408.43,0,3.713572066704308
15599591,Martin,652.0,Germany,39.0,7,88477.36,2.0,1.0,0.0,58632.37,0,3.6888794541139363
15776096,Halpern,652.0,Spain,34.0,3,161572.24,1.0,0.0,1.0,191076.22,0,3.5553480614894135
15611669,Nyhan,652.0,Germany,50.0,7,126608.37,1.0,0.0,1.0,645.61,1,3.9318256327243257
15694098,Jackson,652.0,France,54.0,9,68332.96,1.0,1.0,1.0,144390.75,0,4.007333185232471
15713347,Reynolds,652.0,Spain,48.0,6,179852.26,1.0,1.0,0.0,193580.32,0,3.8918202981106265
15713094,Tai,652.0,France,25.0,8,0.0,2.0,1.0,1.0,126761.2,0,3.258096538021482
15811978,Trevisani,652.0,Germany,46.0,2,104763.41,1.0,1.0,1.0,62368.33,0,3.8501476017100584
15799925,Uwakwe,652.0,France,60.0,6,88541.57,2.0,1.0,1.0,131718.12,0,4.110873864173311
15692575,Kerr,652.0,France,38.0,6,162888.73,1.0,1.0,0.0,91098.76,1,3.6635616461296463
15743149,Findlay,652.0,France,35.0,8,0.0,1.0,1.0,1.0,67508.01,0,3.58351893845611
15776947,Ugorji,652.0,Spain,43.0,8,0.0,1.0,1.0,0.0,12156.93,1,3.784189633918261
15700656,Balashova,652.0,France,32.0,9,0.0,2.0,0.0,0.0,65089.38,0,3.4965075614664802
15594515,Cheng,652.0,France,44.0,7,0.0,2.0,0.0,0.0,62370.67,1,3.8066624897703196
15787884,Martin,652.0,France,30.0,7,0.0,2.0,1.0,1.0,18826.34,0,3.4339872044851463
15577988,Skinner,652.0,France,35.0,1,0.0,2.0,1.0,1.0,3342.62,0,3.58351893845611
15795586,McDonald,652.0,France,35.0,1,92474.05,1.0,1.0,0.0,178626.07,0,3.58351893845611
15677739,Dellucci,652.0,France,36.0,6,0.0,2.0,1.0,0.0,32845.32,0,3.6109179126442243
15720134,Reynolds,652.0,Germany,30.0,9,115479.48,2.0,1.0,1.0,134732.99,0,3.4339872044851463
15688868,Birdsall,652.0,France,26.0,5,87098.91,1.0,0.0,0.0,106095.82,0,3.295836866004329
15642996,Tsai,652.0,Germany,42.0,9,86351.85,2.0,1.0,0.0,57380.13,0,3.7612001156935624
15771222,Oguejiofor,652.0,France,42.0,5,0.0,2.0,0.0,0.0,25951.91,0,3.7612001156935624
15605059,Mackie,652.0,Germany,62.0,3,148843.56,1.0,1.0,0.0,69414.13,1,4.1588830833596715
15568088,Jamieson,652.0,Germany,44.0,3,163714.52,1.0,1.0,0.0,96123.72,0,3.8066624897703196
15665943,Mai,652.0,France,25.0,6,0.0,2.0,1.0,0.0,119425.94,0,3.258096538021482
15795571,Patterson,652.0,Spain,36.0,0,94153.56,1.0,0.0,1.0,120138.27,0,3.6109179126442243
15662243,Taylor,652.0,France,50.0,5,162702.35,1.0,0.0,0.0,150548.5,1,3.9318256327243257
15593128,Vinogradoff,652.0,France,56.0,10,129255.2,2.0,1.0,0.0,142492.04,1,4.04305126783455
15589739,North,652.0,France,41.0,3,90605.29,1.0,1.0,1.0,14357.0,0,3.7376696182833684
15787602,Carter,652.0,Spain,39.0,5,0.0,2.0,1.0,1.0,129569.92,0,3.6888794541139363
15685019,Graham,652.0,France,29.0,3,102787.42,1.0,1.0,0.0,55972.56,0,3.4011973816621555
15704209,Noble,652.0,France,39.0,7,120145.96,2.0,0.0,1.0,59497.01,1,3.6888794541139363
15605264,Walker,652.0,Germany,47.0,0,63723.78,2.0,1.0,1.0,181928.25,0,3.8712010109078907
15708265,Chibugo,652.0,Spain,24.0,10,159203.71,1.0,1.0,1.0,102517.83,1,3.2188758248682006
15740264,Yobachi,652.0,France,38.0,9,0.0,2.0,1.0,0.0,88827.67,0,3.6635616461296463
15615477,Ignatyeva,652.0,Spain,44.0,1,0.0,2.0,0.0,0.0,14161.3,0,3.8066624897703196
15727361,Chiemela,652.0,France,51.0,1,0.0,2.0,1.0,1.0,56908.41,0,3.9512437185814275
15760216,Pokrovskaya,652.0,France,49.0,10,0.0,1.0,1.0,0.0,184474.72,1,3.912023005428146
15806134,Storey,652.0,Germany,34.0,9,162691.16,2.0,1.0,0.0,94912.78,0,3.5553480614894135
15601351,Moroney,652.0,France,43.0,9,127806.91,1.0,1.0,1.0,73069.59,0,3.784189633918261
15669262,Maslov,652.0,France,43.0,9,157960.49,2.0,0.0,0.0,136602.8,0,3.784189633918261
15696989,Chukwueloka,652.0,Germany,52.0,8,139493.25,3.0,0.0,0.0,150093.32,1,3.970291913552122
15688498,Chu,652.0,Germany,21.0,2,87096.82,2.0,1.0,0.0,168186.11,0,3.091042453358316
15686964,Spence,652.0,France,34.0,10,84944.58,1.0,0.0,0.0,146230.63,0,3.5553480614894135
15625035,Mills,652.0,France,50.0,8,160139.59,2.0,1.0,1.0,79314.1,0,3.9318256327243257
15618391,Doyle,652.0,France,33.0,6,0.0,2.0,1.0,1.0,77965.67,0,3.5263605246161616
15591344,Donnelly,652.0,Spain,42.0,6,0.0,2.0,1.0,1.0,128745.69,0,3.7612001156935624
15605455,Tai,652.0,France,40.0,9,0.0,2.0,1.0,0.0,194767.3,0,3.713572066704308
15680804,Abbott,652.0,France,29.0,6,0.0,2.0,1.0,1.0,10672.54,0,3.4011973816621555
15768282,Perez,652.0,Germany,36.0,6,94615.11,2.0,1.0,1.0,10627.21,0,3.6109179126442243
15685826,Hsiung,652.0,France,30.0,7,90727.79,1.0,1.0,0.0,122268.75,0,3.4339872044851463
15793491,Cherkasova,652.0,Germany,26.0,3,119545.48,2.0,1.0,0.0,65482.94,0,3.295836866004329
15797787,Denisov,652.0,France,36.0,1,118311.76,1.0,1.0,0.0,146134.68,0,3.6109179126442243
15611171,Fowler,652.0,France,33.0,1,129574.98,1.0,1.0,1.0,123300.38,0,3.5263605246161616
15601627,Siciliano,652.0,France,33.0,8,148163.57,1.0,0.0,0.0,122925.4,0,3.5263605246161616
15734085,Crocker,652.0,Germany,24.0,5,117154.9,1.0,1.0,1.0,127744.02,0,3.2188758248682006
15809309,Longo,652.0,Spain,40.0,5,154251.67,1.0,0.0,1.0,118319.5,0,3.713572066704308
15809462,Polyakova,652.0,France,30.0,3,0.0,2.0,0.0,1.0,17104.0,0,3.4339872044851463
15634628,Brown,652.0,France,33.0,1,65667.79,2.0,0.0,0.0,164608.98,0,3.5263605246161616
15775678,Uspensky,652.0,France,44.0,1,0.0,1.0,1.0,1.0,152108.47,0,3.8066624897703196
15579526,O'Meara,652.0,France,42.0,1,50194.59,1.0,1.0,1.0,23399.58,0,3.7612001156935624
15779103,Cantamessa,652.0,Germany,39.0,9,96748.89,2.0,1.0,0.0,94711.43,0,3.6888794541139363
15738715,Alexander,652.0,France,37.0,4,0.0,3.0,1.0,0.0,7312.25,1,3.6375861597263857
15593943,Chinagorom,652.0,France,43.0,1,132667.17,1.0,1.0,1.0,41876.98,0,3.784189633918261
15754574,Tomlinson,652.0,Spain,36.0,5,0.0,2.0,1.0,1.0,96881.32,0,3.6109179126442243
15737814,Lo,652.0,France,41.0,2,127087.06,1.0,1.0,0.0,102402.91,1,3.7376696182833684
15670889,Nwachukwu,652.0,France,34.0,1,125566.9,1.0,1.0,1.0,176763.27,0,3.5553480614894135
15629299,Yang,652.0,Germany,52.0,1,106074.89,1.0,1.0,1.0,23548.45,1,3.970291913552122
15771569,Bage,652.0,Germany,46.0,4,137367.94,1.0,1.0,1.0,33450.11,0,3.8501476017100584
15811927,Marcelo,652.0,France,38.0,3,157658.36,1.0,0.0,0.0,19658.43,0,3.6635616461296463
15785654,Ofodile,652.0,Germany,45.0,6,114422.85,2.0,1.0,1.0,104678.78,1,3.828641396489095
15665524,Savage,652.0,Spain,41.0,5,103154.66,1.0,0.0,0.0,143203.78,0,3.7376696182833684
15736287,Piccio,652.0,France,33.0,9,0.0,1.0,1.0,0.0,6975.02,0,3.5263605246161616
15765732,Simmons,652.0,Spain,24.0,6,149592.14,1.0,1.0,1.0,153771.8,0,3.2188758248682006
15797381,DeRose,652.0,Germany,48.0,3,133903.12,2.0,1.0,1.0,85902.39,1,3.8918202981106265
15598536,Onuchukwu,652.0,Germany,26.0,0,84587.9,1.0,0.0,1.0,188037.76,0,3.295836866004329
15664506,Goodwin,652.0,Spain,32.0,8,197436.82,1.0,1.0,1.0,52710.7,0,3.4965075614664802
15575619,Teakle,652.0,Spain,32.0,1,104254.27,1.0,1.0,1.0,17034.37,0,3.4965075614664802
15587394,Thomson,652.0,France,39.0,4,140133.08,2.0,0.0,0.0,131304.45,0,3.6888794541139363
15654457,Cross,652.0,Spain,30.0,2,0.0,3.0,1.0,1.0,172576.43,1,3.4339872044851463
15762793,Jones,652.0,Germany,36.0,0,136980.23,2.0,1.0,1.0,99019.65,0,3.6109179126442243
15658067,Walker,652.0,Germany,48.0,3,120568.41,1.0,1.0,0.0,190160.04,1,3.8918202981106265
15642816,De Salis,652.0,France,27.0,7,43658.33,2.0,1.0,1.0,3025.49,0,3.332204510175204
15693088,Oliver,652.0,France,37.0,9,0.0,2.0,1.0,1.0,34689.77,0,3.6375861597263857
15793883,Lo Duca,652.0,France,28.0,3,0.0,2.0,1.0,0.0,2305.27,0,3.367295829986474
15665283,Brookes,652.0,France,57.0,7,72092.95,3.5,0.0,1.0,113228.82,1,4.060443010546419
15680421,Challis,652.0,France,42.0,10,0.0,2.0,0.0,0.0,171099.22,0,3.7612001156935624
15695148,Ibeabuchi,652.0,Spain,37.0,9,0.0,2.0,1.0,1.0,62023.1,0,3.6375861597263857
15636592,Iroawuchi,652.0,France,35.0,0,181821.96,2.0,0.0,1.0,36923.67,1,3.58351893845611
15772618,Tyler,652.0,France,25.0,7,90920.75,1.0,0.0,1.0,112256.57,0,3.258096538021482
15724453,Fan,652.0,France,23.0,2,0.0,1.0,0.0,0.0,198830.98,0,3.1780538303479458
15565878,Bates,652.0,Spain,29.0,3,0.0,2.0,1.0,1.0,197963.46,0,3.4011973816621555
15609160,Marsden,652.0,France,32.0,1,0.0,2.0,0.0,0.0,31635.99,0,3.4965075614664802
15678460,Dodgshun,652.0,France,30.0,9,0.0,1.0,1.0,0.0,49594.02,0,3.4339872044851463
15662571,Maclean,652.0,France,35.0,8,0.0,2.0,1.0,0.0,170483.9,0,3.58351893845611
15606849,Blackall,652.0,France,27.0,1,94920.71,1.0,1.0,1.0,40339.9,0,3.332204510175204
15670738,Mazzanti,652.0,Germany,45.0,2,113939.36,2.0,1.0,0.0,3218.71,0,3.828641396489095
15662641,Amadi,652.0,France,19.0,8,0.0,1.0,1.0,1.0,68569.89,0,2.995732273553991
15727539,Schoenheimer,652.0,France,31.0,4,0.0,2.0,1.0,0.0,29176.04,0,3.4657359027997265
15651020,Fiorentino,652.0,France,25.0,6,110666.42,2.0,0.0,0.0,46758.42,0,3.258096538021482
15673877,Murray,652.0,France,39.0,1,0.0,3.0,1.0,0.0,171060.01,1,3.6888794541139363
15760865,Fan,652.0,Germany,48.0,7,141819.02,1.0,1.0,0.0,93550.53,1,3.8918202981106265
15705009,Cartwright,652.0,France,56.0,8,156974.26,1.0,1.0,0.0,89405.26,1,4.04305126783455
15657540,Cremonesi,652.0,France,50.0,5,151215.34,2.0,1.0,0.0,169804.4,0,3.9318256327243257
15707441,White,652.0,Spain,26.0,8,116318.23,1.0,1.0,1.0,83253.05,0,3.295836866004329
15694765,Sabbatini,652.0,Germany,49.0,6,113882.33,1.0,1.0,0.0,195813.81,1,3.912023005428146
15649086,Patterson,652.0,France,42.0,7,0.0,2.0,1.0,1.0,121568.37,0,3.7612001156935624
15650488,Bromley,652.0,France,48.0,6,127253.98,1.0,1.0,1.0,92144.09,1,3.8918202981106265
15760924,Doherty,652.0,Spain,41.0,2,100062.39,1.0,0.0,0.0,126307.25,0,3.7376696182833684
15700263,Ifeatu,652.0,France,62.0,2,0.0,1.0,1.0,0.0,130784.2,1,4.204692619390966
15806922,Bergamaschi,652.0,Spain,41.0,4,126605.14,1.0,1.0,1.0,166694.93,0,3.7376696182833684
15637522,Shubina,652.0,France,31.0,0,106942.08,1.0,0.0,1.0,44001.11,0,3.4657359027997265
15636548,Lung,652.0,Spain,44.0,7,0.0,2.0,0.0,0.0,185992.36,0,3.8066624897703196
15566891,Kinder,652.0,Germany,41.0,3,88594.93,1.0,1.0,0.0,178997.89,0,3.7376696182833684
15627185,Terry,652.0,Germany,29.0,6,123737.04,2.0,1.0,0.0,141558.04,0,3.4011973816621555
15754012,Shepherdson,652.0,France,35.0,1,110752.15,2.0,1.0,1.0,47921.22,0,3.58351893845611
15627514,Short,652.0,Spain,46.0,3,0.0,2.0,0.0,1.0,104902.68,0,3.8501476017100584
15661433,Zetticci,652.0,France,34.0,5,0.0,1.0,1.0,0.0,68479.6,0,3.5553480614894135
15610653,Belov,652.0,Spain,38.0,5,0.0,2.0,1.0,1.0,1271.51,0,3.6635616461296463
15667002,Knight,652.0,Spain,43.0,5,0.0,2.0,1.0,0.0,29346.1,0,3.784189633918261
15709199,Burson,652.0,Spain,40.0,1,0.0,1.0,1.0,1.0,184118.73,0,3.713572066704308
15710087,Nicholls,652.0,Germany,54.0,3,125889.3,3.0,1.0,0.0,96013.5,1,4.007333185232471
15679884,Hs?eh,652.0,France,48.0,10,78314.63,3.0,1.0,1.0,103713.93,1,3.8918202981106265
15784180,Ku,652.0,France,36.0,7,206329.65,1.0,1.0,1.0,46632.87,1,3.6109179126442243
15808849,T'ien,652.0,France,40.0,7,145536.9,1.0,0.0,1.0,135334.24,0,3.713572066704308
15751549,H?,652.0,Germany,31.0,2,77082.65,2.0,0.0,0.0,13482.28,0,3.4657359027997265
15588235,Vasilieva,652.0,France,24.0,8,145081.73,1.0,1.0,1.0,130075.07,0,3.2188758248682006
15640418,Omeokachie,652.0,Germany,41.0,4,115897.73,1.0,1.0,0.0,143544.48,0,3.7376696182833684
15721116,Napolitano,652.0,Spain,24.0,0,108058.07,2.0,1.0,1.0,187826.11,0,3.2188758248682006
15599084,Hopwood,652.0,France,33.0,7,191523.09,1.0,1.0,1.0,167058.75,0,3.5263605246161616
15773394,Bergamaschi,652.0,France,38.0,3,0.0,2.0,1.0,1.0,79928.41,0,3.6635616461296463
15625713,Lindeman,652.0,Spain,39.0,7,91187.9,1.0,0.0,1.0,6075.36,0,3.6888794541139363
15766417,McKinley,652.0,France,60.0,2,0.0,2.0,1.0,1.0,43821.56,0,4.110873864173311
15622578,Sergeyev,652.0,France,34.0,5,113958.55,1.0,0.0,1.0,32125.98,0,3.5553480614894135
15799924,Sanchez,652.0,Spain,43.0,1,147167.25,1.0,0.0,0.0,141679.73,0,3.784189633918261
15618363,Muomelu,652.0,Germany,29.0,9,82916.48,1.0,1.0,1.0,84133.48,0,3.4011973816621555
15637138,Murray,652.0,France,34.0,1,0.0,2.0,1.0,0.0,9692.58,0,3.5553480614894135
15781665,Ibekwe,652.0,France,37.0,5,0.0,1.0,0.0,0.0,20708.6,0,3.6375861597263857
15804853,McVey,652.0,France,48.0,0,57098.96,1.0,1.0,0.0,85644.06,1,3.8918202981106265
15651627,White,652.0,Germany,39.0,1,115341.19,1.0,1.0,1.0,107674.3,1,3.6888794541139363
15680685,Patterson,652.0,France,30.0,3,165257.2,1.0,0.0,0.0,134822.05,0,3.4339872044851463
15808930,Mai,652.0,France,37.0,1,0.0,1.0,1.0,0.0,4606.97,0,3.6375861597263857
15570970,Han,652.0,France,42.0,9,0.0,2.0,1.0,1.0,51362.82,0,3.7612001156935624
15679961,Davidson,652.0,Spain,46.0,7,68799.72,1.0,1.0,1.0,39704.14,0,3.8501476017100584
15705458,Parkin,652.0,Spain,39.0,2,116120.19,2.0,1.0,1.0,195638.13,0,3.6888794541139363
15750396,McKissick,652.0,France,33.0,1,0.0,2.0,1.0,1.0,86413.11,0,3.5263605246161616
15679928,Horsfall,652.0,France,31.0,2,84102.11,2.0,0.0,1.0,116385.24,0,3.4657359027997265
15711181,Clapp,652.0,France,50.0,4,0.0,2.0,0.0,1.0,182076.97,0,3.9318256327243257
15698324,Azikiwe,652.0,France,33.0,4,0.0,1.0,1.0,1.0,67879.8,0,3.5263605246161616
15807433,Zubarev,652.0,France,43.0,9,0.0,2.0,0.0,1.0,11417.26,0,3.784189633918261
15636590,Pisano,652.0,France,46.0,1,0.0,2.0,1.0,1.0,65998.26,0,3.8501476017100584
15628950,Coates,652.0,Germany,25.0,6,104013.79,1.0,1.0,0.0,114774.35,0,3.258096538021482
15617206,Trentino,652.0,Germany,42.0,8,120822.86,2.0,1.0,0.0,126153.24,0,3.7612001156935624
15603741,MacDonnell,652.0,Spain,40.0,4,128389.12,1.0,1.0,1.0,176091.31,0,3.713572066704308
15742607,Ermakov,652.0,Germany,36.0,7,102800.72,1.0,1.0,1.0,87352.43,0,3.6109179126442243
15747821,K?,652.0,Germany,31.0,6,135470.9,1.0,1.0,0.0,107074.81,0,3.4657359027997265
15612043,Hammonds,652.0,France,36.0,7,90145.04,1.0,1.0,1.0,69157.93,0,3.6109179126442243
15809558,Peppin,652.0,Spain,31.0,7,0.0,1.0,1.0,1.0,149970.59,0,3.4657359027997265
15803750,Ball,652.0,Spain,33.0,3,161801.47,1.0,0.0,1.0,153288.97,1,3.5263605246161616
15704681,Yeh,652.0,Germany,37.0,2,99660.13,2.0,0.0,1.0,147700.78,0,3.6375861597263857
15667392,L?,652.0,Spain,38.0,6,123081.84,2.0,1.0,1.0,188657.97,0,3.6635616461296463
15738889,Shih,652.0,France,42.0,8,102870.93,1.0,0.0,1.0,103764.55,1,3.7612001156935624
15598838,Greco,652.0,France,37.0,1,151105.68,1.0,1.0,1.0,140934.57,0,3.6375861597263857
15579109,Napolitano,652.0,Germany,35.0,5,163856.76,1.0,1.0,1.0,15118.2,0,3.58351893845611
15799042,Zaytseva,652.0,France,38.0,7,0.0,1.0,1.0,1.0,63202.0,0,3.6635616461296463
15697042,Genovesi,652.0,Spain,35.0,8,127290.61,1.0,1.0,0.0,16081.62,0,3.58351893845611
15696605,Angelo,652.0,France,49.0,4,180614.04,1.0,0.0,0.0,523.0,0,3.912023005428146
15802274,Waters,652.0,France,44.0,7,55053.62,1.0,1.0,0.0,181757.19,0,3.8066624897703196
15596808,Maclean,652.0,Spain,33.0,4,96110.22,1.0,1.0,0.0,1173.23,0,3.5263605246161616
15705403,Seleznyova,652.0,Spain,46.0,3,106521.49,1.0,0.0,1.0,86587.37,0,3.8501476017100584
15732903,Fontenot,652.0,France,39.0,7,82255.51,2.0,1.0,0.0,109545.56,0,3.6888794541139363
15581968,Reid,652.0,France,33.0,1,0.0,2.0,1.0,1.0,174431.01,0,3.5263605246161616
15683892,Fraser,652.0,Germany,26.0,3,102395.79,1.0,1.0,0.0,119368.99,0,3.295836866004329
15595447,Tuan,652.0,Spain,39.0,8,118201.41,1.0,1.0,0.0,23315.59,0,3.6888794541139363
15569249,Howarth,652.0,France,55.0,6,44582.07,3.0,0.0,1.0,67539.85,1,4.02535169073515
15656188,Davis,652.0,Spain,30.0,5,0.0,2.0,1.0,1.0,185201.58,0,3.4339872044851463
15689661,Gorbunov,652.0,France,22.0,6,0.0,2.0,0.0,1.0,131827.15,0,3.1354942159291497
15644934,Gentry,652.0,France,26.0,9,105522.06,1.0,1.0,0.0,10842.46,0,3.295836866004329
15721793,Chiu,652.0,Germany,50.0,7,123936.54,1.0,1.0,1.0,23768.01,0,3.9318256327243257
15687413,Sunderland,652.0,Spain,38.0,6,0.0,2.0,1.0,1.0,117616.29,0,3.6635616461296463
15761286,Fan,652.0,Germany,62.0,7,119499.42,2.0,1.0,1.0,174027.3,0,4.204692619390966
15658240,Parry,652.0,France,44.0,9,135814.7,2.0,0.0,0.0,115091.38,0,3.8066624897703196
15706232,Niu,652.0,France,52.0,9,0.0,1.0,1.0,1.0,106340.66,1,3.970291913552122
15583394,Zuyev,652.0,Germany,39.0,8,106259.63,2.0,1.0,1.0,198103.32,0,3.6888794541139363
15715643,Ijendu,652.0,France,44.0,8,0.0,2.0,1.0,1.0,175314.87,0,3.8066624897703196
15644856,Bird,652.0,Spain,38.0,2,115463.16,1.0,1.0,0.0,150679.65,0,3.6635616461296463
15785488,Palmer,652.0,Spain,39.0,9,0.0,2.0,1.0,1.0,110043.88,0,3.6888794541139363
15711571,Y?,652.0,Spain,42.0,5,120233.83,1.0,1.0,0.0,194890.33,0,3.7612001156935624
15778604,Nicholson,652.0,France,47.0,7,0.0,2.0,0.0,0.0,112366.98,0,3.8712010109078907
15751180,Adams,652.0,France,40.0,7,81132.21,1.0,1.0,0.0,167289.82,0,3.713572066704308
15748360,Cocci,652.0,Germany,34.0,10,122196.99,2.0,1.0,1.0,182099.71,0,3.5553480614894135
15770039,Kuo,652.0,Germany,39.0,4,112290.22,1.0,1.0,0.0,49373.97,1,3.6888794541139363
15685096,Trevisani,652.0,France,50.0,4,0.0,2.0,1.0,1.0,861.4,0,3.9318256327243257
15669501,Kuo,652.0,France,35.0,5,0.0,2.0,1.0,1.0,81718.37,0,3.58351893845611
15622631,H?,652.0,France,44.0,8,154409.74,1.0,1.0,0.0,49324.03,1,3.8066624897703196
15586699,Thomson,652.0,France,32.0,9,0.0,2.0,0.0,0.0,9751.03,0,3.4965075614664802
15702377,Knorr,652.0,Spain,48.0,1,132759.8,1.0,1.0,0.0,78899.22,0,3.8918202981106265
15577170,Manfrin,652.0,France,60.0,5,76705.87,2.0,0.0,1.0,13889.73,0,4.110873864173311
15769451,Hayes,652.0,France,44.0,1,0.0,2.0,1.0,1.0,11467.38,0,3.8066624897703196
15811877,Shao,652.0,France,36.0,4,0.0,2.0,1.0,0.0,130789.15,0,3.6109179126442243
15648725,Sinclair,652.0,France,41.0,3,0.0,2.0,1.0,1.0,108665.89,0,3.7376696182833684
15752801,Bradshaw,652.0,Germany,29.0,9,125961.74,2.0,1.0,0.0,160303.08,1,3.4011973816621555
15808175,Castiglione,652.0,France,39.0,7,49572.73,1.0,1.0,0.0,115287.99,1,3.6888794541139363
15681342,Hurst,652.0,France,35.0,1,103015.12,2.0,1.0,1.0,139094.12,0,3.58351893845611
15589210,Adamson,652.0,France,24.0,4,0.0,1.0,0.0,0.0,20515.72,0,3.2188758248682006
15696826,James,652.0,France,32.0,1,104001.38,1.0,0.0,1.0,36642.65,0,3.4965075614664802
15614962,Pavlova,652.0,Spain,50.0,2,87116.71,1.0,1.0,1.0,104382.11,0,3.9318256327243257
15689061,Davey,652.0,France,62.0,5,82547.11,2.0,1.0,1.0,146448.01,0,4.23410650459726
15640074,Barrett,652.0,Spain,47.0,5,0.0,1.0,0.0,0.0,166650.9,1,3.8712010109078907
15776156,Dolgorukova,652.0,France,27.0,4,121325.84,1.0,1.0,1.0,164223.7,1,3.332204510175204
15739548,Johnson,652.0,France,28.0,9,111167.7,1.0,1.0,0.0,149331.01,0,3.367295829986474
15662854,Manna,652.0,Germany,48.0,5,139714.4,2.0,0.0,0.0,73066.72,0,3.8918202981106265
15687688,Hou,652.0,Germany,32.0,10,139875.2,2.0,1.0,0.0,15378.23,0,3.4965075614664802
15715750,Okeke,652.0,Germany,44.0,2,113063.83,1.0,0.0,0.0,53072.49,1,3.8066624897703196
15571121,Kodilinyechukwu,652.0,France,50.0,8,138340.06,1.0,0.0,1.0,3159.15,0,3.9318256327243257
15726466,Esposito,652.0,France,43.0,1,114974.24,1.0,1.0,0.0,125920.54,0,3.784189633918261
15660390,Boyle,652.0,France,33.0,6,0.0,2.0,1.0,1.0,124113.04,0,3.5263605246161616
15663942,Hsiung,652.0,France,38.0,5,0.0,2.0,0.0,0.0,93716.38,0,3.6635616461296463
15638610,Kennedy,652.0,Germany,62.0,5,117325.54,1.0,1.0,0.0,155799.86,1,4.189654742026425
15644446,Norton,652.0,France,28.0,6,0.0,1.0,0.0,1.0,8814.69,0,3.367295829986474
15585892,Zakharov,652.0,France,35.0,8,0.0,1.0,0.0,0.0,164453.98,0,3.58351893845611
15609356,Chimaraoke,652.0,France,25.0,1,0.0,2.0,0.0,0.0,87803.32,0,3.258096538021482
15803378,Small,652.0,Spain,44.0,8,0.0,2.0,1.0,1.0,183617.32,0,3.8066624897703196
15599440,McGregor,652.0,France,34.0,8,0.0,2.0,1.0,0.0,53584.03,0,3.5553480614894135
15692408,Brown,652.0,Spain,35.0,2,0.0,2.0,1.0,1.0,1950.93,0,3.58351893845611
15683168,Frederickson,652.0,France,30.0,6,0.0,1.0,0.0,1.0,175025.27,0,3.4339872044851463
15790254,Wood,652.0,Spain,50.0,1,78737.61,1.0,1.0,1.0,13018.96,0,3.9318256327243257
15767729,Smith,652.0,Spain,25.0,5,182876.88,2.0,1.0,1.0,42537.59,1,3.258096538021482
15768600,Harris,652.0,Germany,50.0,9,130023.38,1.0,1.0,0.0,62989.82,1,3.9318256327243257
15699839,Hall,652.0,France,36.0,2,152606.82,1.0,1.0,1.0,71692.8,0,3.6109179126442243
15786237,Pickworth,652.0,France,28.0,7,0.0,2.0,1.0,0.0,823.96,0,3.367295829986474
15694530,Porter,652.0,France,28.0,4,167268.98,1.0,1.0,1.0,169469.3,0,3.367295829986474
15796813,Storey,652.0,France,54.0,3,167831.88,2.0,1.0,0.0,150159.95,1,4.007333185232471
15605791,Li,652.0,Germany,29.0,9,144287.6,2.0,1.0,0.0,32063.3,0,3.4011973816621555
15714087,McGill,652.0,Germany,45.0,5,151855.33,1.0,1.0,0.0,68794.15,0,3.828641396489095
15711446,Sinclair,652.0,Spain,51.0,3,0.0,3.0,1.0,0.0,75084.96,1,3.9512437185814275
15588123,Horton,652.0,France,27.0,2,0.0,2.0,0.0,1.0,114685.92,0,3.332204510175204
15748552,Sal,652.0,Germany,37.0,4,155994.15,1.0,0.0,0.0,143665.44,0,3.6375861597263857
15618410,Murray,652.0,Germany,26.0,7,147527.03,1.0,0.0,0.0,51099.56,0,3.295836866004329
15672432,Giles,652.0,France,53.0,4,0.0,1.0,1.0,0.0,5408.74,1,3.9889840465642745
15610042,Brown,652.0,France,33.0,8,100267.03,1.0,1.0,0.0,103006.27,0,3.5263605246161616
15580914,Okechukwu,652.0,Spain,48.0,0,83287.05,2.0,0.0,1.0,44147.95,1,3.8918202981106265
15583680,White,652.0,Spain,41.0,4,0.0,1.0,0.0,1.0,149278.96,0,3.7376696182833684
15813718,Kirillova,652.0,Spain,45.0,4,0.0,2.0,0.0,0.0,193009.21,0,3.828641396489095
15767264,Lawson,652.0,Germany,53.0,1,117438.17,1.0,0.0,0.0,74898.8,1,3.9889840465642745
15686461,Sarratt,652.0,France,56.0,7,121235.05,2.0,1.0,1.0,116253.1,0,4.04305126783455
15678882,Hay,652.0,Germany,37.0,3,129965.18,1.0,0.0,0.0,19374.08,0,3.6375861597263857
15789611,Lin,652.0,Germany,46.0,8,150836.92,1.0,0.0,0.0,64516.8,1,3.8501476017100584
15668679,Ozerova,652.0,France,31.0,0,0.0,2.0,1.0,1.0,34475.14,0,3.4657359027997265
15631685,Lambert,652.0,Germany,60.0,1,163894.35,1.0,0.0,1.0,57061.71,0,4.110873864173311
15655658,Bulgakov,652.0,France,48.0,2,0.0,2.0,1.0,1.0,32301.88,0,3.8918202981106265
15753591,He,652.0,France,38.0,2,0.0,2.0,1.0,0.0,136859.55,0,3.6635616461296463
15617348,Uchechukwu,652.0,France,44.0,1,0.0,2.0,0.0,0.0,69244.24,0,3.8066624897703196
15704581,Robertson,652.0,Germany,34.0,2,87967.42,2.0,0.0,1.0,156309.52,0,3.5553480614894135
15738487,Leworthy,652.0,France,26.0,3,0.0,2.0,1.0,0.0,4989.33,0,3.295836866004329
15648069,Onyemachukwu,652.0,France,36.0,6,0.0,2.0,1.0,1.0,190194.95,0,3.6109179126442243
15737627,Rivero,652.0,Germany,20.0,2,121093.29,2.0,1.0,0.0,3529.72,0,3.044522437723423
15731586,Lai,652.0,Spain,31.0,2,121691.54,2.0,0.0,0.0,81778.72,0,3.4657359027997265
15757467,Feng,652.0,Spain,57.0,6,0.0,2.0,1.0,1.0,39297.48,0,4.060443010546419
15597709,Hornung,652.0,France,39.0,6,154121.32,2.0,1.0,0.0,176614.86,1,3.6888794541139363
15720529,Schiavone,652.0,France,29.0,6,0.0,2.0,1.0,1.0,108684.65,0,3.4011973816621555
15596797,Barnet,652.0,Spain,43.0,1,0.0,2.0,1.0,1.0,145764.4,0,3.784189633918261
15681755,Dennys,652.0,France,32.0,5,0.0,2.0,1.0,1.0,42135.28,0,3.4965075614664802
15815271,Ritchie,652.0,Germany,43.0,6,165048.5,3.0,1.0,0.0,16929.41,1,3.784189633918261
15682860,Lo,652.0,Spain,38.0,6,0.0,2.0,0.0,0.0,104393.78,0,3.6635616461296463
15621546,Yuriev,652.0,France,33.0,9,127638.35,1.0,1.0,1.0,192717.57,0,3.5263605246161616
15705918,Howarth,652.0,France,31.0,8,0.0,2.0,1.0,1.0,59650.42,0,3.4657359027997265
15684512,Gibson,652.0,Germany,62.0,8,135290.42,2.0,1.0,1.0,63729.72,0,4.290459441148391
15671769,Zikoranachidimma,652.0,France,62.0,4,170252.05,3.0,1.0,1.0,73679.59,1,4.276666119016055
15642934,Mason,652.0,Germany,35.0,4,108269.2,2.0,1.0,0.0,174969.92,0,3.58351893845611
15594305,Rizzo,652.0,France,32.0,1,0.0,2.0,1.0,0.0,1703.58,0,3.4965075614664802
15789201,Thomson,652.0,Germany,35.0,9,145623.36,1.0,1.0,0.0,163181.62,0,3.58351893845611
15706762,Ignatyev,652.0,France,41.0,4,145809.53,2.0,1.0,1.0,52319.26,0,3.7376696182833684
15766183,Ferguson,652.0,Germany,62.0,2,130334.84,2.0,1.0,1.0,51672.08,0,4.343805421853684
15777994,Woods,652.0,France,39.0,3,0.0,2.0,1.0,1.0,145355.11,0,3.6888794541139363
15568162,Sung,652.0,Spain,53.0,8,0.0,1.0,1.0,1.0,51711.57,0,3.9889840465642745
15680643,Lo,652.0,Spain,42.0,1,0.0,2.0,1.0,1.0,149535.97,0,3.7612001156935624
15761854,Burn,652.0,France,24.0,4,0.0,1.0,0.0,1.0,94105.0,0,3.2188758248682006
15730793,Russell,652.0,Germany,54.0,3,111009.32,1.0,1.0,1.0,155905.79,1,4.007333185232471
15692137,Jen,652.0,France,46.0,2,0.0,1.0,1.0,1.0,138380.11,0,3.8501476017100584
15608595,Lo Duca,652.0,France,39.0,3,157371.54,1.0,0.0,1.0,97734.3,0,3.6888794541139363
15709459,Oluchi,652.0,Spain,62.0,5,0.0,1.0,1.0,1.0,173576.71,0,4.1588830833596715
15775750,Yao,652.0,France,37.0,9,134560.62,1.0,1.0,0.0,27596.39,0,3.6375861597263857
15585855,Gould,652.0,France,40.0,1,0.0,1.0,1.0,1.0,16897.19,0,3.713572066704308
15752139,Salter,652.0,Germany,36.0,5,72373.62,2.0,1.0,0.0,36895.99,0,3.6109179126442243
15768295,Warner,652.0,France,34.0,7,109564.1,1.0,0.0,1.0,113046.81,0,3.5553480614894135
15766906,Salier,652.0,France,25.0,4,132116.13,2.0,1.0,0.0,129933.5,0,3.258096538021482
15725776,Lazar,652.0,Germany,24.0,7,101195.23,1.0,0.0,0.0,133091.32,0,3.2188758248682006
15682576,Onyenachiya,652.0,France,62.0,1,149436.73,2.0,0.0,1.0,106282.74,0,4.219507705176107
15704081,Findlay,652.0,Germany,30.0,9,130682.11,2.0,1.0,1.0,57862.88,0,3.4339872044851463
15719940,Gibbons,652.0,Germany,51.0,10,115280.49,2.0,0.0,0.0,12628.61,1,3.9512437185814275
15672894,McCawley,652.0,France,36.0,8,129944.39,2.0,0.0,0.0,198914.8,0,3.6109179126442243
15667451,Taylor,652.0,France,36.0,5,0.0,2.0,1.0,1.0,109127.54,0,3.6109179126442243
15636767,Yang,652.0,Spain,32.0,10,0.0,1.0,1.0,1.0,22487.45,0,3.4965075614664802
15571415,Okwudiliolisa,652.0,Germany,56.0,6,151802.29,1.0,1.0,0.0,46791.09,1,4.04305126783455
15575605,Napolitano,652.0,France,38.0,6,0.0,2.0,1.0,1.0,158697.28,0,3.6635616461296463
15649160,Vavilov,652.0,France,38.0,3,138731.95,1.0,1.0,1.0,194138.36,0,3.6635616461296463
15615832,Teague,652.0,Spain,35.0,8,155621.08,1.0,0.0,1.0,35177.31,0,3.58351893845611
15600975,Chiemenam,652.0,France,54.0,4,150005.38,1.0,1.0,0.0,157015.5,1,4.007333185232471
15690772,Hughes,652.0,Spain,48.0,2,0.0,2.0,1.0,1.0,136551.25,0,3.8918202981106265
15565714,Cattaneo,652.0,France,47.0,1,64430.06,2.0,0.0,1.0,96517.97,0,3.8712010109078907
15763108,Davis,652.0,Germany,53.0,7,106261.63,1.0,1.0,0.0,93629.66,1,3.9889840465642745
15723884,Nekrasova,652.0,Spain,40.0,3,0.0,2.0,0.0,0.0,96097.65,0,3.713572066704308
15644453,Loggia,652.0,Germany,41.0,4,132670.53,1.0,1.0,0.0,156476.36,1,3.7376696182833684
15655464,Combes,652.0,France,62.0,3,0.0,1.0,0.0,1.0,42964.63,0,4.219507705176107
15783883,Onwuka,652.0,Germany,38.0,1,117314.92,1.0,1.0,0.0,122021.33,1,3.6635616461296463
15787693,Kharlamov,652.0,Spain,38.0,3,145874.35,1.0,1.0,0.0,56311.39,1,3.6635616461296463
15664793,Scott,652.0,Spain,50.0,7,146777.44,2.0,0.0,1.0,150685.52,0,3.9318256327243257
15642391,Lettiere,652.0,Germany,51.0,4,109978.83,1.0,0.0,0.0,177740.58,1,3.9512437185814275
15756538,Osonduagwuike,652.0,France,37.0,5,0.0,1.0,0.0,1.0,71492.28,0,3.6375861597263857
15668830,Wan,652.0,Spain,24.0,8,108881.73,1.0,1.0,0.0,104492.83,0,3.2188758248682006
15796569,Donaldson,652.0,Spain,44.0,10,0.0,1.0,0.0,1.0,47729.33,0,3.8066624897703196
15677112,Chukwufumnanya,652.0,France,39.0,2,112957.26,2.0,1.0,0.0,97593.16,0,3.6888794541139363
15815040,Ma,652.0,Germany,42.0,8,103362.14,1.0,0.0,1.0,186869.58,1,3.7612001156935624
15590434,Alexander,652.0,Spain,41.0,4,89015.61,1.0,0.0,1.0,135227.23,0,3.7376696182833684
15597536,Nkemjika,652.0,Spain,45.0,5,133618.01,1.0,0.0,0.0,135244.87,0,3.828641396489095
15723989,Carroll,652.0,France,40.0,5,93680.43,2.0,1.0,1.0,179473.26,0,3.713572066704308
15767358,Obioma,652.0,Germany,45.0,1,97486.15,2.0,1.0,0.0,50610.62,0,3.828641396489095
15594812,Campbell,652.0,Spain,37.0,2,137794.18,2.0,0.0,1.0,75232.02,0,3.6375861597263857
15688210,Sims,652.0,France,39.0,8,101928.51,1.0,0.0,0.0,89205.54,0,3.6888794541139363
15681509,McKay,652.0,Spain,28.0,9,0.0,2.0,0.0,1.0,61761.77,0,3.367295829986474
15572390,Huang,652.0,Spain,39.0,6,0.0,2.0,1.0,0.0,103921.43,0,3.6888794541139363
15801441,Campbell,652.0,Germany,35.0,2,79585.96,1.0,0.0,1.0,198802.9,0,3.58351893845611
15783859,Boni,652.0,France,24.0,3,161884.99,1.0,1.0,1.0,9617.24,0,3.2188758248682006
15575243,Gorbunova,652.0,France,39.0,1,129068.54,2.0,1.0,1.0,187905.12,0,3.6888794541139363
15773421,Genovese,652.0,France,42.0,4,0.0,2.0,1.0,0.0,121440.8,0,3.7612001156935624
15788776,Landor,652.0,Germany,49.0,6,132623.76,3.0,1.0,0.0,36292.94,1,3.912023005428146
15765257,Meng,652.0,Spain,31.0,5,121461.87,1.0,1.0,1.0,20432.09,1,3.4657359027997265
15661412,Wardell,652.0,France,32.0,8,175307.32,1.0,1.0,0.0,187051.23,0,3.4965075614664802
15636478,Williams,652.0,France,31.0,7,136658.61,1.0,1.0,1.0,148689.13,0,3.4657359027997265
15603683,Ofodile,652.0,Spain,23.0,3,146584.19,2.0,0.0,0.0,125445.8,0,3.1780538303479458
15651868,Clark,652.0,France,34.0,6,0.0,1.0,0.0,0.0,22736.06,0,3.5553480614894135
15815443,Lo,652.0,Spain,46.0,10,131414.76,1.0,1.0,0.0,54947.51,0,3.8501476017100584
15682686,Chukwuemeka,652.0,France,38.0,3,0.0,2.0,0.0,1.0,167984.72,0,3.6635616461296463
15697460,Lai,652.0,Germany,34.0,4,99441.21,2.0,0.0,1.0,4802.27,0,3.5553480614894135
15748432,Arcuri,652.0,France,32.0,4,0.0,2.0,1.0,1.0,72909.75,0,3.4965075614664802
15698271,Graham,652.0,France,26.0,4,0.0,2.0,1.0,0.0,185488.81,0,3.295836866004329
15808662,Krylov,652.0,France,44.0,3,0.0,2.0,1.0,0.0,88407.51,0,3.8066624897703196
15690372,Henry,652.0,Spain,38.0,1,181110.13,2.0,1.0,0.0,184544.59,0,3.6635616461296463
15781875,Jamieson,652.0,Spain,33.0,3,100476.46,2.0,1.0,1.0,136539.13,0,3.5263605246161616
15801473,Moore,652.0,Germany,33.0,2,51949.95,2.0,1.0,0.0,85045.92,0,3.5263605246161616
15704509,Tan,652.0,France,35.0,8,121063.49,1.0,0.0,0.0,85421.48,0,3.58351893845611
15694666,Thornton,652.0,Spain,48.0,8,88441.64,1.0,1.0,1.0,119903.2,1,3.8918202981106265
15731166,Macleod,652.0,France,30.0,1,127023.39,1.0,1.0,1.0,138780.89,0,3.4339872044851463
15728523,Rizzo,652.0,France,41.0,5,144147.68,1.0,1.0,1.0,14789.9,0,3.7376696182833684
15788442,Chukwukadibia,652.0,Spain,57.0,2,173306.13,1.0,0.0,1.0,131964.66,0,4.060443010546419
15689781,Ts'ai,652.0,France,49.0,0,0.0,1.0,0.0,0.0,178709.98,1,3.912023005428146
15764226,Lu,652.0,Germany,28.0,8,106425.75,1.0,1.0,1.0,20344.84,0,3.367295829986474
15809837,Kent,652.0,Germany,62.0,6,135392.31,2.0,1.0,1.0,172852.06,1,4.204692619390966
15805212,Black,652.0,France,62.0,1,0.0,2.0,0.0,1.0,103945.58,0,4.219507705176107
15716082,Chukwubuikem,652.0,Spain,39.0,6,152685.4,1.0,0.0,0.0,183656.12,0,3.6888794541139363
15643056,McMillan,652.0,Germany,38.0,1,82083.52,1.0,0.0,1.0,10333.78,0,3.6635616461296463
15654859,Ngozichukwuka,652.0,Spain,62.0,2,131629.17,2.0,1.0,0.0,122109.58,1,4.1588830833596715
15761158,Y?an,652.0,France,54.0,7,0.0,2.0,1.0,1.0,125041.52,0,4.007333185232471
15577515,Sung,652.0,Germany,55.0,0,108477.27,1.0,0.0,1.0,140003.0,1,4.02535169073515
15723827,Macartney,652.0,France,30.0,4,114779.35,1.0,0.0,0.0,183171.47,0,3.4339872044851463
15646594,Ali,652.0,France,41.0,5,57568.94,1.0,1.0,1.0,61128.29,0,3.7376696182833684
15712877,Morley,652.0,Spain,36.0,1,0.0,2.0,1.0,0.0,52462.25,0,3.6109179126442243
15598802,Martin,652.0,Spain,30.0,8,0.0,2.0,0.0,1.0,50839.85,0,3.4339872044851463
15699340,Okorie,652.0,France,37.0,4,0.0,2.0,1.0,0.0,61240.87,0,3.6375861597263857
15691150,Ku,652.0,France,32.0,4,110559.46,1.0,1.0,1.0,127429.56,0,3.4965075614664802
15608688,Andreyeva,652.0,France,34.0,4,0.0,2.0,1.0,0.0,68343.08,0,3.5553480614894135
15737998,Cheng,652.0,France,46.0,8,0.0,1.0,0.0,0.0,126511.94,1,3.8501476017100584
15735837,Hsia,652.0,Spain,36.0,3,0.0,2.0,1.0,1.0,8559.66,0,3.6109179126442243
15659100,Lane,652.0,France,33.0,9,128152.82,1.0,0.0,0.0,147822.81,0,3.5263605246161616
15609070,Findlay,652.0,Germany,45.0,7,120961.5,3.0,1.0,1.0,39288.11,1,3.828641396489095
15650313,Okonkwo,652.0,Germany,62.0,6,129472.33,1.0,1.0,1.0,85179.48,0,4.189654742026425
15627699,Pirogova,652.0,France,32.0,10,105000.23,1.0,1.0,0.0,190019.61,0,3.4965075614664802
15591010,McDonald,652.0,Germany,55.0,8,109339.17,2.0,1.0,0.0,96405.88,1,4.02535169073515
15798895,Okonkwo,652.0,France,59.0,6,55328.4,1.0,1.0,0.0,83342.73,1,4.0943445622221
15745375,Nnanna,652.0,Germany,23.0,3,72012.76,1.0,1.0,0.0,161333.13,0,3.1780538303479458
15775235,Ku,652.0,France,36.0,6,110480.48,1.0,0.0,0.0,81292.33,0,3.6109179126442243
15780088,Porter,652.0,Spain,34.0,9,132439.99,1.0,1.0,0.0,177747.72,0,3.5553480614894135
15649379,Somayina,652.0,France,46.0,3,0.0,2.0,1.0,1.0,187980.21,0,3.8501476017100584
15713983,Mao,652.0,Germany,34.0,5,94108.54,2.0,1.0,0.0,177235.21,0,3.5553480614894135
15709252,Fuller,652.0,Germany,28.0,10,105173.99,1.0,0.0,1.0,29835.37,1,3.367295829986474
15699238,Craig,652.0,Spain,40.0,8,0.0,2.0,1.0,0.0,80204.38,0,3.713572066704308
15732884,Trevisano,652.0,France,29.0,7,131959.86,1.0,0.0,0.0,189268.81,0,3.4011973816621555
15587297,Ruiz,652.0,France,33.0,7,0.0,2.0,1.0,1.0,85411.01,0,3.5263605246161616
15684722,Fraser,652.0,France,34.0,5,122952.9,2.0,0.0,0.0,154360.97,0,3.5553480614894135
15621244,Gallo,652.0,France,36.0,0,107379.68,1.0,1.0,1.0,84460.18,0,3.6109179126442243
15744273,Waterhouse,652.0,Germany,30.0,6,122641.56,2.0,1.0,0.0,65618.01,0,3.4339872044851463
15682540,Cremonesi,652.0,France,33.0,8,0.0,2.0,1.0,1.0,112928.74,0,3.5263605246161616
15636521,Feng,652.0,Spain,30.0,1,124037.28,1.0,1.0,1.0,142210.94,0,3.4339872044851463
15785339,H?,652.0,France,50.0,9,117565.03,2.0,0.0,0.0,82559.77,0,3.9318256327243257
15638983,Jara,652.0,France,38.0,5,133189.4,1.0,0.0,0.0,127388.06,0,3.6635616461296463
15654625,Wilson,652.0,Germany,39.0,8,120252.02,2.0,1.0,1.0,10160.23,0,3.6888794541139363
15697310,O'Callaghan,652.0,Germany,28.0,3,152264.81,1.0,0.0,0.0,64242.31,0,3.367295829986474
15678210,Robson,652.0,France,38.0,5,105069.98,2.0,1.0,1.0,198355.28,0,3.6635616461296463
15575438,Pease,652.0,France,42.0,7,115076.06,1.0,1.0,1.0,79323.61,0,3.7612001156935624
15632789,Maclean,652.0,France,30.0,8,0.0,2.0,1.0,1.0,24113.91,0,3.4339872044851463
15621423,Lavrentyev,652.0,France,42.0,7,117280.23,3.0,0.0,0.0,41921.06,1,3.7612001156935624
15573520,Rhodes,652.0,Germany,49.0,6,110540.43,2.0,0.0,1.0,107472.99,0,3.912023005428146
15740458,Murphy,652.0,Spain,36.0,7,135095.47,1.0,1.0,0.0,143859.66,0,3.6109179126442243
15762799,Alexander,652.0,Germany,23.0,0,187861.18,2.0,1.0,1.0,104120.17,0,3.1780538303479458
15686885,Nekrasov,652.0,Germany,44.0,3,124655.59,2.0,0.0,1.0,79792.3,0,3.8066624897703196
15565996,Arnold,652.0,France,44.0,8,0.0,2.0,1.0,1.0,154639.72,0,3.8066624897703196
15662152,Trevisan,652.0,France,38.0,9,134105.01,1.0,0.0,0.0,57850.1,0,3.6635616461296463
15711742,Mason,652.0,France,34.0,4,0.0,1.0,1.0,1.0,62868.33,0,3.5553480614894135
15701885,Tucker,652.0,France,40.0,9,0.0,2.0,0.0,1.0,92357.21,0,3.713572066704308
15774262,Hobson,652.0,Germany,52.0,8,83693.34,2.0,1.0,1.0,161083.53,0,3.970291913552122
15567839,Gordon,652.0,France,42.0,9,114631.23,1.0,0.0,1.0,91429.74,0,3.7612001156935624
15644400,Anderson,652.0,France,44.0,9,128601.98,1.0,1.0,0.0,117031.2,0,3.8066624897703196
15797246,Terry,652.0,Germany,34.0,2,91258.52,2.0,1.0,0.0,44857.4,0,3.5553480614894135
15778290,Lappin,652.0,France,62.0,8,70416.75,1.0,1.0,1.0,36483.52,0,4.2626798770413155
15708714,Santiago,652.0,France,33.0,6,0.0,2.0,1.0,0.0,34045.61,0,3.5263605246161616
15586183,Wallace,652.0,France,35.0,5,0.0,2.0,1.0,0.0,59981.62,0,3.58351893845611
15761733,King,652.0,France,42.0,10,0.0,2.0,1.0,1.0,152944.39,0,3.7612001156935624
15773934,Fang,652.0,France,33.0,6,88294.6,1.0,1.0,0.0,66979.06,0,3.5263605246161616
15705343,May,652.0,Spain,32.0,7,0.0,1.0,1.0,0.0,28797.32,0,3.4965075614664802
15593959,Travis,652.0,France,28.0,1,93577.3,1.0,1.0,1.0,51670.82,0,3.367295829986474
15664615,Nnachetam,652.0,Germany,30.0,5,136650.89,1.0,1.0,1.0,41865.72,1,3.4339872044851463
15671014,Zhdanova,652.0,Spain,62.0,8,98765.84,1.0,1.0,1.0,96015.53,0,4.290459441148391
15657778,Jefferson,652.0,France,33.0,1,84309.57,2.0,0.0,0.0,103914.4,0,3.5263605246161616
15585192,Cremonesi,652.0,Spain,39.0,10,136258.06,1.0,0.0,0.0,89199.51,0,3.6888794541139363
15592914,Fang,652.0,France,29.0,9,0.0,2.0,1.0,1.0,48849.89,0,3.4011973816621555
15770995,Sinclair,652.0,Germany,47.0,1,131160.85,1.0,1.0,0.0,197444.69,0,3.8712010109078907
15570990,Begley,652.0,Spain,30.0,4,145222.99,2.0,0.0,0.0,145160.96,0,3.4339872044851463
15596165,Degtyarev,652.0,Germany,25.0,4,98141.57,2.0,1.0,1.0,52309.8,0,3.258096538021482
15788131,Atkins,652.0,France,47.0,6,0.0,1.0,1.0,0.0,50695.93,1,3.8712010109078907
15800773,Ikenna,652.0,Spain,28.0,9,102282.61,1.0,1.0,1.0,157891.11,0,3.367295829986474
15690153,Sun,652.0,France,37.0,4,116121.84,2.0,0.0,1.0,181850.74,0,3.6375861597263857
15638989,Lettiere,652.0,France,25.0,5,190066.54,1.0,0.0,0.0,51345.39,1,3.258096538021482
15623210,Smith,652.0,Germany,55.0,8,149349.58,3.0,0.0,0.0,137519.92,1,4.02535169073515
15652658,Finch,652.0,France,36.0,1,155176.83,2.0,1.0,1.0,49653.37,0,3.6109179126442243
15684440,Monaldo,652.0,Germany,32.0,2,98986.28,1.0,1.0,1.0,55867.38,0,3.4965075614664802
15730287,Ugonna,652.0,France,41.0,8,147726.98,3.0,1.0,0.0,172749.4,1,3.7376696182833684
15720353,Chiang,652.0,France,41.0,1,0.0,2.0,1.0,0.0,90607.31,0,3.7376696182833684
15767231,Sun,652.0,France,36.0,7,144852.06,1.0,0.0,0.0,130861.95,0,3.6109179126442243
15761554,Blackburn,652.0,France,54.0,4,89299.81,1.0,0.0,0.0,5558.47,1,4.007333185232471
15706637,Chang,652.0,Spain,40.0,9,0.0,2.0,0.0,0.0,121537.91,0,3.713572066704308
15690492,Palermo,652.0,France,41.0,6,97663.16,2.0,1.0,0.0,57128.78,0,3.7376696182833684
15694237,McEwan,652.0,Spain,39.0,4,95161.75,1.0,1.0,0.0,19409.77,0,3.6888794541139363
15729771,Davide,652.0,Germany,31.0,9,154586.92,1.0,0.0,1.0,88604.89,1,3.4657359027997265
15609823,Chieloka,652.0,Spain,34.0,8,127095.14,2.0,0.0,0.0,479.54,0,3.5553480614894135
15793366,Humphreys,652.0,Germany,35.0,7,92526.15,2.0,1.0,1.0,173837.54,0,3.58351893845611
15614813,Cocci,652.0,Germany,46.0,0,107362.8,1.0,1.0,0.0,487.3,0,3.8501476017100584
15566495,Hanson,652.0,Spain,24.0,2,0.0,1.0,1.0,0.0,35600.25,1,3.2188758248682006
15707602,Macleod,652.0,France,47.0,2,127286.04,2.0,1.0,1.0,166929.43,1,3.8712010109078907
15635244,Ritchie,652.0,France,29.0,6,0.0,2.0,1.0,1.0,98998.61,0,3.4011973816621555
15805627,Nebechukwu,652.0,France,37.0,2,0.0,2.0,1.0,1.0,54229.74,0,3.6375861597263857
15607986,Nnamutaezinwa,652.0,France,40.0,10,139930.18,1.0,1.0,1.0,105720.09,0,3.713572066704308
15799785,Ikemefuna,652.0,Germany,30.0,4,77949.69,1.0,1.0,1.0,121151.46,0,3.4339872044851463
15699963,Scott,652.0,France,38.0,1,121405.04,1.0,1.0,1.0,154844.22,0,3.6635616461296463
15624595,Chiang,652.0,Spain,35.0,5,124580.69,1.0,1.0,1.0,18785.48,0,3.58351893845611
15629750,Artyomova,652.0,France,35.0,5,133087.76,1.0,1.0,0.0,64771.61,0,3.58351893845611
15651460,Hsieh,652.0,Spain,34.0,7,0.0,1.0,1.0,1.0,16250.61,0,3.5553480614894135
15753550,Levien,652.0,France,43.0,7,0.0,2.0,1.0,0.0,131093.99,0,3.784189633918261
15594133,Erskine,652.0,Spain,62.0,7,0.0,1.0,1.0,0.0,129188.18,1,4.143134726391533
15772329,Fiorentino,652.0,Germany,45.0,8,103741.14,1.0,1.0,0.0,47428.73,1,3.828641396489095
15591552,Okonkwo,652.0,France,32.0,7,98877.95,1.0,1.0,0.0,132973.21,0,3.4965075614664802
15750921,Monds,652.0,France,37.0,5,105843.26,2.0,1.0,1.0,84908.2,0,3.6375861597263857
15701687,Campbell,652.0,Spain,44.0,7,77526.66,3.0,0.0,0.0,57338.56,1,3.8066624897703196
15728906,Ibekwe,652.0,France,62.0,5,0.0,2.0,1.0,1.0,161579.85,0,4.356708826689592
15670029,Marcelo,652.0,France,33.0,7,0.0,2.0,1.0,0.0,122625.68,0,3.5263605246161616
15763579,Castro,652.0,Germany,36.0,2,105264.88,2.0,1.0,1.0,52909.87,0,3.6109179126442243
15728010,Capon,652.0,France,37.0,5,0.0,2.0,0.0,1.0,170226.47,0,3.6375861597263857
15663194,Voronova,652.0,Germany,40.0,3,110150.43,1.0,1.0,1.0,191757.65,1,3.713572066704308
15736510,Loggia,652.0,Spain,57.0,2,0.0,3.0,1.0,0.0,66652.75,1,4.060443010546419
15745804,Law,652.0,France,25.0,7,0.0,2.0,1.0,1.0,195977.75,0,3.258096538021482
15631451,Grant,652.0,Spain,28.0,6,0.0,2.0,1.0,1.0,69056.26,0,3.367295829986474
15746995,Greco,652.0,Germany,31.0,9,138166.3,1.0,1.0,0.0,12920.43,0,3.4657359027997265
15730673,Dietz,652.0,Germany,40.0,7,122265.24,1.0,1.0,0.0,138552.74,0,3.713572066704308
15734649,Martel,652.0,Spain,55.0,0,133295.98,1.0,1.0,0.0,22832.71,1,4.02535169073515
15701081,Jarvis,652.0,France,36.0,2,0.0,1.0,0.0,1.0,61811.1,0,3.6109179126442243
15632503,Meng,652.0,France,32.0,0,148326.09,1.0,1.0,0.0,191604.27,1,3.4965075614664802
15585928,Hay,652.0,Germany,31.0,2,68927.57,1.0,1.0,1.0,25445.0,0,3.4657359027997265
15648681,Voronoff,652.0,France,47.0,5,139914.6,3.5,0.0,1.0,129964.56,1,3.8712010109078907
15747757,Trevascus,652.0,Germany,58.0,8,118723.11,1.0,0.0,0.0,6209.51,1,4.07753744390572
15718921,Ho,652.0,Spain,32.0,7,106957.28,1.0,1.0,1.0,134794.02,0,3.4965075614664802
15571081,Hansen,652.0,France,41.0,7,190238.93,1.0,1.0,1.0,57549.65,0,3.7376696182833684
15734578,Craig,652.0,France,53.0,1,113537.73,1.0,0.0,1.0,28367.21,0,3.9889840465642745
15579583,Hall,652.0,Spain,40.0,4,101090.27,1.0,1.0,1.0,51703.09,0,3.713572066704308
15622729,Sun,652.0,France,46.0,2,0.0,2.0,1.0,1.0,66602.7,0,3.8501476017100584
15662189,Durant,652.0,Spain,33.0,3,0.0,1.0,1.0,1.0,2739.71,0,3.5263605246161616
15692718,Jackson,652.0,France,38.0,7,0.0,2.0,0.0,0.0,69227.42,0,3.6635616461296463
15762716,Chigozie,652.0,Spain,60.0,10,168920.75,1.0,1.0,0.0,31445.03,1,4.110873864173311
15724851,Farmer,652.0,Germany,31.0,9,111589.67,1.0,1.0,0.0,150037.19,0,3.4657359027997265
15587266,Douglas,652.0,Germany,27.0,6,172310.33,1.0,0.0,1.0,111448.92,0,3.332204510175204
15675926,Ardis,652.0,Germany,34.0,7,118028.35,1.0,1.0,0.0,51226.32,1,3.5553480614894135
15706268,Smith,652.0,Germany,51.0,1,147910.3,1.0,1.0,1.0,53581.14,0,3.9512437185814275
15581871,Butler,652.0,Germany,42.0,7,131287.36,2.0,1.0,1.0,149697.78,0,3.7612001156935624
15666166,Pettry,652.0,France,62.0,0,121276.32,1.0,1.0,1.0,160348.31,0,4.31748811353631
15671582,John,652.0,Spain,38.0,6,109869.32,1.0,1.0,1.0,154641.91,0,3.6635616461296463
15680901,Potter,652.0,France,34.0,6,97435.85,2.0,1.0,1.0,104331.76,0,3.5553480614894135
15642336,Shaw,652.0,France,42.0,9,0.0,2.0,0.0,0.0,135630.32,0,3.7612001156935624
15653147,Boyle,652.0,France,35.0,2,133853.27,1.0,1.0,1.0,65361.66,0,3.58351893845611
15571284,Elmore,652.0,Germany,32.0,0,109528.16,2.0,1.0,1.0,56176.31,0,3.4965075614664802
15591360,Udinesi,652.0,France,33.0,4,84607.34,2.0,0.0,1.0,60059.47,0,3.5263605246161616
15810485,Sun,652.0,Germany,37.0,1,101438.0,1.0,0.0,0.0,51364.56,0,3.6375861597263857
15611973,Tuan,652.0,France,55.0,7,0.0,2.0,1.0,1.0,118752.6,0,4.02535169073515
15735572,Lawrence,652.0,France,59.0,9,113657.83,1.0,1.0,1.0,116848.79,1,4.0943445622221
15567860,Burrows,652.0,Spain,44.0,7,189318.16,2.0,1.0,0.0,45026.23,1,3.8066624897703196
15795690,Shao,652.0,France,31.0,3,99513.91,1.0,1.0,1.0,189657.26,0,3.4657359027997265
15706464,White,652.0,Spain,35.0,4,97585.32,2.0,0.0,0.0,57213.46,0,3.58351893845611
15725028,Chialuka,652.0,France,29.0,3,0.0,2.0,1.0,1.0,63687.06,0,3.4011973816621555
15751167,Toscano,652.0,France,43.0,4,0.0,2.0,1.0,1.0,58761.33,0,3.784189633918261
15633944,McKay,652.0,Spain,32.0,3,136659.74,1.0,1.0,1.0,14187.78,0,3.4965075614664802
15672637,Voronkov,652.0,France,30.0,4,85755.86,1.0,1.0,0.0,145115.95,0,3.4339872044851463
15680895,Sal,652.0,Spain,35.0,7,0.0,1.0,1.0,0.0,187718.26,0,3.58351893845611
15793825,Ikechukwu,652.0,France,39.0,4,0.0,2.0,1.0,0.0,27150.35,0,3.6888794541139363
15611318,Kruglova,652.0,Spain,33.0,4,51690.89,1.0,1.0,0.0,111622.76,1,3.5263605246161616
15768474,Clements,652.0,Spain,34.0,3,0.0,2.0,1.0,0.0,27244.35,0,3.5553480614894135
15716276,Kennedy,652.0,France,34.0,2,111669.68,1.0,1.0,0.0,57029.66,0,3.5553480614894135
15623668,Johnson,652.0,Germany,31.0,2,154741.45,2.0,0.0,0.0,25183.01,0,3.4657359027997265
15696361,Chung,652.0,Germany,31.0,7,125681.51,1.0,0.0,1.0,129980.93,0,3.4657359027997265
15607988,Garland,652.0,Germany,37.0,8,155303.71,1.0,1.0,0.0,118716.63,0,3.6375861597263857
15637891,Docherty,652.0,Germany,43.0,4,140681.68,1.0,0.0,1.0,20134.07,0,3.784189633918261
15789865,Nnaife,652.0,France,28.0,9,71902.52,1.0,0.0,1.0,190208.23,0,3.367295829986474
15627190,Lettiere,652.0,France,51.0,6,146606.6,1.0,1.0,1.0,68021.9,0,3.9512437185814275
15788224,Sanderson,652.0,Germany,45.0,1,123949.75,1.0,0.0,0.0,110881.56,0,3.828641396489095
15702149,Fomin,652.0,Germany,33.0,1,144753.21,1.0,1.0,1.0,132480.75,0,3.5263605246161616
15708236,Wright,652.0,France,62.0,6,91285.22,1.0,1.0,1.0,7032.95,0,4.290459441148391
15568469,Buckley,652.0,France,43.0,0,0.0,2.0,1.0,0.0,27862.58,0,3.784189633918261
15764444,Pan,652.0,Germany,58.0,8,125850.53,2.0,1.0,1.0,87008.17,0,4.07753744390572
15794204,Manna,652.0,France,28.0,7,108116.66,1.0,1.0,1.0,27411.19,0,3.367295829986474
15807546,Chinwendu,652.0,France,38.0,2,0.0,2.0,1.0,1.0,46395.21,0,3.6635616461296463
15782159,Ndubuagha,652.0,France,28.0,8,67639.56,2.0,1.0,1.0,194245.29,0,3.367295829986474
15618703,White,652.0,Spain,53.0,6,150200.23,1.0,0.0,1.0,151317.27,1,3.9889840465642745
15793317,Hale,652.0,Spain,22.0,7,141287.15,1.0,1.0,0.0,118142.79,0,3.1354942159291497
15740487,Ross,652.0,France,41.0,6,0.0,3.0,1.0,1.0,138700.75,1,3.7376696182833684
15722479,Ikenna,652.0,France,37.0,1,0.0,2.0,0.0,1.0,6035.51,0,3.6375861597263857
15688264,Nkemdilim,652.0,France,43.0,0,0.0,2.0,1.0,1.0,41263.69,0,3.784189633918261
15583067,McMillan,652.0,France,36.0,4,97157.96,1.0,0.0,1.0,63185.05,0,3.6109179126442243
15686670,Duke,652.0,France,36.0,2,0.0,2.0,1.0,0.0,92536.0,1,3.6109179126442243
15593345,Bradbury,652.0,Germany,33.0,6,125241.17,2.0,1.0,1.0,158736.07,0,3.5263605246161616
15811690,Bayley,652.0,Germany,54.0,2,128966.13,1.0,0.0,0.0,18633.4,1,4.007333185232471
15734008,Bartlett,652.0,Germany,59.0,5,152581.06,1.0,1.0,0.0,71830.1,1,4.0943445622221
15771856,Cremin,652.0,Spain,32.0,1,0.0,2.0,1.0,0.0,19525.65,0,3.4965075614664802
15762045,Gilchrist,652.0,Germany,37.0,5,142688.57,2.0,1.0,1.0,110953.33,0,3.6375861597263857
15778142,Shih,652.0,Germany,31.0,1,130089.56,2.0,1.0,1.0,4466.21,0,3.4657359027997265
15689268,Fitzpatrick,652.0,France,36.0,9,0.0,1.0,1.0,1.0,105818.51,0,3.6109179126442243
15721507,Pagan,652.0,France,32.0,1,117094.02,1.0,0.0,0.0,149558.83,1,3.4965075614664802
15750476,Hendrick,652.0,Spain,24.0,8,0.0,2.0,1.0,0.0,4070.28,0,3.2188758248682006
15810723,Sanderson,652.0,France,39.0,10,0.0,3.0,1.0,0.0,132741.13,1,3.6888794541139363
15787229,Samsonova,652.0,Spain,34.0,2,0.0,2.0,1.0,0.0,61251.25,0,3.5553480614894135
15570508,Azubuike,652.0,France,49.0,7,90218.9,1.0,1.0,0.0,91347.76,0,3.912023005428146
15617065,Pan,652.0,Spain,42.0,4,194532.66,1.0,1.0,0.0,171045.31,1,3.7612001156935624
15689786,Massie,652.0,Germany,56.0,1,169743.83,1.0,0.0,0.0,155850.4,1,4.04305126783455
15648876,Sandover,652.0,France,34.0,5,0.0,1.0,1.0,0.0,27380.99,0,3.5553480614894135
15802106,Craig,652.0,France,34.0,8,155973.88,1.0,1.0,0.0,154208.96,0,3.5553480614894135
15773869,Onwudiwe,652.0,Spain,59.0,4,129321.44,1.0,1.0,1.0,93624.55,0,4.0943445622221
15711635,Chu,652.0,Germany,42.0,6,138650.49,2.0,1.0,0.0,64746.07,0,3.7612001156935624
15795527,Zetticci,652.0,Spain,43.0,2,136487.86,2.0,1.0,0.0,82815.93,0,3.784189633918261
15759133,Vaguine,652.0,France,18.0,6,0.0,2.0,1.0,1.0,27308.58,0,2.9444389791664403
15679394,Owen,652.0,France,41.0,4,38617.2,1.0,1.0,1.0,104876.8,0,3.7376696182833684
15801072,Hurst,652.0,France,28.0,7,0.0,2.0,1.0,0.0,151316.37,0,3.367295829986474
15646082,Harding,652.0,France,34.0,8,82909.14,1.0,1.0,0.0,91817.38,1,3.5553480614894135
15796111,Smith,652.0,Germany,54.0,8,145151.4,1.0,0.0,1.0,125311.17,1,4.007333185232471
15670646,Moore,652.0,Spain,42.0,0,147187.84,1.0,1.0,1.0,14868.94,1,3.7612001156935624
15578722,Bradley,652.0,France,39.0,4,0.0,2.0,1.0,0.0,196112.45,0,3.6888794541139363
15815095,Burfitt,652.0,Spain,54.0,7,108185.81,2.0,0.0,0.0,24093.4,1,4.007333185232471
15730360,Mackenzie,652.0,France,30.0,4,0.0,2.0,1.0,1.0,66263.87,0,3.4339872044851463
15763194,Milanesi,652.0,France,34.0,7,0.0,2.0,0.0,1.0,100304.13,0,3.5553480614894135
15720725,Shubin,652.0,France,28.0,2,0.0,2.0,1.0,0.0,167909.52,0,3.367295829986474
15567834,Nieves,652.0,France,49.0,5,105918.1,1.0,1.0,1.0,16246.59,0,3.912023005428146
15720644,Martin,652.0,France,27.0,6,0.0,2.0,1.0,0.0,103603.65,0,3.332204510175204
15811742,Jen,652.0,Spain,42.0,7,0.0,2.0,1.0,0.0,7680.23,0,3.7612001156935624
15813363,Woods,652.0,Spain,25.0,2,0.0,2.0,0.0,0.0,95215.73,0,3.258096538021482
15717629,Docherty,652.0,Germany,42.0,6,59972.26,2.0,0.0,1.0,148172.94,0,3.7612001156935624
15713160,Lin,652.0,Spain,25.0,7,157228.61,2.0,1.0,0.0,124382.9,0,3.258096538021482
15568878,Cheng,652.0,Spain,34.0,5,0.0,2.0,1.0,0.0,159311.46,0,3.5553480614894135
15809800,Korovina,652.0,France,38.0,4,0.0,2.0,0.0,0.0,6787.48,0,3.6635616461296463
15736420,Macdonald,652.0,France,21.0,4,210433.08,2.0,0.0,1.0,197297.77,1,3.091042453358316
15757933,Hardy,652.0,Germany,30.0,1,102452.71,1.0,1.0,0.0,21556.95,0,3.4339872044851463
15623072,Shaw,652.0,Spain,35.0,5,0.0,2.0,1.0,0.0,56518.0,0,3.58351893845611
15683993,Knight,652.0,France,37.0,8,142987.46,2.0,1.0,0.0,158840.99,0,3.6375861597263857
15570947,Bruny,652.0,Spain,29.0,7,143330.56,2.0,1.0,1.0,126396.01,0,3.4011973816621555
15797767,Ikedinachukwu,652.0,France,49.0,6,0.0,1.0,0.0,1.0,148087.88,1,3.912023005428146
15731989,Moran,652.0,France,36.0,4,120165.4,2.0,1.0,0.0,33701.5,0,3.6109179126442243
15591035,Macleod,652.0,Spain,54.0,6,0.0,1.0,0.0,1.0,84622.37,0,4.007333185232471
15586479,Yin,652.0,France,36.0,4,0.0,1.0,1.0,0.0,185580.89,1,3.6109179126442243
15605872,Felix,652.0,France,62.0,6,66573.17,1.0,1.0,1.0,62768.8,0,4.304065093204169
15666012,Rippey,652.0,France,40.0,4,102833.46,2.0,1.0,1.0,38829.11,0,3.713572066704308
15641733,Mishina,652.0,France,34.0,5,164757.56,1.0,1.0,0.0,110748.88,0,3.5553480614894135
15593178,Graham,652.0,Spain,36.0,10,153610.61,1.0,1.0,1.0,54083.8,1,3.6109179126442243
15649183,Johnston,652.0,Spain,35.0,8,0.0,3.0,0.0,1.0,88658.73,0,3.58351893845611
15736399,Korovin,652.0,Spain,42.0,10,0.0,2.0,1.0,0.0,177938.52,0,3.7612001156935624
15751137,Lei,652.0,Germany,36.0,3,169025.83,1.0,1.0,0.0,174235.06,0,3.6109179126442243
15757188,Chimaijem,652.0,Spain,26.0,4,153455.72,2.0,1.0,1.0,82696.84,0,3.295836866004329
15726167,Scott,652.0,France,37.0,4,0.0,2.0,1.0,1.0,142415.97,0,3.6375861597263857
15624850,Grant,652.0,France,30.0,10,153972.89,2.0,1.0,0.0,62811.03,0,3.4339872044851463
15717700,McIntyre,652.0,Spain,34.0,9,114609.55,2.0,0.0,1.0,25339.29,0,3.5553480614894135
15716347,Griffin,652.0,Germany,37.0,7,143625.83,2.0,0.0,1.0,176487.05,0,3.6375861597263857
15696287,Converse,652.0,Germany,38.0,1,116520.28,1.0,1.0,1.0,49833.5,1,3.6635616461296463
15638871,Ch'ang,652.0,France,62.0,6,80926.02,2.0,1.0,1.0,55829.25,0,4.356708826689592
15765093,Coates,652.0,France,23.0,6,166594.78,1.0,1.0,1.0,155823.2,0,3.1780538303479458
15592999,Reid,652.0,France,40.0,0,115465.98,1.0,1.0,1.0,60622.61,0,3.713572066704308
15641715,Ts'ui,652.0,France,34.0,8,0.0,2.0,1.0,1.0,174196.68,0,3.5553480614894135
15607746,Belstead,652.0,France,36.0,1,0.0,1.0,1.0,1.0,56905.38,0,3.6109179126442243
15625311,Dickinson,652.0,Germany,41.0,7,92618.62,1.0,1.0,1.0,101178.85,0,3.7376696182833684
15573077,Nwora,652.0,Germany,25.0,8,141825.88,1.0,1.0,1.0,73857.94,1,3.258096538021482
15735106,Bishop,652.0,Spain,28.0,6,149594.02,2.0,1.0,0.0,102325.19,0,3.367295829986474
15672912,Loggia,652.0,Spain,39.0,7,130051.66,2.0,0.0,0.0,55356.39,1,3.6888794541139363
15589881,Rowe,652.0,France,41.0,7,0.0,2.0,1.0,1.0,131284.93,0,3.7376696182833684
15660144,Balashov,652.0,France,38.0,4,0.0,2.0,0.0,0.0,88080.43,0,3.6635616461296463
15664083,Ulyanova,652.0,Germany,37.0,2,158468.76,1.0,0.0,1.0,93266.01,0,3.6375861597263857
15690898,Bogolyubova,652.0,France,44.0,8,161889.79,1.0,0.0,0.0,75562.47,0,3.8066624897703196
15808023,Remington,652.0,France,29.0,9,133681.78,1.0,1.0,1.0,153747.73,0,3.4011973816621555
15676909,Mishin,652.0,Spain,34.0,5,0.0,2.0,1.0,0.0,163830.64,0,3.5553480614894135
15764922,Tu,652.0,Spain,20.0,3,187294.46,1.0,1.0,0.0,103456.47,0,3.044522437723423
15766734,Castiglione,652.0,France,31.0,5,0.0,1.0,1.0,0.0,95655.16,0,3.4657359027997265
15795079,Nnaife,652.0,Spain,62.0,6,0.0,2.0,1.0,1.0,138350.74,0,4.219507705176107
15757434,Yang,652.0,France,28.0,7,119706.22,1.0,0.0,0.0,31190.42,0,3.367295829986474
15673747,Ayers,652.0,France,22.0,8,0.0,1.0,0.0,1.0,167553.06,0,3.1354942159291497
15808386,Cocci,652.0,Germany,45.0,7,138523.2,1.0,0.0,0.0,59604.45,1,3.828641396489095
15603565,Mackenzie,652.0,Spain,56.0,5,90778.76,2.0,1.0,0.0,162223.67,1,4.04305126783455
15744044,Fiorentini,652.0,Germany,47.0,4,99353.42,1.0,1.0,0.0,196549.85,1,3.8712010109078907
15577771,Akabueze,652.0,Germany,40.0,1,111524.49,1.0,1.0,1.0,120373.84,1,3.713572066704308
15769548,Hyde,652.0,France,37.0,7,128645.67,1.0,1.0,0.0,92149.64,0,3.6375861597263857
15802071,Levi,652.0,Germany,35.0,1,117458.51,1.0,0.0,1.0,178361.48,1,3.58351893845611
15677395,Nwabugwu,652.0,France,39.0,9,129189.15,2.0,0.0,0.0,170998.83,0,3.6888794541139363
15632010,Chia,652.0,Spain,33.0,7,121260.19,2.0,1.0,0.0,77216.48,0,3.5263605246161616
15779492,Trevisano,652.0,Spain,56.0,6,94231.13,1.0,0.0,0.0,121164.6,1,4.04305126783455
15694677,Bennetts,652.0,France,39.0,1,0.0,2.0,1.0,1.0,141841.31,0,3.6888794541139363
15704315,Teng,652.0,France,34.0,8,163757.06,1.0,1.0,1.0,104000.06,0,3.5553480614894135
15742009,Hsueh,652.0,Spain,58.0,4,0.0,2.0,1.0,1.0,191419.32,0,4.07753744390572
15766663,Mahmood,652.0,France,22.0,4,0.0,2.0,1.0,0.0,28188.96,0,3.1354942159291497
15742297,Sinclair,652.0,France,35.0,2,141005.47,1.0,1.0,1.0,60407.93,0,3.58351893845611
15688059,Chin,652.0,Germany,42.0,9,105356.09,2.0,1.0,1.0,130489.37,0,3.7612001156935624
15752344,She,652.0,Spain,34.0,5,0.0,2.0,1.0,0.0,193040.32,0,3.5553480614894135
15698749,He,652.0,Germany,23.0,6,85897.95,1.0,1.0,0.0,109742.8,0,3.1780538303479458
15631693,Hill,652.0,France,36.0,7,0.0,2.0,1.0,1.0,74760.32,0,3.6109179126442243
15604536,Vachon,652.0,Germany,31.0,4,164672.66,1.0,0.0,1.0,61936.1,0,3.4657359027997265
15802869,Ball,652.0,Germany,45.0,2,99169.67,2.0,1.0,1.0,78650.95,0,3.828641396489095
15635598,Hsieh,652.0,France,29.0,6,0.0,2.0,0.0,0.0,168023.6,0,3.4011973816621555
15592326,Baker,652.0,France,36.0,8,0.0,2.0,0.0,1.0,5571.59,0,3.6109179126442243
15736533,Monaldo,652.0,Germany,37.0,5,124053.03,1.0,1.0,0.0,118591.67,0,3.6375861597263857
15647191,Lucchesi,652.0,France,36.0,4,0.0,2.0,1.0,0.0,7824.31,0,3.6109179126442243
15622507,Hamilton,652.0,Germany,40.0,3,103499.09,2.0,0.0,0.0,38153.19,0,3.713572066704308
15765487,Kuo,652.0,Germany,38.0,9,151766.71,1.0,1.0,1.0,180829.99,0,3.6635616461296463
15646521,Fan,652.0,Spain,36.0,1,0.0,1.0,1.0,1.0,143960.72,0,3.6109179126442243
15746258,Wright,652.0,France,29.0,7,101486.96,1.0,1.0,1.0,8788.35,0,3.4011973816621555
15692430,Milano,652.0,Germany,36.0,2,123601.56,2.0,1.0,0.0,103557.85,0,3.6109179126442243
15625501,Wall,652.0,Germany,38.0,1,127201.58,1.0,1.0,0.0,147168.28,1,3.6635616461296463
15640521,Chidumaga,652.0,Germany,33.0,3,144962.74,1.0,1.0,0.0,58844.84,1,3.5263605246161616
15790630,Olisaemeka,652.0,France,48.0,4,0.0,1.0,0.0,0.0,18094.96,1,3.8918202981106265
15664720,Kovalyova,652.0,Spain,33.0,8,122017.19,1.0,0.0,0.0,162515.17,0,3.5263605246161616
15750055,Onio,652.0,Spain,32.0,9,100262.88,2.0,1.0,1.0,157921.25,0,3.4965075614664802
15644878,Hill,652.0,Spain,43.0,6,117302.62,1.0,0.0,0.0,68701.73,0,3.784189633918261
15754578,Okeke,652.0,France,35.0,0,135984.15,2.0,1.0,0.0,186778.89,0,3.58351893845611
15705379,Upjohn,652.0,France,38.0,3,0.0,2.0,1.0,0.0,66561.6,0,3.6635616461296463
15761047,H?,652.0,Germany,31.0,2,160997.54,2.0,0.0,1.0,64831.36,0,3.4657359027997265
15671293,Marcus,652.0,Germany,37.0,2,128389.63,1.0,1.0,1.0,6589.16,1,3.6375861597263857
15687527,Yobachukwu,652.0,Spain,35.0,1,0.0,2.0,1.0,0.0,165370.66,0,3.58351893845611
15647898,Russell,652.0,Spain,50.0,5,130554.51,3.0,1.0,0.0,184758.17,1,3.9318256327243257
15671534,Hovell,652.0,Germany,57.0,6,90212.0,1.0,1.0,0.0,13911.27,1,4.060443010546419
15591248,Chukwumaobim,652.0,France,29.0,9,71996.29,1.0,1.0,1.0,34857.46,0,3.4011973816621555
15676156,Boyle,652.0,France,32.0,4,85615.66,2.0,1.0,0.0,156192.43,0,3.4965075614664802
15812918,Scott,652.0,France,27.0,6,62339.81,2.0,0.0,0.0,53874.67,0,3.332204510175204
15604130,Johnstone,652.0,Spain,47.0,6,142319.03,1.0,0.0,0.0,100183.05,0,3.8712010109078907
15700549,Alvares,652.0,France,54.0,5,0.0,2.0,1.0,1.0,4493.12,0,4.007333185232471
15715519,McDavid,652.0,Spain,36.0,5,0.0,2.0,1.0,0.0,130610.78,0,3.6109179126442243
15707042,Dellucci,652.0,France,24.0,2,87413.19,1.0,1.0,0.0,63340.65,0,3.2188758248682006
15605276,Brothers,652.0,France,29.0,4,0.0,2.0,1.0,1.0,180066.59,0,3.4011973816621555
15630592,Sanders,652.0,France,45.0,4,0.0,1.0,1.0,0.0,95273.73,1,3.828641396489095
15636626,Morrison,652.0,France,35.0,3,97560.16,1.0,1.0,1.0,53511.74,0,3.58351893845611
15740411,Molle,652.0,Germany,30.0,8,141787.31,2.0,1.0,1.0,109685.61,0,3.4339872044851463
15593834,Genovese,652.0,Spain,36.0,7,129934.64,1.0,0.0,0.0,75664.56,1,3.6109179126442243
15804235,Zetticci,652.0,France,37.0,2,166178.02,2.0,1.0,1.0,71972.95,0,3.6375861597263857
15679801,Hsueh,652.0,Spain,39.0,5,163097.55,2.0,1.0,1.0,23702.42,0,3.6888794541139363
15673907,Alexander,652.0,France,20.0,8,0.0,2.0,0.0,0.0,112572.02,0,3.044522437723423
15636562,Muravyova,652.0,Spain,44.0,8,0.0,2.0,0.0,0.0,62424.46,0,3.8066624897703196
15702571,Wright,652.0,Germany,35.0,1,151958.19,3.0,1.0,1.0,131238.37,1,3.58351893845611
15627365,Calabresi,652.0,France,46.0,0,0.0,2.0,1.0,1.0,184350.78,0,3.8501476017100584
15748499,Johnson,652.0,Germany,33.0,4,118400.91,1.0,0.0,1.0,13999.64,1,3.5263605246161616
15598614,Lucchesi,652.0,Spain,20.0,8,0.0,2.0,1.0,0.0,168152.76,0,3.044522437723423
15668889,Galgano,652.0,Germany,43.0,2,116322.27,3.5,1.0,0.0,35640.12,1,3.784189633918261
15800049,Grigoryeva,652.0,Spain,43.0,5,0.0,1.0,1.0,1.0,120088.17,0,3.784189633918261
15583724,Raymond,652.0,Spain,29.0,4,0.0,2.0,1.0,1.0,74346.11,0,3.4011973816621555
15622083,Paterson,652.0,Germany,30.0,6,143138.91,2.0,1.0,0.0,2955.46,0,3.4339872044851463
15645571,Genovese,652.0,Spain,32.0,4,0.0,2.0,0.0,1.0,146504.35,0,3.4965075614664802
15598266,Martin,652.0,France,40.0,9,0.0,1.0,1.0,1.0,149602.54,0,3.713572066704308
15667934,Moretti,652.0,France,36.0,0,129804.17,1.0,1.0,0.0,53020.9,0,3.6109179126442243
15569682,Leckie,652.0,Germany,37.0,9,108308.11,1.0,1.0,0.0,41788.25,1,3.6375861597263857
15772941,Lane,652.0,Germany,30.0,3,110153.27,1.0,0.0,1.0,74849.46,0,3.4339872044851463
15586174,Brodney,652.0,Germany,30.0,4,116377.48,1.0,1.0,1.0,134417.31,0,3.4339872044851463
15803682,Angelo,652.0,Germany,37.0,10,117791.06,2.0,1.0,1.0,75837.58,0,3.6375861597263857
15627328,Millar,652.0,Spain,26.0,2,0.0,2.0,1.0,1.0,54869.54,0,3.295836866004329
15717065,Balashov,652.0,France,35.0,8,105419.73,1.0,1.0,0.0,35356.46,0,3.58351893845611
15602456,Afanasyev,652.0,Germany,47.0,4,99219.47,2.0,1.0,1.0,122141.13,0,3.8712010109078907
15721569,Chialuka,652.0,Germany,55.0,8,119327.93,1.0,0.0,1.0,119439.66,0,4.02535169073515
15573798,Yermolayev,652.0,France,36.0,6,83947.12,2.0,1.0,0.0,81999.53,0,3.6109179126442243
15638272,Tien,652.0,Spain,32.0,4,99883.16,1.0,1.0,1.0,120594.85,0,3.4965075614664802
15799859,Lucchesi,652.0,France,50.0,4,165438.26,1.0,1.0,0.0,120770.75,1,3.9318256327243257
15599152,Lai,652.0,France,31.0,1,156111.24,1.0,0.0,0.0,134790.74,0,3.4657359027997265
15737909,Bates,652.0,France,44.0,2,111095.58,2.0,1.0,0.0,100137.7,0,3.8066624897703196
15646190,Saunders,652.0,France,56.0,0,119963.45,1.0,0.0,0.0,158325.87,1,4.04305126783455
15711249,Chukwuemeka,652.0,Spain,22.0,4,0.0,2.0,1.0,0.0,70007.67,0,3.1354942159291497
15671987,Meagher,652.0,Spain,35.0,8,153137.74,1.0,1.0,0.0,88659.07,0,3.58351893845611
15812766,Golubeva,652.0,Spain,40.0,6,156111.08,1.0,0.0,0.0,190889.13,0,3.713572066704308
15778589,Collier,652.0,France,34.0,7,113014.7,2.0,1.0,1.0,56646.28,0,3.5553480614894135
15750104,Chan,652.0,Germany,43.0,5,132615.73,2.0,1.0,0.0,32999.1,0,3.784189633918261
15784526,Chen,652.0,France,44.0,5,102016.38,1.0,0.0,1.0,178235.37,1,3.8066624897703196
15646563,Wright,652.0,France,35.0,9,0.0,1.0,0.0,1.0,25448.31,0,3.58351893845611
15744423,Cocci,652.0,France,32.0,5,0.0,2.0,1.0,0.0,84871.99,0,3.4965075614664802
15593694,Williams,652.0,France,49.0,8,0.0,2.0,0.0,0.0,157822.54,0,3.912023005428146
15785367,McGuffog,652.0,France,56.0,4,0.0,1.0,0.0,0.0,84383.22,1,4.04305126783455
15687765,Chukwujamuike,652.0,Germany,42.0,4,80380.24,1.0,1.0,0.0,119216.46,0,3.7612001156935624
15789014,Scott,652.0,France,26.0,6,108909.12,1.0,1.0,0.0,82547.01,0,3.295836866004329
15703177,Bell,652.0,France,35.0,2,90865.8,1.0,1.0,1.0,86764.46,0,3.58351893845611
15660263,Olisaemeka,652.0,France,40.0,4,99799.76,2.0,1.0,0.0,197372.13,0,3.713572066704308
15776545,Napolitani,652.0,France,28.0,10,200724.96,1.0,0.0,1.0,82872.64,1,3.367295829986474
15683276,Sargood,652.0,Spain,37.0,10,140363.95,2.0,1.0,1.0,129563.86,0,3.6375861597263857
15599272,Harrington,652.0,France,36.0,1,151844.64,1.0,1.0,1.0,135388.89,0,3.6109179126442243
15589541,Sutherland,652.0,France,27.0,2,0.0,2.0,0.0,1.0,4497.55,0,3.332204510175204
15608804,Allan,652.0,Germany,49.0,8,133231.48,1.0,1.0,1.0,67885.37,0,3.912023005428146
15645820,Folliero,652.0,France,27.0,7,0.0,2.0,1.0,0.0,111471.55,0,3.332204510175204
15659031,Mordvinova,652.0,France,36.0,8,126598.99,2.0,1.0,1.0,134407.93,0,3.6109179126442243
15790113,Schofield,652.0,Germany,62.0,6,113317.1,1.0,1.0,0.0,108258.22,1,4.276666119016055
15652289,Williams,652.0,France,47.0,4,0.0,2.0,1.0,0.0,197528.62,0,3.8712010109078907
15605341,Baird,652.0,France,58.0,8,93173.88,1.0,1.0,1.0,139761.25,0,4.07753744390572
15697844,Whitehouse,652.0,Spain,32.0,10,0.0,1.0,1.0,0.0,136119.96,1,3.4965075614664802
15652048,Thompson,652.0,Germany,44.0,7,105007.31,2.0,1.0,1.0,197812.16,0,3.8066624897703196
15587038,Ogochukwu,652.0,Spain,32.0,2,0.0,1.0,1.0,1.0,51972.92,1,3.4965075614664802
15660528,Niu,652.0,Spain,27.0,4,0.0,2.0,1.0,0.0,99341.87,0,3.332204510175204
15700300,Okoli,652.0,Germany,44.0,4,131593.85,1.0,0.0,1.0,171345.02,1,3.8066624897703196
15642001,Lorenzen,652.0,Germany,44.0,9,119530.52,1.0,1.0,0.0,119056.68,1,3.8066624897703196
15580366,Okechukwu,652.0,Germany,54.0,4,118614.6,2.0,1.0,1.0,172601.62,0,4.007333185232471
15657228,Anderson,652.0,Germany,37.0,9,95829.13,2.0,0.0,1.0,104936.88,0,3.6375861597263857
15729377,Ku,652.0,France,36.0,1,0.0,2.0,1.0,1.0,159044.1,0,3.6109179126442243
15686913,Kung,652.0,France,38.0,0,0.0,1.0,1.0,0.0,83263.06,0,3.6635616461296463
15631267,Lu,652.0,France,50.0,6,153590.73,2.0,1.0,1.0,130910.78,0,3.9318256327243257
15632275,Trevisano,652.0,France,29.0,2,0.0,1.0,1.0,0.0,126336.72,0,3.4011973816621555
15715907,Onwubiko,652.0,France,62.0,9,113109.52,1.0,1.0,0.0,27980.8,1,4.174387269895637
15764841,Vidler,652.0,France,35.0,0,130557.24,1.0,1.0,1.0,47880.71,0,3.58351893845611
15748649,Shen,652.0,France,40.0,8,93183.19,1.0,1.0,0.0,73882.49,0,3.713572066704308
15771409,McGregor,652.0,France,58.0,7,151933.63,1.0,1.0,0.0,162960.05,1,4.07753744390572
15779207,Nnamdi,652.0,Germany,30.0,2,125495.64,2.0,1.0,1.0,68807.47,0,3.4339872044851463
15814116,Castiglione,652.0,France,42.0,7,0.0,2.0,1.0,0.0,144039.05,0,3.7612001156935624
15665087,Bergamaschi,652.0,Germany,26.0,8,118547.72,1.0,1.0,1.0,151192.18,0,3.295836866004329
15611189,Allingham,652.0,Spain,43.0,1,97792.21,1.0,0.0,0.0,120225.62,0,3.784189633918261
15729718,Stelzer,652.0,France,41.0,6,0.0,3.0,0.0,0.0,56118.81,1,3.7376696182833684
15733602,Rubin,652.0,Spain,62.0,2,0.0,2.0,0.0,1.0,130853.03,0,4.290459441148391
15620103,Ho,652.0,France,40.0,8,167181.01,1.0,1.0,1.0,185156.94,0,3.713572066704308
15770406,Watson,652.0,Germany,35.0,9,121355.19,1.0,0.0,1.0,35671.45,0,3.58351893845611
15800554,Perry,652.0,France,62.0,1,0.0,2.0,1.0,1.0,59568.24,0,4.406719247264253
15611409,Sun,652.0,Spain,35.0,0,0.0,2.0,0.0,0.0,139911.58,0,3.58351893845611
15646535,Harrell,652.0,France,46.0,5,113226.47,1.0,1.0,0.0,56770.76,0,3.8501476017100584
15575430,Robson,652.0,France,33.0,1,118392.75,1.0,1.0,1.0,157564.75,0,3.5263605246161616
15711299,Wilson,652.0,Germany,52.0,8,145262.54,1.0,0.0,1.0,131473.31,0,3.970291913552122
15642063,Kelechi,652.0,France,40.0,6,163505.16,1.0,0.0,0.0,90424.09,0,3.713572066704308
15706602,Bates,652.0,Spain,33.0,1,118114.28,2.0,0.0,1.0,156660.21,0,3.5263605246161616
15592773,Eberegbulam,652.0,Germany,51.0,0,108449.23,3.0,0.0,0.0,88372.69,1,3.9512437185814275
15786539,Olisaemeka,652.0,France,32.0,1,0.0,2.0,1.0,1.0,46200.71,0,3.4965075614664802
15737542,Davey,652.0,Germany,36.0,10,103294.56,1.0,1.0,0.0,160548.12,0,3.6109179126442243
15590234,De Luca,652.0,France,42.0,1,0.0,1.0,1.0,0.0,1262.83,1,3.7612001156935624
15773776,Ho,652.0,France,38.0,6,0.0,1.0,1.0,1.0,188639.28,0,3.6635616461296463
15728082,Vasiliev,652.0,Spain,28.0,6,0.0,2.0,1.0,0.0,14665.28,0,3.367295829986474
15609987,Smith,652.0,France,42.0,2,119919.12,1.0,1.0,0.0,156868.21,0,3.7612001156935624
15735330,Sung,652.0,France,37.0,1,0.0,1.0,1.0,0.0,30461.55,0,3.6375861597263857
15649430,White,652.0,France,28.0,4,0.0,2.0,1.0,1.0,123885.88,0,3.367295829986474
15768777,Wang,652.0,Spain,34.0,4,0.0,2.0,1.0,1.0,60688.38,0,3.5553480614894135
15777893,Davide,652.0,France,43.0,1,0.0,2.0,1.0,0.0,21785.91,0,3.784189633918261
15791326,Nnamdi,652.0,France,34.0,3,0.0,1.0,0.0,0.0,188135.69,0,3.5553480614894135
15615176,Welsh,652.0,France,26.0,7,0.0,2.0,1.0,0.0,154364.66,0,3.295836866004329
15735221,Sousa,652.0,France,42.0,10,0.0,2.0,1.0,0.0,61312.15,0,3.7612001156935624
15617991,Andrews,652.0,France,29.0,4,128744.04,1.0,1.0,1.0,47454.93,0,3.4011973816621555
15658504,Chiawuotu,652.0,Germany,62.0,9,137727.34,2.0,0.0,1.0,121102.9,0,4.143134726391533
15785705,Thomson,652.0,Germany,44.0,10,106731.58,1.0,1.0,0.0,137419.87,1,3.8066624897703196
15801817,Carpenter,652.0,France,38.0,7,123544.21,1.0,1.0,1.0,157664.02,0,3.6635616461296463
15752578,Yefimova,652.0,France,37.0,2,133968.96,2.0,1.0,0.0,148689.65,0,3.6375861597263857
15781574,Ma,652.0,Spain,62.0,9,126534.6,1.0,1.0,1.0,39789.62,0,4.343805421853684
15792107,Black,652.0,Spain,35.0,8,0.0,1.0,1.0,1.0,165162.4,0,3.58351893845611
15569917,Obijiaku,652.0,Spain,30.0,6,87609.68,2.0,0.0,0.0,137674.55,1,3.4339872044851463
15721504,King,652.0,Spain,41.0,3,0.0,2.0,1.0,0.0,101371.72,0,3.7376696182833684
15757306,Miller,652.0,Spain,49.0,3,0.0,3.0,1.0,1.0,65066.48,1,3.912023005428146
15647295,Chin,652.0,France,34.0,9,0.0,2.0,1.0,0.0,107876.91,0,3.5553480614894135
15642098,Cox,652.0,Spain,36.0,0,108960.0,2.0,1.0,0.0,111180.3,1,3.6109179126442243
15696120,Wallace,652.0,Spain,30.0,2,0.0,2.0,1.0,0.0,115650.63,0,3.4339872044851463
15675176,Price,652.0,France,51.0,6,144953.31,1.0,1.0,1.0,165035.17,0,3.9512437185814275
15700046,Yuan,652.0,France,41.0,4,103544.88,2.0,1.0,0.0,193746.55,0,3.7376696182833684
15782089,Mullen,652.0,France,33.0,6,0.0,1.0,1.0,0.0,58458.26,0,3.5263605246161616
15706394,Howell,652.0,France,53.0,7,0.0,2.0,0.0,1.0,52332.85,0,3.9889840465642745
15759387,McIntosh,652.0,Germany,38.0,1,101487.18,1.0,1.0,1.0,75959.1,1,3.6635616461296463
15623369,Clifton,652.0,France,52.0,10,105355.81,1.0,1.0,0.0,123.07,1,3.970291913552122
15732943,Okwuoma,652.0,Spain,36.0,4,77967.5,1.0,1.0,0.0,167066.95,1,3.6109179126442243
15750545,Chidiebere,652.0,France,44.0,5,0.0,3.5,0.0,0.0,117572.59,1,3.8066624897703196
15809909,Fan,652.0,Spain,54.0,4,0.0,2.0,1.0,1.0,7166.71,0,4.007333185232471
15642448,Onyemauchechukwu,652.0,Spain,28.0,8,120047.77,1.0,1.0,1.0,137173.39,0,3.367295829986474
15791944,Harker,652.0,France,32.0,7,175464.85,3.0,1.0,0.0,116442.42,1,3.4965075614664802
15768342,Bolton,652.0,France,52.0,8,79475.3,3.0,1.0,1.0,32421.32,1,3.970291913552122
15567919,Lazarev,652.0,Germany,37.0,8,167735.69,2.0,0.0,1.0,104665.79,0,3.6375861597263857
15674750,Alexeyeva,652.0,Spain,37.0,8,0.0,2.0,1.0,0.0,44215.86,0,3.6375861597263857
15778345,Stevens,652.0,France,33.0,1,74385.98,1.0,1.0,0.0,20164.47,0,3.5263605246161616
15687634,Glover,652.0,Germany,49.0,5,94754.0,1.0,1.0,1.0,26691.31,0,3.912023005428146
15666096,Ibekwe,652.0,Spain,27.0,4,0.0,1.0,0.0,1.0,107955.67,0,3.332204510175204
15581700,Paterson,652.0,Germany,43.0,3,86920.86,1.0,1.0,1.0,150048.37,0,3.784189633918261
15656417,Marsh,652.0,France,39.0,1,132077.48,2.0,1.0,0.0,192255.15,0,3.6888794541139363
15649101,Reeves,652.0,France,40.0,10,127847.86,1.0,0.0,0.0,173245.68,0,3.713572066704308
15781975,Rees,652.0,France,34.0,3,0.0,1.0,0.0,1.0,121457.88,1,3.5553480614894135
15700511,Hanson,652.0,Germany,42.0,9,176702.36,2.0,1.0,1.0,104804.74,0,3.7612001156935624
15770255,Onwughara,652.0,Germany,33.0,10,83555.58,1.0,0.0,0.0,69767.14,0,3.5263605246161616
15643574,Odinakachukwu,652.0,France,26.0,8,0.0,2.0,1.0,0.0,178373.43,0,3.295836866004329
15595010,Huang,652.0,Spain,39.0,9,0.0,2.0,0.0,0.0,99924.04,0,3.6888794541139363
15580579,Trevisani,652.0,France,40.0,1,0.0,1.0,1.0,1.0,49594.19,1,3.713572066704308
15748532,Dale,652.0,Spain,42.0,10,0.0,1.0,1.0,1.0,186071.14,0,3.7612001156935624
15773789,Pavlova,652.0,Spain,38.0,7,96858.35,1.0,1.0,0.0,77511.45,0,3.6635616461296463
15600027,Meng,652.0,Spain,33.0,1,0.0,2.0,1.0,1.0,54816.57,0,3.5263605246161616
15620832,Dean,652.0,France,35.0,0,0.0,2.0,0.0,1.0,61290.99,0,3.58351893845611
15568819,Chiganu,652.0,Germany,42.0,8,132796.04,3.0,1.0,1.0,191821.35,1,3.7612001156935624
15748691,Lung,652.0,Spain,30.0,1,154970.54,1.0,0.0,1.0,156768.45,0,3.4339872044851463
15583552,Donaldson,652.0,Germany,44.0,3,88902.21,1.0,1.0,0.0,73731.32,0,3.8066624897703196
15588019,Li Fonti,652.0,France,28.0,7,98738.92,1.0,1.0,0.0,122190.22,0,3.367295829986474
15713250,Izmailova,652.0,France,33.0,8,0.0,2.0,1.0,1.0,123509.01,0,3.5263605246161616
15569595,Walker,652.0,France,50.0,6,0.0,1.0,1.0,0.0,8199.5,0,3.9318256327243257
15794868,Nnonso,652.0,Germany,40.0,10,137456.28,2.0,1.0,1.0,14113.11,0,3.713572066704308
15576680,Stevenson,652.0,France,29.0,4,0.0,2.0,0.0,0.0,51705.01,0,3.4011973816621555
15613699,Schnaars,652.0,France,60.0,7,73937.02,1.0,1.0,0.0,161937.62,1,4.110873864173311
15609758,Geoghegan,652.0,France,45.0,7,158621.04,1.0,1.0,0.0,120892.96,1,3.828641396489095
15762392,Ilyina,652.0,Spain,30.0,1,113257.2,1.0,1.0,1.0,65035.02,0,3.4339872044851463
15693382,Muir,652.0,France,31.0,9,0.0,1.0,0.0,1.0,164257.37,0,3.4657359027997265
15791769,Gardener,652.0,France,29.0,9,116536.43,1.0,1.0,0.0,51987.99,0,3.4011973816621555
15712483,Chidi,652.0,Spain,28.0,4,0.0,2.0,1.0,0.0,10899.63,1,3.367295829986474
15636454,Fu,652.0,France,60.0,6,101070.69,1.0,1.0,0.0,177355.8,1,4.110873864173311
15710138,Sun,652.0,Spain,39.0,6,0.0,2.0,0.0,1.0,63889.1,0,3.6888794541139363
15571571,Ting,652.0,Germany,31.0,3,127331.46,3.0,1.0,1.0,176433.6,0,3.4657359027997265
15638751,Ashton,652.0,Spain,41.0,5,0.0,2.0,1.0,0.0,81313.51,0,3.7376696182833684
15598574,Uwakwe,652.0,Spain,31.0,5,0.0,2.0,0.0,1.0,13998.88,0,3.4657359027997265
15796787,Vassiliev,652.0,France,46.0,0,105969.42,1.0,1.0,0.0,5771.56,0,3.8501476017100584
15615670,Kazakova,652.0,France,36.0,5,119547.46,1.0,1.0,1.0,42693.65,0,3.6109179126442243
15705506,Perry,652.0,Spain,38.0,7,0.0,2.0,0.0,0.0,90839.61,0,3.6635616461296463
15599535,Howell,652.0,Spain,28.0,5,138668.18,1.0,1.0,1.0,54144.01,0,3.367295829986474
15768449,Ricci,652.0,France,37.0,7,51582.5,2.0,1.0,1.0,184312.88,0,3.6375861597263857
15725002,Smith,652.0,France,37.0,7,0.0,2.0,1.0,0.0,20306.79,0,3.6375861597263857
15611682,Rossi,652.0,Spain,37.0,6,169902.92,1.0,1.0,1.0,128256.18,0,3.6375861597263857
15749964,Jones,652.0,France,27.0,4,87262.4,2.0,1.0,0.0,182720.07,0,3.332204510175204
15678779,Quezada,652.0,France,33.0,7,0.0,2.0,0.0,1.0,4082.52,0,3.5263605246161616
15752601,McCulloch,652.0,France,40.0,7,0.0,2.0,0.0,0.0,102233.73,0,3.713572066704308
15758477,Tobeolisa,652.0,France,32.0,2,0.0,2.0,1.0,0.0,132002.83,0,3.4965075614664802
15629133,Black,652.0,France,27.0,9,0.0,2.0,1.0,0.0,126838.7,0,3.332204510175204
15604963,Fraser,652.0,France,39.0,5,0.0,2.0,0.0,0.0,181461.46,0,3.6888794541139363
15796413,Green,652.0,France,46.0,6,0.0,2.0,1.0,0.0,195325.74,0,3.8501476017100584
15812470,Allan,652.0,France,61.0,5,0.0,2.0,0.0,1.0,29132.43,0,4.127134385045092
15587443,Akudinobi,652.0,France,62.0,1,0.0,2.0,1.0,1.0,131804.86,0,4.248495242049359
15689692,Walker,652.0,Germany,19.0,3,150348.37,1.0,1.0,1.0,173784.04,0,2.995732273553991
15779586,Olisaemeka,652.0,Germany,46.0,3,115074.02,2.0,1.0,0.0,26249.86,0,3.8501476017100584
15667588,Arcuri,652.0,Spain,40.0,3,0.0,1.0,1.0,1.0,182650.15,0,3.713572066704308
15624423,Liu,652.0,France,28.0,8,99986.98,1.0,1.0,0.0,196582.55,0,3.367295829986474
15591107,Flemming,652.0,Germany,62.0,3,110357.0,1.0,0.0,0.0,141977.54,1,4.23410650459726
15748986,Bischof,652.0,Germany,42.0,8,166685.92,2.0,1.0,1.0,55313.51,0,3.7612001156935624
15793896,John,652.0,Spain,40.0,7,95312.8,1.0,1.0,1.0,62944.75,0,3.713572066704308
15620570,Sinnett,652.0,France,43.0,4,202443.47,1.0,1.0,0.0,72375.03,0,3.784189633918261
15727811,Ts'ui,652.0,Germany,47.0,0,109493.62,1.0,0.0,0.0,188324.01,1,3.8712010109078907
15707681,Pokrovsky,652.0,Germany,38.0,9,88977.39,2.0,0.0,1.0,133403.07,0,3.6635616461296463
15702030,Azarov,652.0,France,29.0,2,104982.57,1.0,1.0,0.0,157378.5,0,3.4011973816621555
15673238,McCarthy,652.0,Germany,59.0,8,154110.99,2.0,1.0,0.0,101240.08,1,4.0943445622221
15604196,Simpson,652.0,France,32.0,6,185714.28,1.0,1.0,1.0,102502.5,0,3.4965075614664802
15769356,Stevenson,652.0,Germany,23.0,3,116022.53,2.0,1.0,1.0,37577.66,0,3.1780538303479458
15665590,Moore,652.0,France,46.0,6,0.0,2.0,1.0,1.0,83456.67,0,3.8501476017100584
15572361,Chill,652.0,Germany,34.0,2,164011.48,1.0,1.0,0.0,199420.41,0,3.5553480614894135
15667460,Moore,652.0,France,31.0,9,0.0,2.0,1.0,1.0,24748.89,0,3.4657359027997265
15654760,Su,652.0,France,40.0,1,101514.89,1.0,1.0,1.0,121765.0,0,3.713572066704308
15632669,Rees,652.0,Spain,32.0,4,0.0,2.0,1.0,1.0,113666.48,0,3.4965075614664802
15613673,Lung,652.0,France,28.0,9,0.0,1.0,1.0,0.0,134110.93,0,3.367295829986474
15698522,Thomas,652.0,Germany,39.0,9,134599.33,2.0,1.0,0.0,183095.87,0,3.6888794541139363
15741633,Fuller,652.0,Spain,32.0,10,147511.26,1.0,1.0,1.0,159891.03,0,3.4965075614664802
15674583,Trevisani,652.0,France,25.0,0,78396.08,1.0,1.0,1.0,8316.19,0,3.258096538021482
15665374,Dumolo,652.0,Spain,31.0,5,0.0,2.0,0.0,0.0,63736.36,0,3.4657359027997265
15588854,Wu,652.0,France,31.0,3,110581.29,1.0,1.0,1.0,94715.24,0,3.4657359027997265
15810716,Kerr,652.0,Germany,42.0,8,151836.36,2.0,1.0,0.0,68695.38,0,3.7612001156935624
15776921,Geoghegan,652.0,Germany,45.0,5,83624.55,2.0,0.0,0.0,36899.62,0,3.828641396489095
15569394,Bailey,652.0,France,24.0,2,148197.15,2.0,1.0,0.0,182775.08,0,3.2188758248682006
15788215,Hsia,652.0,Spain,30.0,5,122924.75,1.0,0.0,0.0,62390.59,1,3.4339872044851463
15641007,Holden,652.0,France,38.0,4,72594.0,1.0,1.0,1.0,76042.48,0,3.6635616461296463
15594651,Milani,652.0,France,38.0,4,115221.36,1.0,0.0,1.0,70956.75,0,3.6635616461296463
15575146,Jamieson,652.0,Germany,51.0,8,117808.74,2.0,1.0,1.0,67311.12,0,3.9512437185814275
15608916,Ndubueze,652.0,France,40.0,7,147754.68,1.0,1.0,1.0,110454.46,0,3.713572066704308
15666297,Abramova,652.0,Spain,53.0,3,0.0,3.0,0.0,0.0,88479.02,1,3.9889840465642745
15598586,Wetherspoon,652.0,France,31.0,10,113292.17,1.0,1.0,1.0,122639.73,0,3.4657359027997265
15665014,Middleton,652.0,Spain,36.0,5,0.0,2.0,1.0,0.0,79723.78,0,3.6109179126442243
15701738,Arcuri,652.0,Germany,44.0,2,115163.38,1.0,1.0,1.0,97677.52,1,3.8066624897703196
15650591,Calabrese,652.0,Germany,50.0,10,118098.62,1.0,1.0,1.0,100720.02,1,3.9318256327243257
15652667,Hampton,652.0,France,39.0,9,0.0,2.0,1.0,1.0,104730.52,0,3.6888794541139363
15679622,Clayton,652.0,France,35.0,8,0.0,1.0,1.0,1.0,22499.29,0,3.58351893845611
15730150,Otutodilichukwu,652.0,Spain,37.0,0,120825.7,1.0,1.0,0.0,28257.89,0,3.6375861597263857
15813192,Chukwuemeka,652.0,France,25.0,6,0.0,2.0,0.0,1.0,109988.09,0,3.258096538021482
15606554,Douglas,652.0,France,29.0,1,0.0,1.0,0.0,1.0,149991.32,0,3.4011973816621555
15611794,Galloway,652.0,Germany,61.0,6,133845.28,2.0,1.0,1.0,45180.8,0,4.127134385045092
15672357,Sochima,652.0,Spain,38.0,7,0.0,2.0,1.0,0.0,181605.85,0,3.6635616461296463
15711759,Wilkins,652.0,France,29.0,5,108541.04,1.0,1.0,1.0,126469.09,0,3.4011973816621555
15615296,Rice,652.0,France,39.0,10,0.0,1.0,1.0,0.0,160810.85,1,3.6888794541139363
15699294,Pope,652.0,France,30.0,1,0.0,2.0,0.0,0.0,88146.86,0,3.4339872044851463
15788634,Romani,652.0,Spain,37.0,2,113817.06,1.0,0.0,0.0,88333.74,0,3.6375861597263857
15660871,Ch'ang,652.0,France,28.0,8,137300.23,1.0,1.0,0.0,90174.83,0,3.367295829986474
15618258,Chizuoke,652.0,Spain,37.0,5,158024.38,1.0,1.0,0.0,81298.09,0,3.6375861597263857
15722535,Ireland,652.0,France,33.0,7,127837.54,1.0,0.0,1.0,60013.17,0,3.5263605246161616
15711977,Finch,652.0,France,36.0,4,161533.0,1.0,1.0,0.0,100940.91,0,3.6109179126442243
15690169,Meng,652.0,France,31.0,7,161171.7,2.0,1.0,0.0,12599.94,1,3.4657359027997265
15790689,Hibbins,652.0,Spain,32.0,9,80958.36,1.0,1.0,1.0,128590.73,0,3.4965075614664802
15665181,Chung,652.0,Spain,25.0,7,0.0,2.0,0.0,1.0,23180.37,0,3.258096538021482
15633608,Black,652.0,France,33.0,2,146193.6,2.0,1.0,1.0,55796.83,1,3.5263605246161616
15805261,Balashov,652.0,Spain,29.0,8,0.0,2.0,0.0,1.0,152097.02,0,3.4011973816621555
15740356,Palmer,652.0,Germany,26.0,4,115021.76,1.0,0.0,1.0,162443.05,0,3.295836866004329
15808223,Lea,652.0,Spain,41.0,1,126773.43,1.0,1.0,1.0,55551.26,0,3.7376696182833684
15769980,Singleton,652.0,Germany,40.0,3,92889.91,1.0,1.0,1.0,109496.69,0,3.713572066704308
15675450,Burt,652.0,France,48.0,9,0.0,2.0,1.0,1.0,72105.63,0,3.8918202981106265
15776494,Siciliano,652.0,France,61.0,5,146622.35,1.0,1.0,1.0,41815.22,1,4.127134385045092
15592412,Sun,652.0,Germany,45.0,4,131038.14,1.0,1.0,0.0,74005.04,1,3.828641396489095
15777452,Sauve,652.0,France,46.0,6,88820.29,1.0,0.0,0.0,70224.34,0,3.8501476017100584
15692258,Thompson,652.0,Spain,31.0,1,115406.97,1.0,0.0,0.0,145528.22,0,3.4657359027997265
15791045,Boni,652.0,France,38.0,3,132951.92,1.0,0.0,1.0,124486.28,0,3.6635616461296463
15807889,Wood,652.0,Germany,62.0,5,108891.7,1.0,1.0,0.0,10078.02,0,4.31748811353631
15602043,Buccho,652.0,Germany,46.0,5,141788.63,2.0,0.0,0.0,164967.21,0,3.8501476017100584
15807335,Spencer,652.0,Spain,62.0,4,116954.32,1.0,1.0,1.0,91149.48,0,4.174387269895637
15629985,Eidson,652.0,Germany,47.0,10,90450.0,2.0,0.0,0.0,103379.31,1,3.8712010109078907
15679453,Hung,652.0,Germany,39.0,8,125997.22,1.0,1.0,1.0,128049.34,1,3.6888794541139363
15637315,Melvin,652.0,Spain,41.0,3,0.0,2.0,1.0,0.0,54342.83,0,3.7376696182833684
15691513,Dawkins,652.0,France,60.0,9,0.0,3.5,1.0,1.0,13614.01,1,4.110873864173311
15622289,Rizzo,652.0,Spain,36.0,9,0.0,2.0,0.0,1.0,35521.63,0,3.6109179126442243
15715184,Capon,652.0,Spain,31.0,4,144637.86,2.0,1.0,0.0,40496.72,0,3.4657359027997265
15702801,Ts'ao,652.0,France,29.0,3,86616.35,1.0,0.0,0.0,91903.9,1,3.4011973816621555
15719931,Johnstone,652.0,France,31.0,8,0.0,2.0,1.0,0.0,178667.7,0,3.4657359027997265
15806081,Fleming,652.0,Germany,48.0,2,127924.25,2.0,1.0,0.0,32202.61,0,3.8918202981106265
15796336,Chang,652.0,Spain,34.0,9,0.0,2.0,1.0,0.0,117034.32,0,3.5553480614894135
15647306,Gibbs,652.0,France,29.0,9,131240.61,1.0,1.0,1.0,163746.09,1,3.4011973816621555
15742369,Rita,652.0,Spain,31.0,5,0.0,2.0,1.0,1.0,20346.69,0,3.4657359027997265
15655859,Munro,652.0,Spain,35.0,5,120046.74,2.0,1.0,0.0,84710.65,0,3.58351893845611
15675650,Duncan,652.0,France,39.0,8,97819.36,1.0,0.0,1.0,120531.31,0,3.6888794541139363
15574119,Okwuadigbo,652.0,Spain,62.0,1,62979.93,1.0,1.0,1.0,152273.57,0,4.174387269895637
15754168,McIntosh,652.0,France,40.0,3,0.0,1.0,1.0,1.0,144345.58,0,3.713572066704308
15763029,Ch'iu,652.0,Germany,46.0,9,161450.03,1.0,1.0,1.0,96961.0,1,3.8501476017100584
15765048,Watt,652.0,France,30.0,3,0.0,2.0,1.0,0.0,170307.43,0,3.4339872044851463
15786215,Udinese,652.0,France,56.0,8,119496.25,2.0,1.0,0.0,29880.99,0,4.04305126783455
15707559,Clark,652.0,France,30.0,9,0.0,2.0,1.0,1.0,195104.91,0,3.4339872044851463
15582129,Hsia,652.0,France,62.0,1,43772.66,3.0,1.0,0.0,187756.24,1,4.143134726391533
15687540,Obiuto,652.0,France,32.0,9,100249.41,2.0,0.0,1.0,67599.69,0,3.4965075614664802
15787196,T'ien,652.0,Spain,46.0,2,0.0,2.0,1.0,1.0,105983.09,0,3.8501476017100584
15670898,McKenzie,652.0,France,60.0,5,108028.08,2.0,0.0,0.0,25980.42,1,4.110873864173311
15775433,Tang,652.0,Germany,62.0,1,53013.29,2.0,1.0,1.0,112222.64,0,4.276666119016055
15700693,Tu,652.0,France,62.0,2,0.0,2.0,1.0,1.0,59864.96,0,4.23410650459726
15677955,Tsui,652.0,Germany,33.0,1,122088.67,1.0,1.0,0.0,42581.09,0,3.5263605246161616
15570086,Lynch,652.0,Germany,18.0,9,90544.0,1.0,0.0,1.0,4777.23,0,2.9444389791664403
15794875,Hung,652.0,Spain,35.0,6,0.0,2.0,0.0,1.0,178038.17,0,3.58351893845611
15673591,Oluchukwu,652.0,France,44.0,3,141252.18,3.5,0.0,1.0,128521.16,1,3.8066624897703196
15631756,Tuan,652.0,France,35.0,5,147813.05,2.0,0.0,0.0,109029.72,0,3.58351893845611
15757617,Lewis,652.0,France,55.0,6,134140.68,1.0,1.0,0.0,2267.88,0,4.02535169073515
15612729,Chidiebere,652.0,France,62.0,7,0.0,2.0,1.0,1.0,55054.48,0,4.1588830833596715
15637857,Woolacott,652.0,France,31.0,8,0.0,1.0,0.0,1.0,76456.17,0,3.4657359027997265
15681007,Yen,652.0,France,35.0,2,128548.49,3.5,1.0,0.0,75478.95,1,3.58351893845611
15593622,Service,652.0,France,43.0,10,122198.21,2.0,0.0,1.0,179144.54,0,3.784189633918261
15629273,Lin,652.0,Germany,42.0,8,145177.84,1.0,1.0,0.0,193471.74,1,3.7612001156935624
15765846,Chuang,652.0,Spain,31.0,2,94222.53,1.0,1.0,0.0,103570.8,0,3.4657359027997265
15596013,Akhtar,652.0,Germany,58.0,1,143212.22,1.0,0.0,0.0,102628.56,1,4.07753744390572
15722473,Faulkner,652.0,France,41.0,3,0.0,2.0,1.0,0.0,55772.04,0,3.7376696182833684
15774936,Liang,652.0,Germany,41.0,6,143350.41,1.0,1.0,1.0,192070.16,1,3.7376696182833684
15685640,Dancy,652.0,France,41.0,3,130931.83,1.0,1.0,1.0,144808.37,0,3.7376696182833684
15566563,Duigan,652.0,France,30.0,4,137851.31,1.0,1.0,0.0,5008.23,1,3.4339872044851463
15768746,McLean,652.0,France,33.0,6,0.0,2.0,0.0,0.0,173680.39,0,3.5263605246161616
15689952,Zuyeva,652.0,Spain,41.0,5,0.0,1.0,0.0,1.0,115753.94,0,3.7376696182833684
15725906,Hankinson,652.0,Spain,51.0,8,0.0,1.0,1.0,1.0,38928.48,1,3.9512437185814275
15634501,Wei,652.0,France,60.0,1,140614.15,1.0,0.0,1.0,174381.23,0,4.110873864173311
15571940,Afamefula,652.0,Spain,22.0,3,118680.57,1.0,1.0,1.0,49829.8,0,3.1354942159291497
15741643,Chiang,652.0,Germany,35.0,7,122917.69,1.0,1.0,1.0,76169.68,0,3.58351893845611
15806822,Myers,652.0,France,36.0,0,0.0,2.0,0.0,0.0,133465.57,0,3.6109179126442243
15701166,Chinedum,652.0,France,40.0,5,131754.11,2.0,1.0,1.0,38761.61,0,3.713572066704308
15718531,Ukaegbunam,652.0,France,35.0,8,0.0,2.0,1.0,1.0,176779.46,0,3.58351893845611
15628308,Akubundu,652.0,France,24.0,6,0.0,2.0,1.0,1.0,13159.9,0,3.2188758248682006
15585287,Sal,652.0,Germany,35.0,9,119948.09,1.0,1.0,0.0,48217.97,1,3.58351893845611
15781619,Stevenson,652.0,France,38.0,1,0.0,1.0,1.0,0.0,134964.85,1,3.6635616461296463
15805162,Sutherland,652.0,France,25.0,0,0.0,2.0,1.0,1.0,184221.11,0,3.258096538021482
15588535,Ts'ao,652.0,Spain,39.0,6,0.0,2.0,0.0,0.0,19264.33,0,3.6888794541139363
15775307,Sung,652.0,Spain,38.0,3,97266.1,1.0,1.0,1.0,92797.23,0,3.6635616461296463
15777616,Pisani,652.0,Germany,28.0,10,113690.83,1.0,1.0,0.0,33114.24,0,3.367295829986474
15692291,Hs?eh,652.0,Spain,42.0,6,99056.22,2.0,1.0,0.0,154347.95,1,3.7612001156935624
15680843,Sherrod,652.0,France,34.0,8,0.0,2.0,1.0,1.0,184842.21,0,3.5553480614894135
15606232,Holloway,652.0,Spain,36.0,7,116338.68,1.0,1.0,1.0,155743.48,0,3.6109179126442243
15641585,Newton,652.0,France,40.0,6,97339.99,1.0,0.0,1.0,88815.25,0,3.713572066704308
15684358,Kang,652.0,France,41.0,3,0.0,2.0,1.0,1.0,193747.57,0,3.7376696182833684
15806389,Walton,652.0,Germany,55.0,1,137592.31,2.0,0.0,1.0,116548.02,1,4.02535169073515
15641860,Bradley,652.0,Germany,34.0,6,108760.27,2.0,1.0,0.0,166324.79,1,3.5553480614894135
15814237,Watkins,652.0,Germany,30.0,3,128770.88,2.0,1.0,1.0,40199.01,0,3.4339872044851463
15808780,Tien,652.0,France,34.0,2,0.0,2.0,0.0,0.0,51919.04,0,3.5553480614894135
15767064,Davide,652.0,Spain,36.0,1,44054.84,1.0,1.0,1.0,73329.08,0,3.6109179126442243
15751177,Milne,652.0,Germany,44.0,2,119657.53,1.0,1.0,0.0,145387.05,1,3.8066624897703196
15613427,Barling,652.0,Germany,49.0,7,108797.63,2.0,0.0,0.0,140763.18,0,3.912023005428146
15647259,Barnett,652.0,Spain,35.0,2,0.0,2.0,0.0,0.0,67979.35,0,3.58351893845611
15748660,Ellis,652.0,Germany,49.0,1,102025.32,1.0,1.0,0.0,133051.64,1,3.912023005428146
15726695,Hsia,652.0,Spain,20.0,9,122446.61,2.0,1.0,0.0,86791.9,0,3.044522437723423
15757473,Chukwujamuike,652.0,France,27.0,7,158786.67,2.0,0.0,1.0,47579.25,0,3.332204510175204
15809509,Venables,652.0,France,29.0,3,125689.29,1.0,1.0,1.0,151623.71,0,3.4011973816621555
15715512,Hsia,652.0,Germany,29.0,1,154640.41,1.0,1.0,1.0,164039.51,0,3.4011973816621555
15614168,Alexander,652.0,Germany,50.0,4,146710.76,1.0,1.0,0.0,16528.4,1,3.9318256327243257
15679818,Yuan,652.0,Germany,62.0,7,136709.35,1.0,0.0,1.0,66753.1,1,4.219507705176107
15609928,Johnston,652.0,Germany,43.0,5,129305.09,2.0,0.0,1.0,19244.58,0,3.784189633918261
15731246,Hobler,652.0,Spain,40.0,10,0.0,2.0,1.0,0.0,103832.58,0,3.713572066704308
15685243,Jamieson,652.0,France,62.0,10,0.0,2.0,0.0,1.0,502.7,0,4.1588830833596715
15638730,Macleod,652.0,France,21.0,0,82844.33,2.0,0.0,1.0,1408.68,0,3.091042453358316
15697034,Norris,652.0,Spain,22.0,2,0.0,2.0,0.0,1.0,5985.36,0,3.1354942159291497
15699225,Pirozzi,652.0,France,46.0,0,0.0,2.0,1.0,0.0,37460.05,0,3.8501476017100584
15677387,Folliero,652.0,Germany,33.0,10,76692.22,1.0,0.0,1.0,30396.43,0,3.5263605246161616
15759184,Russell,652.0,France,34.0,7,117715.84,1.0,1.0,0.0,2498.67,0,3.5553480614894135
15595991,Hsiung,652.0,France,54.0,8,87105.32,1.0,1.0,1.0,55346.14,0,4.007333185232471
15681332,Tate,652.0,France,43.0,6,0.0,1.0,1.0,0.0,148330.97,1,3.784189633918261
15756299,Davis,652.0,France,62.0,2,69311.16,1.0,1.0,1.0,59237.72,0,4.174387269895637
15750547,Bair,652.0,France,26.0,9,0.0,2.0,1.0,1.0,48644.94,0,3.295836866004329
15566380,Drury,652.0,Spain,33.0,10,66948.67,2.0,1.0,1.0,140759.03,0,3.5263605246161616
15675963,Padovano,652.0,France,57.0,9,0.0,2.0,1.0,1.0,107712.42,0,4.060443010546419
15674671,Conway,652.0,Spain,62.0,2,128410.71,2.0,1.0,1.0,181718.73,0,4.343805421853684
15621466,Waters,652.0,Germany,38.0,3,99897.53,1.0,0.0,0.0,37054.65,0,3.6635616461296463
15607176,Kang,652.0,France,22.0,3,0.0,1.0,1.0,1.0,173940.59,0,3.1354942159291497
15570299,Martin,652.0,Germany,31.0,6,152622.34,1.0,1.0,0.0,99298.8,0,3.4657359027997265
15613197,Ugochukwutubelum,652.0,France,40.0,8,0.0,2.0,1.0,0.0,62933.03,0,3.713572066704308
15798885,Burns,652.0,France,56.0,4,138227.19,2.0,1.0,1.0,55287.84,0,4.04305126783455
15714883,Genovese,652.0,France,25.0,2,111395.53,1.0,0.0,1.0,48197.06,0,3.258096538021482
15604497,Beale,652.0,Germany,44.0,7,84386.57,1.0,1.0,0.0,178642.73,0,3.8066624897703196
15773949,Cherkasova,652.0,France,36.0,3,0.0,2.0,1.0,1.0,8282.22,0,3.6109179126442243
15774164,Coles,652.0,Germany,33.0,5,174673.65,2.0,1.0,0.0,33300.56,0,3.5263605246161616
15774127,Potter,652.0,France,46.0,3,0.0,2.0,1.0,0.0,76515.79,0,3.8501476017100584
15619016,McMinn,652.0,Germany,46.0,5,109019.65,2.0,1.0,1.0,33680.56,0,3.8501476017100584
15795759,Bergamaschi,652.0,Germany,52.0,1,107906.75,1.0,1.0,0.0,168886.39,1,3.970291913552122
15798844,Chijindum,652.0,France,54.0,7,128914.97,1.0,0.0,0.0,191746.23,1,4.007333185232471
15717962,Ch'iu,652.0,Spain,62.0,9,111179.83,1.0,1.0,1.0,93091.02,0,4.1588830833596715
15691504,Yusupova,652.0,Germany,52.0,8,124099.13,1.0,0.0,0.0,23904.52,0,3.970291913552122
15693893,Davis,652.0,Germany,59.0,9,122471.09,1.0,0.0,1.0,15807.07,0,4.0943445622221
15672499,Iadanza,652.0,France,34.0,3,134692.4,2.0,1.0,1.0,83773.02,0,3.5553480614894135
15750410,Jordan,652.0,France,25.0,4,123816.5,1.0,1.0,1.0,90162.35,0,3.258096538021482
15568904,Kruglova,652.0,Germany,34.0,3,106288.54,1.0,1.0,1.0,36639.25,0,3.5553480614894135
15649033,Echezonachukwu,652.0,Germany,55.0,7,127723.25,2.0,1.0,0.0,139469.11,1,4.02535169073515
15780989,Hajek,652.0,Spain,43.0,2,145843.82,1.0,1.0,1.0,198402.37,1,3.784189633918261
15771059,Welch,652.0,Germany,34.0,2,148200.72,1.0,0.0,0.0,194584.48,0,3.5553480614894135
15687852,Vinogradoff,652.0,France,30.0,2,104145.65,1.0,0.0,0.0,159629.64,0,3.4339872044851463
15695280,Hung,652.0,Germany,24.0,8,142755.25,1.0,0.0,0.0,34231.48,0,3.2188758248682006
15592751,Okwudiliolisa,652.0,Germany,62.0,3,81245.79,1.0,1.0,0.0,69643.31,1,4.1588830833596715
15598338,Mays,652.0,Germany,33.0,3,168560.46,2.0,0.0,0.0,90270.16,0,3.5263605246161616
15735784,Gardner,652.0,France,38.0,8,0.0,1.0,1.0,0.0,47848.56,0,3.6635616461296463
15629128,Mamelu,652.0,Germany,42.0,2,132193.94,2.0,1.0,1.0,162865.52,0,3.7612001156935624
15642870,Ross,652.0,France,58.0,9,0.0,1.0,0.0,1.0,168650.4,0,4.07753744390572
15637977,Barese,652.0,Germany,25.0,8,139330.1,1.0,0.0,0.0,54372.37,0,3.258096538021482
15600792,Swayne,652.0,Spain,29.0,0,0.0,2.0,0.0,1.0,133897.32,0,3.4011973816621555
15576131,Phillips,652.0,France,40.0,5,0.0,2.0,1.0,0.0,147878.05,0,3.713572066704308
15686588,Manfrin,652.0,France,28.0,2,134571.5,1.0,0.0,1.0,118313.38,0,3.367295829986474
15761018,Tan,652.0,Germany,50.0,2,143829.2,2.0,1.0,0.0,181224.24,1,3.9318256327243257
15616029,Adams,652.0,France,32.0,7,0.0,2.0,1.0,0.0,7921.57,0,3.4965075614664802
15761149,Teng,652.0,France,44.0,8,133444.97,1.0,0.0,1.0,5708.19,0,3.8066624897703196
15802758,Chinwendu,652.0,Germany,23.0,4,104753.84,2.0,1.0,0.0,56756.52,1,3.1780538303479458
15647838,Davison,652.0,Germany,51.0,2,116574.84,1.0,1.0,0.0,4121.04,1,3.9512437185814275
15735968,Hsing,652.0,France,41.0,10,0.0,2.0,0.0,1.0,97213.09,0,3.7376696182833684
15581286,Castro,652.0,France,40.0,9,176914.8,1.0,1.0,1.0,12799.23,0,3.713572066704308
15625445,Parkin,652.0,France,36.0,8,68348.18,2.0,0.0,1.0,50400.32,0,3.6109179126442243
15600173,Manna,652.0,France,33.0,9,0.0,2.0,1.0,1.0,41447.86,0,3.5263605246161616
15635143,Fennescey,652.0,France,42.0,2,56726.83,2.0,0.0,1.0,185543.35,0,3.7612001156935624
15664849,Colon,652.0,Spain,46.0,3,65269.23,1.0,0.0,1.0,189988.65,1,3.8501476017100584
15762455,Yeh,652.0,Spain,33.0,6,66220.17,1.0,0.0,1.0,170819.01,0,3.5263605246161616
15797165,Bergamaschi,652.0,France,56.0,9,0.0,1.0,0.0,0.0,85547.33,1,4.04305126783455
15788189,Matveyeva,652.0,France,41.0,8,96147.55,1.0,1.0,0.0,137037.97,0,3.7376696182833684
15780492,Ignatyeva,652.0,France,42.0,4,0.0,2.0,1.0,0.0,19283.14,0,3.7612001156935624
15678497,Lederer,652.0,Spain,48.0,2,0.0,1.0,1.0,0.0,169425.3,1,3.8918202981106265
15588560,Nwabugwu,652.0,Germany,32.0,8,145330.43,1.0,1.0,1.0,132038.65,0,3.4965075614664802
15606003,Abramowitz,652.0,France,21.0,3,0.0,2.0,1.0,1.0,3626.47,0,3.091042453358316
15611756,Chapman,652.0,Germany,47.0,4,124192.28,2.0,1.0,1.0,50881.51,0,3.8712010109078907
15789563,Fiorentino,652.0,Germany,46.0,7,111288.18,1.0,1.0,1.0,149170.25,1,3.8501476017100584
15702416,Cecil,652.0,France,43.0,7,107805.67,1.0,0.0,0.0,182505.68,0,3.784189633918261
15766288,Ikechukwu,652.0,Germany,36.0,5,103700.69,1.0,1.0,0.0,194072.56,1,3.6109179126442243
15667633,Allen,652.0,France,38.0,1,0.0,2.0,1.0,1.0,9209.21,0,3.6635616461296463
15622774,Kao,652.0,France,34.0,0,0.0,1.0,1.0,1.0,167931.81,0,3.5553480614894135
15755416,Hart,652.0,France,27.0,3,87739.08,1.0,1.0,1.0,123096.56,0,3.332204510175204
15769915,Charlton,652.0,Spain,20.0,0,133313.34,1.0,1.0,1.0,3965.69,0,3.044522437723423
15643908,Turnbull,652.0,France,49.0,10,0.0,1.0,1.0,1.0,87711.61,0,3.912023005428146
15627395,Manners,652.0,Germany,41.0,7,154902.66,1.0,1.0,1.0,49667.28,0,3.7376696182833684
15679663,Chiazagomekpere,652.0,France,36.0,0,0.0,2.0,1.0,0.0,136675.22,0,3.6109179126442243
15651581,Lavrentyev,652.0,Germany,62.0,6,112595.85,1.0,1.0,0.0,35865.44,1,4.23410650459726
15596379,Wallace,652.0,Germany,39.0,3,119695.75,1.0,0.0,1.0,26136.13,0,3.6888794541139363
15746674,Miller,652.0,France,47.0,7,0.0,1.0,1.0,0.0,33373.26,1,3.8712010109078907
15801256,Bazhenov,652.0,Spain,49.0,7,0.0,2.0,0.0,1.0,10096.25,0,3.912023005428146
15663808,Ifesinachi,652.0,Germany,59.0,8,152614.51,2.0,1.0,1.0,188782.3,0,4.0943445622221
15598521,Ma,652.0,Germany,33.0,7,131647.01,2.0,0.0,0.0,79775.19,0,3.5263605246161616
15621457,Chu,652.0,France,27.0,6,96654.72,2.0,0.0,0.0,152740.16,0,3.332204510175204
15764726,Kerr,652.0,France,22.0,3,137583.04,1.0,0.0,1.0,5791.85,0,3.1354942159291497
15646374,Wynne,652.0,Germany,28.0,3,62717.84,2.0,1.0,1.0,13182.43,0,3.367295829986474
15716501,Moon,652.0,France,32.0,9,95377.13,1.0,0.0,1.0,187551.24,0,3.4965075614664802
15589948,Disher,652.0,Spain,28.0,1,135936.1,2.0,1.0,1.0,110560.14,0,3.367295829986474
15811343,Cattaneo,652.0,Germany,35.0,5,161591.11,3.0,1.0,1.0,63795.62,0,3.58351893845611
15659677,Beluchi,652.0,France,47.0,8,142382.03,1.0,1.0,1.0,62086.62,0,3.8712010109078907
15594436,Mazzi,652.0,Spain,33.0,2,0.0,2.0,1.0,1.0,12483.56,0,3.5263605246161616
15748995,Ifeajuna,652.0,Spain,30.0,9,0.0,2.0,0.0,1.0,10963.04,0,3.4339872044851463
15677062,Howe,652.0,France,38.0,6,127043.09,1.0,1.0,1.0,8247.0,0,3.6635616461296463
15697201,Yocum,652.0,Spain,46.0,3,0.0,1.0,1.0,1.0,156260.08,0,3.8501476017100584
15666453,Moore,652.0,Germany,29.0,4,78885.88,2.0,1.0,1.0,26927.69,0,3.4011973816621555
15693771,Y?an,652.0,Spain,45.0,8,95922.9,1.0,1.0,0.0,84782.42,1,3.828641396489095
15569867,Chinweuba,652.0,France,29.0,8,0.0,2.0,1.0,0.0,19842.11,0,3.4011973816621555
15711602,Lowrie,652.0,France,36.0,3,91711.59,1.0,1.0,1.0,95393.43,0,3.6109179126442243
15717736,Shen,652.0,Germany,46.0,10,110031.09,2.0,1.0,1.0,133995.59,0,3.8501476017100584
15750441,Lavarack,652.0,France,36.0,5,81210.72,2.0,0.0,1.0,108003.38,0,3.6109179126442243
15732791,Davide,652.0,Germany,32.0,5,122947.92,1.0,1.0,1.0,99154.86,0,3.4965075614664802
15775104,Gomes,652.0,France,38.0,1,182065.85,1.0,1.0,0.0,49503.5,0,3.6635616461296463
15757607,Matveyeva,652.0,France,45.0,0,0.0,1.0,1.0,0.0,196533.72,1,3.828641396489095
15793070,Fiorentino,652.0,Spain,41.0,2,69974.66,2.0,1.0,0.0,188426.13,1,3.7376696182833684
15760456,Eberechukwu,652.0,France,38.0,10,123711.73,2.0,1.0,0.0,171340.68,1,3.6635616461296463
15665385,Gibney,652.0,France,44.0,6,76495.04,1.0,1.0,0.0,79071.89,0,3.8066624897703196
15612418,Virgo,652.0,France,38.0,9,0.0,2.0,0.0,0.0,20940.76,0,3.6635616461296463
15727138,Kulikova,652.0,Spain,46.0,9,0.0,2.0,1.0,1.0,34774.26,0,3.8501476017100584
15732061,Liu,652.0,Germany,45.0,1,121874.89,1.0,0.0,0.0,6865.41,1,3.828641396489095
15776051,Kao,652.0,France,45.0,6,0.0,2.0,1.0,1.0,51143.43,0,3.828641396489095
15616530,Foran,652.0,France,36.0,6,188455.19,1.0,0.0,0.0,47031.4,1,3.6109179126442243
15632344,Jones,652.0,France,42.0,0,99045.93,2.0,1.0,0.0,47160.01,0,3.7612001156935624
15744979,Fowler,652.0,France,36.0,8,0.0,1.0,0.0,1.0,158666.99,0,3.6109179126442243
15745433,Conti,652.0,Germany,30.0,2,205770.78,2.0,0.0,0.0,65464.66,0,3.4339872044851463
15683657,Stephenson,652.0,France,31.0,0,79340.95,1.0,1.0,0.0,78255.86,0,3.4657359027997265
15718572,Willis,652.0,Germany,57.0,9,138456.03,2.0,1.0,1.0,103548.25,0,4.060443010546419
15665783,Ts'ui,652.0,France,49.0,7,0.0,2.0,1.0,1.0,89609.26,0,3.912023005428146
15652782,Chibuzo,652.0,Germany,48.0,2,101099.9,2.0,0.0,1.0,193476.04,0,3.8918202981106265
15707025,Fang,652.0,Spain,31.0,5,0.0,2.0,1.0,1.0,5199.02,0,3.4657359027997265
15647807,Wyckoff,652.0,France,40.0,8,109219.83,1.0,1.0,0.0,52827.51,0,3.713572066704308
15718281,Muir,652.0,Germany,62.0,1,123276.69,2.0,1.0,1.0,86507.88,1,4.219507705176107
15660571,Halpern,652.0,Spain,43.0,10,113034.31,1.0,1.0,1.0,100423.88,0,3.784189633918261
15727857,Flynn,652.0,Spain,41.0,1,0.0,2.0,1.0,0.0,175611.5,0,3.7376696182833684
15639252,Shao,652.0,Spain,30.0,6,129548.5,2.0,1.0,1.0,19282.85,0,3.4339872044851463
15628144,Soares,652.0,France,62.0,4,74812.84,1.0,0.0,1.0,27448.33,0,4.290459441148391
15683560,Gallo,652.0,France,40.0,7,0.0,2.0,1.0,0.0,183963.34,0,3.713572066704308
15653275,Lei,652.0,Spain,54.0,1,0.0,2.0,1.0,0.0,45113.92,1,4.007333185232471
15622182,Daniels,652.0,Germany,28.0,3,153538.13,2.0,1.0,0.0,110776.01,0,3.367295829986474
15613962,Kenechi,652.0,France,38.0,9,0.0,2.0,0.0,1.0,183042.2,0,3.6635616461296463
15618437,Singleton,652.0,Spain,34.0,10,0.0,2.0,0.0,1.0,161571.79,0,3.5553480614894135
15783338,Williams,652.0,Spain,32.0,0,155619.36,1.0,1.0,1.0,166692.03,0,3.4965075614664802
15764491,Greece,652.0,Spain,35.0,10,159693.9,2.0,1.0,1.0,71173.64,0,3.58351893845611
15712960,Olisanugo,652.0,Spain,37.0,3,171653.17,1.0,0.0,1.0,5353.12,0,3.6375861597263857
15688157,Padovano,652.0,Germany,39.0,2,47685.47,2.0,1.0,1.0,86019.48,0,3.6888794541139363
15579287,Rossi,652.0,France,35.0,4,0.0,2.0,0.0,1.0,86383.82,0,3.58351893845611
15570931,Grant,652.0,France,61.0,5,0.0,1.0,0.0,0.0,31641.52,1,4.127134385045092
15615177,Ebelegbulam,652.0,Spain,28.0,6,123692.0,1.0,1.0,1.0,70548.96,0,3.367295829986474
15809906,Mitchell,652.0,Germany,26.0,1,148853.29,2.0,1.0,1.0,24411.02,0,3.295836866004329
15652169,Buckley,652.0,France,35.0,2,133161.95,1.0,0.0,1.0,122254.86,0,3.58351893845611
15649450,Repina,652.0,Germany,24.0,6,143221.35,2.0,1.0,0.0,186035.72,0,3.2188758248682006
15777179,Ellis,652.0,France,35.0,9,0.0,2.0,0.0,1.0,73133.82,0,3.58351893845611
15803538,Douglas,652.0,Spain,56.0,1,0.0,3.0,1.0,0.0,187734.49,1,4.04305126783455
15610936,Becher,652.0,France,33.0,6,0.0,2.0,1.0,0.0,111590.35,0,3.5263605246161616
15590094,Nwachukwu,652.0,Germany,38.0,9,126265.88,2.0,0.0,0.0,15859.95,0,3.6635616461296463
15572706,Smith,652.0,France,37.0,5,0.0,1.0,1.0,0.0,61324.87,0,3.6375861597263857
15634564,Aksyonov,652.0,Spain,31.0,8,112713.34,1.0,1.0,1.0,176868.89,0,3.4657359027997265
15684296,Artyomova,652.0,France,34.0,5,141173.03,1.0,0.0,1.0,98896.06,0,3.5553480614894135
15702293,Medvedeva,652.0,Spain,35.0,7,0.0,2.0,1.0,1.0,108739.15,0,3.58351893845611
15642099,Tsui,652.0,Spain,39.0,6,0.0,2.0,1.0,0.0,12266.06,0,3.6888794541139363
15773273,Runyon,652.0,Spain,38.0,5,118866.36,1.0,1.0,1.0,163317.5,0,3.6635616461296463
15613337,Gallo,652.0,France,47.0,2,0.0,2.0,1.0,1.0,182247.77,0,3.8712010109078907
15800482,Bradshaw,652.0,Spain,33.0,7,0.0,2.0,1.0,1.0,168261.4,0,3.5263605246161616
15732644,Evans,652.0,Spain,54.0,5,92316.31,2.0,1.0,0.0,158590.66,1,4.007333185232471
15713426,Hancock,652.0,Germany,30.0,1,122185.53,1.0,1.0,0.0,102566.46,1,3.4339872044851463
15640789,Butler,652.0,France,38.0,4,123345.85,1.0,1.0,0.0,141827.83,0,3.6635616461296463
15598892,Bradshaw,652.0,France,30.0,4,73070.18,2.0,0.0,0.0,161671.15,0,3.4339872044851463
15606436,Bergamaschi,652.0,Spain,38.0,7,0.0,2.0,0.0,0.0,192013.23,0,3.6635616461296463
15751227,Ebelegbulam,652.0,France,47.0,1,95120.59,1.0,0.0,0.0,127875.1,0,3.8712010109078907
15812365,Greco,652.0,France,40.0,8,102800.65,1.0,1.0,0.0,60811.56,0,3.713572066704308
15616088,Lucas,652.0,France,62.0,7,97072.42,1.0,0.0,1.0,131177.22,0,4.2626798770413155
15803886,Barber,652.0,Spain,31.0,6,132876.55,1.0,1.0,1.0,130862.11,0,3.4657359027997265
15587311,Dobbs,652.0,Spain,33.0,6,0.0,2.0,0.0,1.0,72970.93,0,3.5263605246161616
15617401,Thomson,652.0,France,22.0,2,0.0,2.0,1.0,0.0,28123.99,0,3.1354942159291497
15775886,Su,652.0,France,36.0,3,0.0,1.0,1.0,0.0,140754.19,1,3.6109179126442243
15807305,Watkins,652.0,France,39.0,2,0.0,1.0,0.0,0.0,166650.32,0,3.6888794541139363
15761717,Ch'ien,652.0,France,26.0,10,51962.91,2.0,1.0,0.0,45507.24,0,3.295836866004329
15628008,Monds,652.0,Spain,29.0,6,98759.89,1.0,0.0,0.0,112202.64,0,3.4011973816621555
15583755,McClemans,652.0,Germany,33.0,2,156570.86,1.0,1.0,1.0,37140.2,0,3.5263605246161616
15661409,Shen,652.0,France,42.0,1,0.0,1.0,1.0,1.0,178256.58,1,3.7612001156935624
15774250,Gallo,652.0,France,42.0,1,159024.71,1.0,1.0,0.0,100982.93,1,3.7612001156935624
15681476,Foveaux,652.0,France,39.0,1,73493.17,1.0,0.0,1.0,109626.13,1,3.6888794541139363
15654870,Longo,652.0,France,45.0,8,0.0,2.0,1.0,1.0,99251.24,0,3.828641396489095
15790448,Calabresi,652.0,France,35.0,6,69617.36,1.0,1.0,0.0,143345.69,0,3.58351893845611
15785326,Randall,652.0,Spain,35.0,5,136526.26,2.0,1.0,0.0,59653.03,0,3.58351893845611
15592854,Garcia,652.0,France,25.0,3,113736.27,1.0,0.0,1.0,196864.61,0,3.258096538021482
15617486,Sullivan,652.0,France,52.0,1,106723.28,1.0,0.0,0.0,109960.4,1,3.970291913552122
15806796,Higgins,652.0,Germany,33.0,10,138847.9,1.0,1.0,1.0,127256.7,0,3.5263605246161616
15644699,Crawford,652.0,France,40.0,0,0.0,2.0,1.0,0.0,1099.95,0,3.713572066704308
15622305,Martin,652.0,Germany,33.0,2,107868.14,2.0,1.0,1.0,146192.4,0,3.5263605246161616
15608209,Currey,652.0,Germany,33.0,3,96926.12,2.0,1.0,0.0,48553.77,0,3.5263605246161616
15626898,Teng,652.0,France,30.0,7,77599.23,1.0,0.0,0.0,144407.1,0,3.4339872044851463
15644297,Austin,652.0,Germany,38.0,5,178787.54,1.0,1.0,1.0,195760.53,0,3.6635616461296463
15731569,Hudson,652.0,France,62.0,5,0.0,2.0,1.0,1.0,44827.47,0,4.406719247264253
15582149,Ts'ui,652.0,Germany,34.0,3,129668.43,2.0,1.0,1.0,88743.99,0,3.5553480614894135
15802483,Hancock,652.0,France,34.0,6,146178.13,2.0,1.0,1.0,88837.11,0,3.5553480614894135
15686999,Nicholas,652.0,France,40.0,8,0.0,2.0,1.0,0.0,62112.7,0,3.713572066704308
15772479,Napolitano,652.0,France,37.0,4,0.0,2.0,0.0,0.0,163563.07,0,3.6375861597263857
15778884,Jamieson,652.0,France,38.0,2,154763.21,2.0,1.0,1.0,174800.31,0,3.6635616461296463
15623630,Foster,652.0,Germany,56.0,3,116251.24,1.0,0.0,1.0,42429.88,1,4.04305126783455
15774316,Moretti,652.0,France,37.0,6,0.0,2.0,1.0,1.0,82647.65,0,3.6375861597263857
15695097,Chiedozie,652.0,Germany,30.0,0,100954.88,2.0,0.0,0.0,134175.15,0,3.4339872044851463
15645404,Okwukwe,652.0,France,51.0,4,124620.01,2.0,1.0,0.0,92243.94,1,3.9512437185814275
15750574,Lumholtz,652.0,Spain,34.0,4,0.0,2.0,1.0,1.0,6175.53,0,3.5553480614894135
15636812,Rose,652.0,France,40.0,9,112701.04,1.0,0.0,0.0,29213.63,0,3.713572066704308
15712068,Wan,652.0,Spain,45.0,8,84692.5,1.0,0.0,1.0,67214.02,0,3.828641396489095
15652030,De Bernales,652.0,Germany,49.0,2,108204.52,1.0,1.0,0.0,169037.84,1,3.912023005428146
15577398,Ch'eng,652.0,France,30.0,6,86449.39,1.0,1.0,1.0,188809.23,0,3.4339872044851463
15756848,Edmondson,652.0,Spain,42.0,10,0.0,1.0,0.0,1.0,79408.17,0,3.7612001156935624
15806929,Ch'ien,652.0,Germany,36.0,5,73194.99,1.0,1.0,1.0,89222.66,0,3.6109179126442243
15656005,Millar,652.0,Germany,31.0,7,124593.23,1.0,1.0,0.0,86079.67,0,3.4657359027997265
15722632,Dickson,652.0,Germany,50.0,2,119655.77,1.0,1.0,1.0,12944.17,1,3.9318256327243257
15794356,Toscani,652.0,Germany,42.0,3,121765.37,2.0,1.0,1.0,166516.84,0,3.7612001156935624
15659656,Pan,652.0,France,35.0,4,110837.73,1.0,0.0,0.0,126419.8,0,3.58351893845611
15588341,Chigozie,652.0,Spain,47.0,10,99835.17,1.0,0.0,1.0,89103.05,0,3.8712010109078907
15709142,Sagese,652.0,Germany,30.0,2,91057.37,2.0,1.0,0.0,132973.17,0,3.4339872044851463
15627042,Reilly,652.0,France,26.0,7,0.0,2.0,1.0,0.0,93122.41,0,3.295836866004329
15627517,Taylor,652.0,Spain,27.0,7,149400.27,1.0,0.0,0.0,167522.19,0,3.332204510175204
15803032,Yen,652.0,Germany,38.0,9,89111.63,1.0,0.0,0.0,157239.6,0,3.6635616461296463
15665129,Kapustin,652.0,Germany,33.0,1,132527.9,2.0,0.0,1.0,107429.71,0,3.5263605246161616
15628272,Singh,652.0,France,36.0,9,114997.42,1.0,1.0,0.0,75304.09,0,3.6109179126442243
15678206,Yeh,652.0,France,46.0,6,161798.53,1.0,1.0,0.0,182944.47,0,3.8501476017100584
15678427,Genovese,652.0,Germany,27.0,2,96129.32,2.0,1.0,1.0,5983.7,0,3.332204510175204
15678067,Boyle,652.0,Spain,45.0,3,0.0,2.0,0.0,0.0,163655.01,0,3.828641396489095
15793331,Blair,652.0,France,32.0,5,133050.97,2.0,1.0,0.0,89385.92,0,3.4965075614664802
15699532,Okagbue,652.0,France,51.0,8,120124.35,2.0,0.0,1.0,168773.54,0,3.9512437185814275
15605827,Khan,652.0,France,39.0,8,0.0,2.0,0.0,0.0,96864.36,0,3.6888794541139363
15643635,Robertson,652.0,Spain,32.0,5,133705.74,1.0,0.0,0.0,134455.84,0,3.4965075614664802
15787710,Tikhonov,652.0,Spain,39.0,9,0.0,2.0,1.0,0.0,28368.37,0,3.6888794541139363
15614137,MacDonald,652.0,France,40.0,7,0.0,2.0,1.0,0.0,103898.59,0,3.713572066704308
15754494,Ah Mouy,652.0,France,33.0,4,152805.05,1.0,1.0,0.0,63239.65,0,3.5263605246161616
15713440,Barese,652.0,Germany,21.0,1,151701.45,3.0,1.0,1.0,170138.68,1,3.091042453358316
15803479,Winter-Irving,652.0,France,62.0,1,0.0,2.0,0.0,1.0,3837.08,0,4.219507705176107
15709639,Wilson,652.0,France,22.0,5,112465.06,1.0,1.0,1.0,92977.75,0,3.1354942159291497
15601719,Fiorentino,652.0,Germany,24.0,6,156007.09,1.0,1.0,0.0,191368.37,0,3.2188758248682006
15772482,Iloerika,652.0,Germany,28.0,3,132405.52,3.0,1.0,0.0,104889.2,1,3.367295829986474
15591489,Davison,652.0,France,26.0,5,142662.68,1.0,0.0,0.0,60285.3,0,3.295836866004329
15629002,Hamilton,652.0,Germany,36.0,8,102603.3,2.0,1.0,1.0,180693.61,0,3.6109179126442243
15798053,Nnachetam,652.0,Spain,32.0,9,0.0,2.0,1.0,0.0,126475.79,0,3.4965075614664802
15753895,Blue,652.0,Spain,37.0,1,0.0,2.0,0.0,0.0,133535.99,0,3.6375861597263857
15595426,Madukwe,652.0,Spain,57.0,6,105000.85,2.0,1.0,1.0,87412.24,1,4.060443010546419
15645815,Mills,652.0,France,45.0,5,0.0,2.0,1.0,1.0,164886.64,0,3.828641396489095
15632848,Ferrari,652.0,France,36.0,1,69518.95,1.0,1.0,0.0,116238.39,0,3.6109179126442243
15703068,Nixon,652.0,Germany,41.0,8,126145.54,2.0,1.0,1.0,138051.19,0,3.7376696182833684
15791513,Manfrin,652.0,France,41.0,4,138937.35,1.0,1.0,1.0,101617.64,1,3.7376696182833684
15587210,McCartney,652.0,Germany,44.0,10,113581.98,1.0,1.0,0.0,1985.41,0,3.8066624897703196
15793803,Robinson,652.0,France,34.0,1,112572.39,1.0,0.0,0.0,165626.6,0,3.5553480614894135
15787756,Nkemdirim,652.0,Germany,51.0,10,114514.71,2.0,1.0,0.0,177784.68,1,3.9512437185814275
15723437,Sal,652.0,France,35.0,2,0.0,2.0,1.0,1.0,65765.22,0,3.58351893845611
15702715,Kao,652.0,France,34.0,10,0.0,2.0,1.0,1.0,50759.8,0,3.5553480614894135
15809872,Ikechukwu,652.0,France,32.0,2,84906.45,1.0,1.0,0.0,163216.48,0,3.4965075614664802
15644295,Hargreaves,652.0,Spain,39.0,2,126816.18,1.0,1.0,1.0,74850.93,0,3.6888794541139363
15778694,Sievier,652.0,Germany,26.0,1,105249.76,2.0,1.0,1.0,23491.09,0,3.295836866004329
15759555,Murphy,652.0,Spain,41.0,2,0.0,2.0,1.0,0.0,134272.57,0,3.7376696182833684
15631406,Munro,652.0,Germany,50.0,5,109387.9,1.0,1.0,0.0,155721.15,0,3.9318256327243257
15616676,Donnelly,652.0,Germany,23.0,3,122478.51,1.0,1.0,0.0,147230.77,1,3.1780538303479458
15771154,North,652.0,France,62.0,8,137732.23,2.0,1.0,1.0,133210.44,0,4.304065093204169
15669491,Cruz,652.0,France,46.0,2,157866.77,1.0,1.0,1.0,18986.12,0,3.8501476017100584
15697691,Sinclair,652.0,France,41.0,6,0.0,1.0,1.0,1.0,100507.81,0,3.7376696182833684
15665180,Vasiliev,652.0,France,31.0,3,136789.14,1.0,1.0,0.0,59346.4,1,3.4657359027997265
15752588,Vasilyeva,652.0,France,36.0,1,0.0,2.0,1.0,1.0,95372.64,0,3.6109179126442243
15743051,Hamilton,652.0,France,30.0,10,144684.03,1.0,1.0,1.0,31805.49,0,3.4339872044851463
15571873,Sung,652.0,France,24.0,9,107065.31,1.0,1.0,1.0,51959.82,0,3.2188758248682006
15679743,Genovesi,652.0,France,33.0,8,91301.72,1.0,0.0,1.0,130824.57,0,3.5263605246161616
15769412,Atkinson,652.0,Spain,39.0,4,207034.96,2.0,0.0,0.0,157694.76,1,3.6888794541139363
15775124,Watterston,652.0,Spain,37.0,8,0.0,2.0,1.0,1.0,933.38,0,3.6375861597263857
15732113,Butters,652.0,Spain,50.0,8,0.0,1.0,0.0,1.0,2560.11,0,3.9318256327243257
15578141,Chien,652.0,Spain,38.0,3,0.0,1.0,1.0,1.0,12905.89,1,3.6635616461296463
15595874,Gorbunova,652.0,Spain,36.0,6,0.0,2.0,1.0,0.0,176692.87,0,3.6109179126442243
15755642,Bulgakov,652.0,France,34.0,5,0.0,2.0,1.0,1.0,102908.63,0,3.5553480614894135
15576526,Steele,652.0,Spain,36.0,6,0.0,2.0,0.0,1.0,41291.05,0,3.6109179126442243
15792489,Polyakova,652.0,Spain,42.0,9,0.0,2.0,1.0,0.0,119127.06,0,3.7612001156935624
15733705,Bull,652.0,France,30.0,8,92472.1,2.0,0.0,1.0,126434.61,0,3.4339872044851463
15807221,Weaver,652.0,Spain,21.0,1,0.0,2.0,0.0,0.0,103901.35,0,3.091042453358316
15573045,Earl,652.0,France,62.0,10,127738.75,2.0,1.0,1.0,85153.0,0,4.143134726391533
15756824,Giordano,652.0,Germany,50.0,5,101242.98,2.0,1.0,0.0,12493.61,0,3.9318256327243257
15773520,Begg,652.0,France,43.0,4,92599.55,2.0,1.0,1.0,167336.78,0,3.784189633918261
15627439,Pickering,652.0,Spain,36.0,10,0.0,2.0,0.0,1.0,186180.42,0,3.6109179126442243
15701439,Fanucci,652.0,Spain,50.0,1,0.0,3.5,1.0,0.0,88566.9,1,3.9318256327243257
15785352,Chang,652.0,France,37.0,6,82373.94,1.0,0.0,0.0,172526.9,1,3.6375861597263857
15616525,Sopuluchi,652.0,Spain,31.0,4,141356.47,1.0,0.0,0.0,137985.69,0,3.4657359027997265
15717489,Martin,652.0,France,23.0,9,0.0,1.0,1.0,0.0,19793.73,1,3.1780538303479458
15795737,McNaughtan,652.0,Spain,47.0,3,72664.0,2.0,1.0,1.0,107874.39,0,3.8712010109078907
15693877,Stewart,652.0,France,47.0,3,123365.34,2.0,0.0,0.0,171995.34,0,3.8712010109078907
15576111,Reagan,652.0,Germany,33.0,5,121898.58,1.0,1.0,0.0,61829.89,0,3.5263605246161616
15595713,Heller,652.0,Spain,33.0,6,0.0,1.0,1.0,1.0,31728.35,0,3.5263605246161616
15808868,Nwokeocha,652.0,France,31.0,3,103696.97,3.0,0.0,0.0,155221.05,1,3.4657359027997265
15708193,Liu,652.0,France,33.0,2,0.0,2.0,0.0,0.0,130866.95,0,3.5263605246161616
15697801,Sokolova,652.0,Germany,56.0,1,74129.18,2.0,1.0,1.0,62199.78,1,4.04305126783455
15770121,Bancroft,652.0,France,34.0,9,0.0,1.0,1.0,0.0,24255.21,0,3.5553480614894135
15800524,Nnanna,652.0,Germany,29.0,3,185379.02,1.0,1.0,0.0,64679.07,0,3.4011973816621555
15686236,Trevisani,652.0,Germany,47.0,1,118087.68,1.0,1.0,0.0,88120.78,1,3.8712010109078907
15659807,Nwachinemelu,652.0,Spain,41.0,8,109402.13,1.0,1.0,1.0,66463.62,0,3.7376696182833684
15736078,Ting,652.0,Germany,33.0,7,130367.87,1.0,1.0,0.0,15142.1,1,3.5263605246161616
15620836,Lo Duca,652.0,Germany,34.0,2,108410.87,2.0,1.0,0.0,102908.91,0,3.5553480614894135
15698184,Marshall,652.0,France,50.0,2,90408.16,2.0,0.0,0.0,48170.57,0,3.9318256327243257
15717643,Band,652.0,France,34.0,6,90425.15,2.0,1.0,1.0,11597.69,0,3.5553480614894135
15776596,Ferri,652.0,Spain,39.0,6,140094.59,1.0,1.0,0.0,172450.04,1,3.6888794541139363
15814757,Carter,652.0,Spain,31.0,9,0.0,2.0,0.0,1.0,184061.17,0,3.4657359027997265
15812607,Wilson,652.0,Germany,46.0,6,95439.4,1.0,1.0,1.0,21038.58,1,3.8501476017100584
15663888,Connor,652.0,Germany,34.0,6,204017.4,2.0,1.0,0.0,109538.35,0,3.5553480614894135
15748882,Reid,652.0,Spain,29.0,9,0.0,2.0,1.0,0.0,129192.55,0,3.4011973816621555
15690829,Sandefur,652.0,Germany,49.0,3,137115.16,1.0,1.0,0.0,146516.86,1,3.912023005428146
15695819,Bidwill,652.0,Germany,43.0,5,134740.19,2.0,1.0,0.0,181430.91,0,3.784189633918261
15696834,Cone,652.0,France,29.0,5,0.0,2.0,0.0,0.0,121451.21,0,3.4011973816621555
15797710,Saunders,652.0,Germany,29.0,4,98955.87,1.0,0.0,1.0,131712.51,0,3.4011973816621555
15700654,Liardet,652.0,Germany,44.0,9,49157.09,2.0,1.0,0.0,53294.17,0,3.8066624897703196
15583764,Wilkes,652.0,Germany,31.0,1,130240.33,1.0,0.0,0.0,96546.55,0,3.4657359027997265
15688849,Martin,652.0,France,48.0,1,108019.27,3.0,1.0,1.0,184524.65,1,3.8918202981106265
15661473,Boni,652.0,Germany,51.0,4,126725.25,1.0,1.0,0.0,195259.31,1,3.9512437185814275
15601030,Patel,652.0,Germany,34.0,5,96693.66,1.0,1.0,1.0,172618.52,0,3.5553480614894135
15789557,Howell-Price,652.0,Germany,27.0,7,129810.6,1.0,1.0,1.0,59259.44,0,3.332204510175204
15745250,Simpson,652.0,France,58.0,8,156652.13,1.0,0.0,0.0,25899.21,1,4.07753744390572
15590349,Rowland,652.0,France,36.0,9,0.0,1.0,0.0,0.0,3749.0,1,3.6109179126442243
15741693,Barnard,652.0,France,40.0,4,130661.96,1.0,1.0,1.0,101918.96,0,3.713572066704308
15618446,Nnonso,652.0,France,50.0,8,0.0,2.0,1.0,1.0,57802.62,0,3.9318256327243257
15766552,Rossi,652.0,France,37.0,6,0.0,2.0,0.0,0.0,142454.77,0,3.6375861597263857
15668775,Pendred,652.0,France,47.0,3,130747.1,1.0,1.0,0.0,143829.54,0,3.8712010109078907
15757895,Martin,652.0,Germany,30.0,6,106629.49,1.0,0.0,1.0,44114.88,0,3.4339872044851463
15774551,K?,652.0,Spain,36.0,3,112029.83,1.0,1.0,1.0,186948.35,0,3.6109179126442243
15684011,Miller,652.0,Germany,29.0,7,130575.26,1.0,0.0,1.0,173629.78,0,3.4011973816621555
15736146,Afamefula,652.0,Germany,28.0,4,96679.71,1.0,1.0,1.0,49133.45,0,3.367295829986474
15656286,Sims,652.0,France,33.0,0,0.0,2.0,0.0,0.0,178122.71,0,3.5263605246161616
15774847,Knight,652.0,France,50.0,6,171740.69,1.0,0.0,0.0,20893.61,0,3.9318256327243257
15619340,Obijiaku,652.0,Spain,38.0,1,0.0,2.0,1.0,0.0,41303.29,0,3.6635616461296463
15815656,Hopkins,652.0,Germany,39.0,9,100116.67,1.0,1.0,1.0,199808.1,1,3.6888794541139363
15623357,Onio,652.0,Germany,24.0,2,120596.93,1.0,0.0,1.0,180490.53,0,3.2188758248682006
15601324,Black,652.0,France,48.0,1,0.0,2.0,1.0,1.0,87400.53,0,3.8918202981106265
15715510,Eluemuno,652.0,France,29.0,2,95984.69,2.0,1.0,1.0,73686.75,0,3.4011973816621555
15663770,Doyle,652.0,France,38.0,1,142557.11,1.0,1.0,1.0,172497.73,0,3.6635616461296463
15779267,Onyemere,652.0,France,47.0,5,0.0,2.0,1.0,0.0,89286.29,0,3.8712010109078907
15597957,Rahman,652.0,Spain,62.0,2,0.0,2.0,0.0,1.0,180082.7,0,4.204692619390966
15584620,Su,652.0,Germany,36.0,6,143644.16,1.0,1.0,0.0,22102.25,1,3.6109179126442243
15750772,Walker,652.0,France,38.0,6,132129.72,1.0,0.0,1.0,76068.95,0,3.6635616461296463
15706557,Ferguson,652.0,France,52.0,0,0.0,2.0,1.0,0.0,32159.46,1,3.970291913552122
15594391,Samaniego,652.0,France,62.0,2,183555.24,1.0,0.0,0.0,159557.28,1,4.23410650459726
15661656,Onwumelu,652.0,France,38.0,2,91902.56,2.0,1.0,1.0,107673.35,0,3.6635616461296463
15631217,Young,652.0,France,40.0,6,156218.19,1.0,0.0,1.0,33607.72,0,3.713572066704308
15588955,Mazzi,652.0,Germany,43.0,5,93259.57,3.0,1.0,0.0,141035.65,1,3.784189633918261
15758252,Toscano,652.0,Germany,45.0,2,168085.38,2.0,0.0,1.0,115719.08,0,3.828641396489095
15740223,Walton,652.0,Germany,51.0,1,107714.74,3.0,1.0,0.0,86128.21,1,3.9512437185814275
15805413,Chiang,652.0,France,31.0,6,117852.26,2.0,1.0,0.0,147668.64,0,3.4657359027997265
15635116,Burgos,652.0,Spain,60.0,2,0.0,1.0,1.0,0.0,177480.45,1,4.110873864173311
15764892,Spinelli,652.0,Spain,51.0,10,84474.62,2.0,1.0,1.0,190937.09,0,3.9512437185814275
15795936,Lung,652.0,France,50.0,3,0.0,2.0,1.0,0.0,84531.79,0,3.9318256327243257
15655232,Noble,652.0,Germany,35.0,6,126803.34,2.0,1.0,1.0,161133.4,0,3.58351893845611
15640133,Pai,652.0,France,34.0,0,0.0,2.0,1.0,0.0,185555.63,0,3.5553480614894135
15751524,Chigozie,652.0,Germany,36.0,10,68806.84,1.0,1.0,0.0,33075.24,0,3.6109179126442243
15670552,Peavy,652.0,France,31.0,3,115141.18,1.0,1.0,0.0,39806.75,0,3.4657359027997265
15623966,Yermakov,652.0,France,35.0,2,0.0,2.0,0.0,1.0,26389.92,0,3.58351893845611
15752193,Burton,652.0,Spain,34.0,6,90723.36,1.0,1.0,1.0,12162.76,0,3.5553480614894135
15607269,Costa,652.0,Germany,49.0,2,151249.45,2.0,1.0,1.0,167237.94,0,3.912023005428146
15700752,Pugliesi,652.0,France,32.0,6,0.0,2.0,1.0,1.0,52067.37,0,3.4965075614664802
15777901,Lindell,652.0,Germany,43.0,9,94752.49,1.0,1.0,0.0,184006.36,1,3.784189633918261
15639117,Sorenson,652.0,Spain,34.0,6,0.0,1.0,1.0,0.0,582.59,1,3.5553480614894135
15720203,Arcuri,652.0,Spain,28.0,7,0.0,1.0,1.0,0.0,143274.41,0,3.367295829986474
15586236,Banks,652.0,France,31.0,5,132084.66,3.0,1.0,1.0,54474.48,1,3.4657359027997265
15676645,Parry,652.0,France,45.0,5,0.0,2.0,1.0,1.0,121428.2,0,3.828641396489095
15715988,Cockett,652.0,France,35.0,2,0.0,2.0,1.0,1.0,79704.12,0,3.58351893845611
15603749,Galkina,652.0,France,53.0,2,45472.28,1.0,1.0,1.0,41055.71,1,3.9889840465642745
15608956,Su,652.0,France,33.0,1,0.0,1.0,0.0,0.0,41590.4,0,3.5263605246161616
15733872,Marino,652.0,Germany,33.0,10,130229.71,2.0,0.0,0.0,54019.93,1,3.5263605246161616
15666982,Spears,652.0,Germany,38.0,9,123948.85,1.0,1.0,0.0,76053.07,0,3.6635616461296463
15602647,Cunningham,652.0,Germany,39.0,6,127415.85,1.0,1.0,1.0,184977.2,1,3.6888794541139363
15623063,Taylor,652.0,Germany,35.0,8,110067.71,1.0,1.0,0.0,127678.95,1,3.58351893845611
15682928,Chiazagomekpere,652.0,Spain,39.0,4,65521.2,1.0,1.0,1.0,1243.97,0,3.6888794541139363
15729246,Hardacre,652.0,Spain,31.0,5,0.0,2.0,1.0,1.0,76326.67,0,3.4657359027997265
15588928,Maslow,652.0,France,47.0,5,0.0,2.0,1.0,1.0,145338.61,0,3.8712010109078907
15803352,Scott,652.0,Germany,33.0,3,155736.42,2.0,1.0,1.0,57751.21,0,3.5263605246161616
15607485,Wakelin,652.0,Spain,29.0,4,0.0,2.0,0.0,0.0,138880.24,0,3.4011973816621555
15656249,Esposito,652.0,France,34.0,3,118307.57,2.0,1.0,1.0,136120.29,0,3.5553480614894135
15761783,Shah,652.0,France,41.0,6,0.0,1.0,1.0,1.0,167621.18,0,3.7376696182833684
15716605,Chukwufumnanya,652.0,Germany,24.0,7,103099.17,2.0,1.0,0.0,173276.62,0,3.2188758248682006
15757425,Fleming,652.0,France,38.0,1,0.0,2.0,1.0,1.0,99661.46,0,3.6635616461296463
15603096,Lori,652.0,France,33.0,6,125789.69,1.0,0.0,0.0,66333.56,1,3.5263605246161616
15588580,Kennedy,652.0,Germany,36.0,4,109646.83,1.0,1.0,1.0,70240.79,0,3.6109179126442243
15770539,Walters,652.0,France,30.0,1,127187.86,1.0,1.0,1.0,113553.42,0,3.4339872044851463
15572022,Han,652.0,France,36.0,6,0.0,1.0,0.0,1.0,690.84,0,3.6109179126442243
15571843,Lawrence,652.0,Spain,24.0,1,0.0,1.0,1.0,0.0,98802.76,0,3.2188758248682006
15752502,Cooke,652.0,France,41.0,4,130385.82,1.0,0.0,1.0,130661.95,0,3.7376696182833684
15609058,Wan,652.0,France,23.0,1,107787.47,1.0,0.0,1.0,116378.82,0,3.1780538303479458
15775108,Lo Duca,652.0,France,34.0,1,99325.04,2.0,0.0,1.0,186052.15,0,3.5553480614894135
15708904,Yermakova,652.0,France,37.0,9,0.0,1.0,0.0,0.0,100101.06,0,3.6375861597263857
15600086,Combs,652.0,France,48.0,7,123764.95,1.0,1.0,1.0,169952.82,0,3.8918202981106265
15814675,Chien,652.0,Germany,39.0,8,128264.03,1.0,1.0,0.0,61792.76,1,3.6888794541139363
15572777,Meng,652.0,Spain,47.0,7,86006.21,1.0,1.0,1.0,37973.13,0,3.8712010109078907
15585106,Calabresi,652.0,Germany,38.0,8,57068.43,2.0,1.0,0.0,188974.81,0,3.6635616461296463
15738936,Stevenson,652.0,Germany,29.0,5,103607.24,2.0,0.0,1.0,86334.64,0,3.4011973816621555
15750970,Davidson,652.0,Spain,40.0,1,99004.24,1.0,1.0,1.0,152845.99,0,3.713572066704308
15725772,Ch'in,652.0,Spain,36.0,2,0.0,2.0,1.0,1.0,146652.11,0,3.6109179126442243
15692106,Rose,652.0,Spain,25.0,3,147386.72,3.0,1.0,0.0,45482.04,1,3.258096538021482
15791533,Ch'ien,652.0,Spain,42.0,6,93608.28,1.0,1.0,0.0,168816.73,1,3.7612001156935624
15715715,Artyomova,652.0,Spain,38.0,2,0.0,2.0,1.0,1.0,59297.34,0,3.6635616461296463
15785576,Mayrhofer,652.0,Germany,62.0,9,119496.87,1.0,1.0,0.0,125848.88,0,4.276666119016055
15798834,Yefremov,652.0,Spain,32.0,7,0.0,1.0,0.0,0.0,76264.27,0,3.4965075614664802
15744127,Kosovich,652.0,France,37.0,2,0.0,2.0,1.0,0.0,3939.87,0,3.6375861597263857
15637427,Lu,652.0,Spain,25.0,6,0.0,2.0,1.0,1.0,15306.29,0,3.258096538021482
15576990,Taplin,652.0,Germany,25.0,5,152885.77,1.0,1.0,0.0,58214.79,0,3.258096538021482
15615352,Ebelechukwu,652.0,France,31.0,4,99607.37,2.0,0.0,1.0,35877.03,0,3.4657359027997265
15647333,Fleming,652.0,France,27.0,4,137003.68,1.0,1.0,0.0,21254.06,0,3.332204510175204
15572050,Yefimov,652.0,Germany,48.0,3,122831.58,1.0,1.0,1.0,24533.89,1,3.8918202981106265
15581370,Andreyeva,652.0,Spain,38.0,2,99811.44,2.0,1.0,0.0,23531.5,0,3.6635616461296463
15813503,Pickering,652.0,Spain,37.0,8,154712.58,2.0,1.0,0.0,89099.18,0,3.6375861597263857
15769783,Allan,652.0,Spain,37.0,8,0.0,1.0,1.0,1.0,807.06,0,3.6375861597263857
15793135,Wang,652.0,Germany,24.0,7,147687.24,1.0,1.0,1.0,121592.5,0,3.2188758248682006
15599182,Reynolds,652.0,Spain,33.0,2,0.0,2.0,1.0,1.0,4700.66,0,3.5263605246161616
15689517,Hales,652.0,France,27.0,3,127009.83,1.0,1.0,0.0,161909.95,0,3.332204510175204
15641366,Y?an,652.0,Germany,61.0,1,124737.96,1.0,0.0,1.0,90389.61,1,4.127134385045092
15588859,Rowley,652.0,Spain,44.0,0,179356.28,2.0,1.0,0.0,2919.21,1,3.8066624897703196
15732293,Chia,652.0,Spain,31.0,8,0.0,2.0,1.0,1.0,99086.74,0,3.4657359027997265
15568032,Moore,652.0,Germany,31.0,1,127320.36,3.0,1.0,0.0,163170.32,0,3.4657359027997265
15623525,Copeland,652.0,Spain,31.0,0,125175.58,1.0,1.0,1.0,72757.33,0,3.4657359027997265
15606601,Rishel,652.0,France,22.0,6,186788.96,2.0,1.0,0.0,73286.8,0,3.1354942159291497
15800811,Wan,652.0,France,40.0,3,148556.74,1.0,0.0,1.0,146056.29,0,3.713572066704308
15610711,Eluemuno,652.0,Germany,40.0,8,128644.46,1.0,0.0,0.0,167673.37,0,3.713572066704308
15809654,Hsia,652.0,France,46.0,7,127476.73,2.0,1.0,1.0,146011.55,0,3.8501476017100584
15576077,Kelly,652.0,France,27.0,9,159561.93,1.0,0.0,1.0,103381.47,0,3.332204510175204
15643378,Muir,652.0,France,42.0,1,112419.92,1.0,1.0,1.0,83022.92,0,3.7612001156935624
15566790,McIntyre,652.0,France,28.0,8,129991.76,2.0,0.0,1.0,46041.08,0,3.367295829986474
15774402,Donaldson,652.0,Spain,36.0,5,0.0,1.0,0.0,1.0,182843.24,0,3.6109179126442243
15694641,Wright,652.0,Spain,59.0,2,0.0,2.0,1.0,1.0,171364.18,0,4.0943445622221
15605916,Uvarova,652.0,France,50.0,3,0.0,1.0,1.0,0.0,183399.12,1,3.9318256327243257
15812356,Doherty,652.0,Germany,40.0,6,89175.06,2.0,0.0,1.0,152883.95,0,3.713572066704308
15644179,Allen,652.0,France,39.0,3,0.0,2.0,1.0,0.0,50560.45,1,3.6888794541139363
15771674,Ma,652.0,Spain,39.0,5,162390.52,2.0,1.0,0.0,54702.66,0,3.6888794541139363
15623314,Tucker,652.0,Germany,59.0,3,190353.08,1.0,1.0,0.0,78365.75,0,4.0943445622221
15613292,Ch'eng,652.0,France,21.0,8,0.0,2.0,1.0,0.0,68666.63,0,3.091042453358316
15813871,Hs?,652.0,France,47.0,2,0.0,2.0,1.0,0.0,151375.73,0,3.8712010109078907
15759480,H?,652.0,France,40.0,10,139180.97,1.0,1.0,1.0,19959.67,0,3.713572066704308
15587712,Chimaijem,652.0,France,36.0,8,114435.47,1.0,1.0,0.0,26955.72,0,3.6109179126442243
15671165,Esomchi,652.0,France,62.0,5,149950.19,1.0,1.0,1.0,76267.59,0,4.204692619390966
15620746,Lorenzo,652.0,France,42.0,4,126115.6,1.0,1.0,0.0,100998.5,0,3.7612001156935624
15706537,Pirogov,652.0,Germany,59.0,7,111396.97,1.0,0.0,1.0,191070.01,0,4.0943445622221
15589312,Larkin,652.0,France,30.0,3,115007.08,1.0,0.0,0.0,176858.5,0,3.4339872044851463
15741180,Eddy,652.0,France,54.0,6,102141.9,1.0,1.0,1.0,45325.26,0,4.007333185232471
15733888,Sells,652.0,Spain,36.0,3,133686.52,1.0,1.0,0.0,190958.48,1,3.6109179126442243
15798532,Crawford,652.0,France,32.0,9,120879.73,2.0,0.0,1.0,78896.59,0,3.4965075614664802
15577359,Bezrukov,652.0,Spain,47.0,5,0.0,1.0,1.0,0.0,121964.46,1,3.8712010109078907
15614936,Mancini,652.0,Spain,49.0,10,82321.88,1.0,0.0,1.0,11144.4,0,3.912023005428146
15747647,Iadanza,652.0,Spain,27.0,4,0.0,2.0,1.0,0.0,144181.48,0,3.332204510175204
15588566,Wilkinson,652.0,Spain,33.0,5,116474.28,2.0,1.0,1.0,32757.55,0,3.5263605246161616
15570141,P'eng,652.0,France,34.0,3,132352.69,1.0,1.0,0.0,80320.3,0,3.5553480614894135
15800793,St Clair,652.0,Germany,39.0,4,182491.57,1.0,1.0,0.0,185830.72,0,3.6888794541139363
15572415,Preston,652.0,France,34.0,6,0.0,2.0,1.0,1.0,160095.31,0,3.5553480614894135
15635125,Findlay,652.0,Spain,62.0,2,120787.18,2.0,1.0,1.0,52198.84,0,4.1588830833596715
15636551,Nixon,652.0,France,29.0,3,130181.47,2.0,1.0,0.0,31811.44,0,3.4011973816621555
15600912,Gorshkov,652.0,Germany,32.0,5,88348.43,2.0,1.0,1.0,104181.78,0,3.4965075614664802
15768476,Chukwubuikem,652.0,Spain,31.0,6,0.0,2.0,1.0,1.0,67667.19,0,3.4657359027997265
15650266,Medvedeva,652.0,Germany,39.0,2,146186.28,2.0,1.0,1.0,193974.47,0,3.6888794541139363
15621004,Chukwuhaenye,652.0,France,32.0,7,0.0,1.0,1.0,0.0,198055.94,1,3.4965075614664802
15748352,Endrizzi,652.0,Spain,34.0,0,104488.17,1.0,0.0,1.0,43249.67,0,3.5553480614894135
15788920,Ch'ang,652.0,Germany,32.0,4,109196.67,2.0,1.0,0.0,55218.02,0,3.4965075614664802
15743236,Piccio,652.0,France,61.0,7,80538.56,1.0,1.0,0.0,131305.37,1,4.127134385045092
15637717,Lockington,652.0,Germany,41.0,4,109026.8,2.0,1.0,1.0,43117.1,0,3.7376696182833684
15635500,Seleznyov,652.0,Germany,62.0,2,61319.63,1.0,0.0,1.0,186655.11,0,4.330733340286331
15634792,Weston,652.0,France,40.0,9,0.0,2.0,0.0,1.0,33266.29,0,3.713572066704308
15607560,Groom,652.0,France,39.0,2,0.0,2.0,1.0,1.0,555.28,0,3.6888794541139363
15727177,Manfrin,652.0,France,42.0,6,177822.03,1.0,1.0,0.0,150944.31,1,3.7612001156935624
15774358,Robertson,652.0,Germany,59.0,4,110939.3,1.0,1.0,0.0,72846.58,1,4.0943445622221
15791304,Ch'ang,652.0,Germany,25.0,7,165413.43,1.0,1.0,1.0,35279.74,0,3.258096538021482
15603328,Lucchesi,652.0,France,27.0,1,77805.66,1.0,1.0,1.0,2101.89,0,3.332204510175204
15804937,Cambage,652.0,France,50.0,3,0.0,2.0,0.0,0.0,94949.84,0,3.9318256327243257
15804142,Tan,652.0,Spain,57.0,3,175575.95,2.0,1.0,0.0,99061.75,1,4.060443010546419
15608845,Tao,652.0,Spain,38.0,3,124197.22,1.0,1.0,0.0,74692.06,0,3.6635616461296463
15702434,Hsieh,652.0,France,30.0,3,0.0,2.0,1.0,0.0,116692.8,0,3.4339872044851463
15632609,Burdekin,652.0,France,39.0,10,160132.75,1.0,1.0,0.0,32824.15,0,3.6888794541139363
15603550,Longo,652.0,Germany,37.0,7,70258.88,2.0,1.0,0.0,139607.61,0,3.6375861597263857
15755239,Maughan,652.0,Germany,32.0,4,162657.64,2.0,1.0,1.0,115525.13,0,3.4965075614664802
15670528,Franz,652.0,Germany,43.0,0,132217.45,1.0,1.0,0.0,20955.03,1,3.784189633918261
15732704,Piazza,652.0,Spain,25.0,9,148042.97,2.0,1.0,0.0,52341.15,0,3.258096538021482
15589019,Morant,652.0,Spain,33.0,4,92855.02,1.0,1.0,1.0,159813.18,0,3.5263605246161616
15677796,Becher,652.0,Germany,47.0,9,129289.98,1.0,1.0,0.0,169935.46,1,3.8712010109078907
15760177,Lombardi,652.0,Spain,37.0,9,100252.18,1.0,1.0,1.0,146033.52,0,3.6375861597263857
15636595,Loton,652.0,Spain,37.0,3,107592.89,2.0,0.0,1.0,153122.73,0,3.6375861597263857
15737275,Conti,652.0,France,39.0,3,113096.41,1.0,1.0,1.0,60335.24,0,3.6888794541139363
15672905,Sani,652.0,Spain,40.0,7,0.0,2.0,1.0,1.0,163757.29,0,3.713572066704308
15753955,Lori,652.0,Spain,34.0,7,149940.04,2.0,0.0,0.0,156648.81,0,3.5553480614894135
15708504,Wong,652.0,Germany,50.0,8,121438.58,1.0,1.0,1.0,176471.78,1,3.9318256327243257
15592451,Lombardi,652.0,France,32.0,9,0.0,2.0,1.0,0.0,5388.3,0,3.4965075614664802
15790455,Obialo,652.0,France,50.0,2,0.0,1.0,0.0,1.0,93332.64,1,3.9318256327243257
15572174,Mazzi,652.0,France,29.0,3,148874.01,2.0,0.0,1.0,71192.82,0,3.4011973816621555
15656330,Von Doussa,652.0,Spain,32.0,0,68138.37,1.0,1.0,1.0,170309.19,0,3.4965075614664802
15569626,Miller,652.0,Spain,35.0,5,110080.3,1.0,1.0,1.0,109794.31,0,3.58351893845611
15608726,Miracle,652.0,France,24.0,7,0.0,2.0,1.0,1.0,166310.82,0,3.2188758248682006
15637366,Su,652.0,Germany,25.0,5,114268.85,2.0,1.0,1.0,126728.27,0,3.258096538021482
15778049,Wyatt,652.0,Germany,29.0,6,117412.35,1.0,0.0,0.0,30338.94,0,3.4011973816621555
15727421,Anayolisa,652.0,France,38.0,6,0.0,2.0,1.0,1.0,37935.83,0,3.6635616461296463
15688865,Wade,652.0,France,35.0,9,0.0,2.0,0.0,0.0,25329.48,0,3.58351893845611
15751032,Enemuo,652.0,Germany,37.0,1,35549.81,2.0,0.0,0.0,49676.33,0,3.6375861597263857
15734737,Bruno,652.0,France,56.0,9,0.0,2.0,1.0,1.0,169498.61,0,4.04305126783455
15746515,Greece,652.0,France,36.0,7,136492.92,3.0,1.0,1.0,26500.29,1,3.6109179126442243
15664311,Yang,652.0,Germany,28.0,3,123675.69,1.0,1.0,1.0,166458.41,0,3.367295829986474
15708139,Brown,652.0,France,40.0,1,139532.34,1.0,1.0,0.0,181294.39,0,3.713572066704308
15768574,Anderson,652.0,Spain,58.0,1,178713.98,1.0,1.0,1.0,21768.21,0,4.07753744390572
15738018,Johnston,652.0,France,40.0,5,0.0,2.0,0.0,0.0,72849.29,0,3.713572066704308
15699753,Zakharov,652.0,France,41.0,1,89086.31,1.0,1.0,0.0,24499.97,0,3.7376696182833684
15703199,Golibe,652.0,Spain,38.0,3,96143.47,1.0,0.0,0.0,98994.92,0,3.6635616461296463
15627830,Nikitina,652.0,Germany,30.0,5,32197.64,1.0,0.0,1.0,141446.01,0,3.4339872044851463
15570855,Leonard,652.0,France,38.0,7,0.0,2.0,1.0,1.0,77864.41,0,3.6635616461296463
15772503,Burns,652.0,France,33.0,4,0.0,2.0,1.0,0.0,115115.32,0,3.5263605246161616
15584453,Burtch,652.0,Spain,32.0,10,0.0,2.0,0.0,1.0,168605.96,0,3.4965075614664802
15710111,Clark,652.0,France,33.0,6,0.0,2.0,0.0,0.0,38550.4,0,3.5263605246161616
15618562,Woodward,652.0,Germany,40.0,0,140306.38,1.0,1.0,0.0,160618.61,1,3.713572066704308
15706764,Spencer,652.0,France,35.0,1,0.0,2.0,1.0,0.0,3701.63,0,3.58351893845611
15798737,Chao,652.0,France,38.0,8,0.0,2.0,1.0,0.0,88659.44,0,3.6635616461296463
15712608,Costa,652.0,Germany,42.0,2,74483.97,2.0,0.0,1.0,44273.91,0,3.7612001156935624
15636736,McLachlan,652.0,France,53.0,7,0.0,2.0,0.0,1.0,156495.39,1,3.9889840465642745
15703544,Hung,652.0,Spain,34.0,0,0.0,1.0,1.0,0.0,182988.94,0,3.5553480614894135
15815645,Akhtar,652.0,France,37.0,8,152303.66,2.0,1.0,1.0,175082.2,0,3.6375861597263857
15705739,Toscani,652.0,Germany,32.0,5,159904.79,1.0,1.0,0.0,148811.14,0,3.4965075614664802
15709643,Gray,652.0,France,32.0,1,0.0,3.0,1.0,0.0,85901.09,0,3.4965075614664802
15669805,Warren,652.0,Germany,31.0,1,99557.94,1.0,1.0,0.0,199255.32,0,3.4657359027997265
15737489,Ramsden,652.0,Spain,46.0,5,116886.59,1.0,0.0,0.0,107973.44,0,3.8501476017100584
15775131,Bartlett,652.0,Spain,32.0,9,142188.2,2.0,0.0,1.0,128028.6,0,3.4965075614664802
15765283,Wenz,652.0,Germany,40.0,3,149961.99,2.0,1.0,0.0,104610.86,0,3.713572066704308
15628715,Kisch,652.0,France,36.0,8,0.0,2.0,1.0,1.0,69676.55,0,3.6109179126442243
15813283,Mai,652.0,France,34.0,2,0.0,1.0,0.0,0.0,35982.42,0,3.5553480614894135
15745716,McGregor,652.0,Spain,53.0,7,0.0,2.0,0.0,1.0,117939.17,0,3.9889840465642745
15598485,Pinto,652.0,Spain,40.0,8,28649.64,1.0,1.0,1.0,95140.62,0,3.713572066704308
15696552,Newman,652.0,France,21.0,4,81025.6,2.0,1.0,0.0,167682.57,0,3.091042453358316
15754569,Pagnotto,652.0,France,57.0,1,0.0,2.0,1.0,1.0,56562.57,0,4.060443010546419
15701741,Williams,652.0,France,39.0,3,152462.79,1.0,1.0,0.0,90305.97,0,3.6888794541139363
15572631,Ndubuisi,652.0,France,25.0,10,0.0,1.0,0.0,1.0,109895.16,0,3.258096538021482
15636069,Plummer,652.0,Spain,28.0,7,155519.59,1.0,1.0,0.0,1843.24,0,3.367295829986474
15682467,Chimezie,652.0,France,36.0,1,118851.05,1.0,1.0,1.0,102747.02,0,3.6109179126442243
15790744,Nash,652.0,France,34.0,9,92899.27,2.0,1.0,0.0,97465.89,0,3.5553480614894135
15625023,Onochie,652.0,France,40.0,4,0.0,1.0,0.0,1.0,105352.55,0,3.713572066704308
15731267,Rizzo,652.0,France,37.0,4,75263.7,1.0,1.0,0.0,85801.77,0,3.6375861597263857
15742879,Boni,652.0,Spain,38.0,1,147904.31,1.0,1.0,1.0,69370.05,0,3.6635616461296463
15757015,Davies,652.0,Germany,41.0,5,106640.5,1.0,1.0,0.0,176945.96,0,3.7376696182833684
15770711,Lu,652.0,Germany,28.0,4,90696.78,1.0,0.0,1.0,21597.2,0,3.367295829986474
15569430,Burrows,652.0,Spain,36.0,2,175509.8,2.0,1.0,0.0,152039.67,0,3.6109179126442243
15617304,Ershova,652.0,France,40.0,6,0.0,2.0,1.0,1.0,111893.09,0,3.713572066704308
15704466,Udokamma,652.0,France,34.0,7,0.0,2.0,1.0,0.0,195074.62,0,3.5553480614894135
15664681,Aitken,652.0,France,35.0,2,114321.28,2.0,0.0,0.0,15959.01,0,3.58351893845611
15605534,Turnbull,652.0,Germany,51.0,4,95560.04,1.0,0.0,0.0,72628.84,1,3.9512437185814275
15792473,Reilly,652.0,Germany,50.0,5,88379.81,3.0,0.0,1.0,64157.24,1,3.9318256327243257
15802625,Hardy,652.0,Germany,48.0,7,85915.52,1.0,1.0,1.0,23860.5,0,3.8918202981106265
15766017,Brookman,652.0,Germany,58.0,3,72309.3,1.0,1.0,1.0,85687.09,1,4.07753744390572
15762172,Kerr,652.0,France,39.0,2,0.0,2.0,1.0,0.0,179451.42,0,3.6888794541139363
15728333,McBurney,652.0,France,43.0,8,0.0,1.0,1.0,1.0,93180.09,0,3.784189633918261
15792868,Mickey,652.0,France,62.0,1,0.0,2.0,1.0,0.0,157097.09,0,4.248495242049359
15605698,Harrison,652.0,France,58.0,3,0.0,3.0,1.0,1.0,80344.96,1,4.07753744390572
15777060,Olszewski,652.0,France,33.0,4,0.0,1.0,1.0,0.0,26080.54,1,3.5263605246161616
15626243,Chijioke,652.0,France,30.0,3,133844.22,1.0,1.0,1.0,31406.93,0,3.4339872044851463
15719898,Young,652.0,France,36.0,7,154872.08,2.0,1.0,1.0,32044.64,0,3.6109179126442243
15599976,Bellasis,652.0,France,27.0,9,0.0,2.0,1.0,0.0,132734.87,0,3.332204510175204
15752809,De Mestre,652.0,Spain,43.0,6,116121.67,1.0,1.0,0.0,61602.42,0,3.784189633918261
15589698,De Luca,652.0,Germany,42.0,6,107104.5,1.0,1.0,1.0,41304.44,1,3.7612001156935624
15609977,Mundy,652.0,France,47.0,6,71026.77,1.0,1.0,0.0,57962.41,0,3.8712010109078907
15750121,Tung,652.0,France,38.0,3,0.0,1.0,1.0,0.0,42862.82,0,3.6635616461296463
15734177,Donahue,652.0,France,33.0,4,0.0,2.0,1.0,1.0,152992.04,0,3.5263605246161616
15781347,Okagbue,652.0,France,41.0,1,0.0,2.0,1.0,1.0,91193.65,0,3.7376696182833684
15592025,Nnaemeka,652.0,France,53.0,7,0.0,2.0,1.0,1.0,130132.41,0,3.9889840465642745
15670163,Verjus,652.0,France,27.0,4,0.0,2.0,0.0,0.0,88751.45,0,3.332204510175204
15765402,H?,652.0,France,39.0,6,145644.05,1.0,0.0,0.0,104118.93,0,3.6888794541139363
15624343,Napolitani,652.0,Spain,50.0,7,129667.77,1.0,0.0,0.0,42028.16,0,3.9318256327243257
15602354,Ginikanwa,652.0,Germany,33.0,3,109341.87,1.0,1.0,0.0,75632.78,0,3.5263605246161616
15579183,Spaull,652.0,France,62.0,1,0.0,2.0,1.0,1.0,53710.23,0,4.174387269895637
15584899,Siciliani,652.0,France,35.0,5,0.0,2.0,0.0,1.0,13066.3,0,3.58351893845611
15723658,Voronina,652.0,Spain,30.0,6,0.0,2.0,1.0,0.0,152417.97,0,3.4339872044851463
15803965,Tang,652.0,France,55.0,3,87485.67,1.0,1.0,1.0,3299.01,0,4.02535169073515
15682489,Crumbley,652.0,France,27.0,9,0.0,2.0,1.0,0.0,198091.81,0,3.332204510175204
15813645,Hamilton,652.0,France,36.0,0,53369.13,1.0,1.0,1.0,103934.12,0,3.6109179126442243
15766787,Piazza,652.0,France,35.0,9,0.0,2.0,1.0,1.0,70403.65,0,3.58351893845611
15687171,Birch,652.0,Spain,34.0,5,146679.77,1.0,1.0,0.0,102179.86,0,3.5553480614894135
15690744,Custance,652.0,France,43.0,2,112499.42,2.0,1.0,0.0,30375.18,0,3.784189633918261
15707974,Anayochukwu,652.0,Spain,38.0,2,48387.0,1.0,1.0,0.0,184796.84,0,3.6635616461296463
15673084,Galkin,652.0,Spain,38.0,1,68079.8,1.0,0.0,1.0,166264.89,0,3.6635616461296463
15814772,Adams,652.0,Germany,49.0,4,160133.88,1.0,0.0,1.0,88391.97,0,3.912023005428146
15743709,Toomey,652.0,France,30.0,4,66190.33,1.0,1.0,1.0,115186.97,0,3.4339872044851463
15610343,Marshall-Hall,652.0,France,37.0,10,0.0,2.0,1.0,1.0,13935.53,1,3.6375861597263857
15737414,Shen,652.0,France,35.0,4,123761.68,1.0,1.0,0.0,83910.4,0,3.58351893845611
15788480,Pagnotto,652.0,Germany,33.0,0,122325.58,1.0,0.0,0.0,34712.34,1,3.5263605246161616
15568519,Wood,652.0,France,41.0,9,0.0,2.0,1.0,0.0,13871.34,0,3.7376696182833684
15792453,More,652.0,Spain,42.0,1,138912.17,1.0,1.0,1.0,139494.75,0,3.7612001156935624
15658100,Piccio,652.0,France,42.0,0,0.0,2.0,0.0,1.0,140724.64,0,3.7612001156935624
15695197,Tochukwu,652.0,Germany,25.0,7,128524.19,2.0,1.0,0.0,20682.46,0,3.258096538021482
15749807,Graham,652.0,Spain,31.0,3,0.0,2.0,1.0,0.0,124202.26,0,3.4657359027997265
15773876,Tung,652.0,France,34.0,3,0.0,2.0,1.0,0.0,159638.77,0,3.5553480614894135
15591698,P'eng,652.0,Germany,49.0,9,132934.89,1.0,1.0,0.0,171056.65,1,3.912023005428146
15712813,Nevzorova,652.0,Germany,43.0,3,150805.17,3.0,0.0,1.0,25333.03,1,3.784189633918261
15763898,Toscani,652.0,Spain,46.0,3,0.0,2.0,1.0,1.0,29372.62,0,3.8501476017100584
15793324,McKenzie,652.0,Spain,32.0,9,0.0,3.0,0.0,1.0,38533.79,0,3.4965075614664802
15757759,Okwuoma,652.0,Spain,28.0,7,165969.26,3.0,1.0,0.0,156122.13,1,3.367295829986474
15796230,Morley,652.0,Germany,36.0,2,124495.98,3.0,1.0,1.0,57904.22,1,3.6109179126442243
15611729,Kerr,652.0,Germany,39.0,1,141559.5,1.0,1.0,1.0,31257.1,1,3.6888794541139363
15709531,Harding,652.0,France,38.0,2,114756.14,1.0,1.0,0.0,193214.05,0,3.6635616461296463
15650751,Butler,652.0,France,30.0,6,0.0,2.0,1.0,1.0,137757.69,0,3.4339872044851463
15641413,Crawford,652.0,Germany,49.0,7,155393.98,2.0,1.0,0.0,13308.2,1,3.912023005428146
15753840,Brown,652.0,Spain,32.0,6,0.0,1.0,1.0,1.0,132861.9,1,3.4965075614664802
15669994,Greece,652.0,Germany,31.0,1,128663.81,2.0,1.0,0.0,125083.29,0,3.4657359027997265
15695301,Matthews,652.0,Spain,44.0,4,113522.64,1.0,1.0,1.0,12405.2,0,3.8066624897703196
15792004,Heath,652.0,Spain,26.0,3,0.0,2.0,1.0,0.0,37697.29,0,3.295836866004329
15603035,Vincent,652.0,France,34.0,3,0.0,2.0,1.0,1.0,105599.65,0,3.5553480614894135
15717286,Sal,652.0,Spain,40.0,8,79035.95,1.0,1.0,0.0,142783.98,1,3.713572066704308
15577107,Milne,652.0,Spain,22.0,6,0.0,3.0,0.0,1.0,168412.07,1,3.1354942159291497
15754747,Bazile,652.0,Germany,33.0,9,141918.09,2.0,0.0,1.0,184036.47,0,3.5263605246161616
15705676,Wardle,652.0,France,35.0,9,107944.33,2.0,0.0,0.0,48478.47,0,3.58351893845611
15751912,Lilly,652.0,France,36.0,7,0.0,2.0,0.0,1.0,3896.08,0,3.6109179126442243
15677336,Aitken,652.0,Germany,57.0,1,120043.13,1.0,1.0,0.0,132370.75,1,4.060443010546419
15684395,Enderby,652.0,Spain,45.0,10,125191.69,1.0,1.0,1.0,128260.86,1,3.828641396489095
15659949,Chiu,652.0,France,31.0,1,96399.31,2.0,1.0,0.0,106534.15,0,3.4657359027997265
15812422,Ugorji,652.0,France,41.0,2,0.0,2.0,0.0,1.0,102515.42,0,3.7376696182833684
15806941,Sharpe,652.0,France,60.0,7,76961.6,2.0,1.0,1.0,83643.87,0,4.110873864173311
15637690,Houghton,652.0,Germany,34.0,7,98675.74,1.0,1.0,0.0,138906.85,1,3.5553480614894135
15632882,Konovalova,652.0,Germany,37.0,1,126817.13,2.0,1.0,1.0,29995.83,1,3.6375861597263857
15807107,Patel,652.0,France,32.0,3,121394.42,1.0,1.0,0.0,164081.42,0,3.4965075614664802
15661034,Ngozichukwuka,652.0,Germany,29.0,5,106059.4,1.0,0.0,0.0,187976.88,1,3.4011973816621555
15811958,Medland,652.0,Germany,44.0,2,112755.34,2.0,0.0,0.0,158171.36,0,3.8066624897703196
15785167,Padovano,652.0,Spain,29.0,4,0.0,2.0,0.0,0.0,155711.64,0,3.4011973816621555
15646720,Tsui,652.0,Spain,55.0,7,0.0,3.0,1.0,0.0,85890.75,1,4.02535169073515
15658614,H?,652.0,Germany,38.0,7,145400.69,2.0,1.0,1.0,83844.79,0,3.6635616461296463
15704657,Denman,652.0,France,39.0,3,72647.64,1.0,1.0,0.0,41777.9,1,3.6888794541139363
15567147,Ratten,652.0,Spain,40.0,4,0.0,2.0,1.0,1.0,81908.09,0,3.713572066704308
15701319,Baxter,652.0,Germany,37.0,6,96340.81,2.0,1.0,1.0,139377.24,1,3.6375861597263857
15745266,Norman,652.0,Spain,55.0,6,0.0,1.0,0.0,1.0,73562.05,1,4.02535169073515
15650437,Shen,652.0,Germany,32.0,8,124450.36,2.0,1.0,1.0,165786.1,0,3.4965075614664802
15764314,Reilly,652.0,Germany,36.0,2,113877.23,2.0,1.0,0.0,174921.91,0,3.6109179126442243
15612594,Ifeanacho,652.0,Spain,25.0,3,0.0,2.0,1.0,1.0,120790.02,0,3.258096538021482
15593501,Graham,652.0,France,36.0,5,148667.81,2.0,1.0,0.0,56092.51,0,3.6109179126442243
15804150,Lysaght,652.0,France,34.0,3,0.0,2.0,1.0,1.0,158816.03,0,3.5553480614894135
15649297,T'ang,652.0,France,62.0,4,111065.93,2.0,0.0,1.0,125660.99,0,4.143134726391533
15641110,Abron,652.0,France,41.0,0,0.0,1.0,1.0,0.0,128400.62,0,3.7376696182833684
15660608,Chimaraoke,652.0,France,44.0,8,158697.61,1.0,1.0,0.0,107181.22,0,3.8066624897703196
15806570,Y?an,652.0,France,53.0,4,0.0,1.0,1.0,0.0,77203.72,1,3.9889840465642745
15715345,Sergeyeva,652.0,Spain,25.0,6,0.0,2.0,1.0,0.0,129740.11,0,3.258096538021482
15755521,Ma,652.0,France,48.0,0,90044.32,2.0,0.0,1.0,187604.97,1,3.8918202981106265
15579074,Obiajulu,652.0,Germany,38.0,10,84651.79,1.0,1.0,1.0,184754.26,0,3.6635616461296463
15641158,Belcher,652.0,Germany,32.0,3,102128.27,1.0,1.0,0.0,63981.37,1,3.4965075614664802
15752507,K?,652.0,Germany,60.0,9,148846.39,1.0,1.0,0.0,192831.67,1,4.110873864173311
15597983,Brown,652.0,France,62.0,10,154953.94,1.0,1.0,1.0,70849.47,0,4.248495242049359
15586069,Abernathy,652.0,France,30.0,0,108883.29,1.0,1.0,0.0,27914.95,0,3.4339872044851463
15655082,Pape,652.0,France,48.0,4,112070.86,3.0,1.0,0.0,173568.3,1,3.8918202981106265
15720155,Tao,652.0,Germany,29.0,6,131354.39,1.0,0.0,1.0,9324.31,1,3.4011973816621555
15582116,Ma,652.0,Germany,45.0,7,132746.2,2.0,1.0,0.0,26628.88,1,3.828641396489095
15749365,Earle,652.0,France,34.0,8,0.0,2.0,0.0,1.0,145601.8,0,3.5553480614894135
15632069,Kazantsev,652.0,France,39.0,8,125211.55,2.0,1.0,0.0,144496.07,0,3.6888794541139363
15663134,Uspenskaya,652.0,Spain,58.0,1,0.0,2.0,1.0,1.0,11779.98,1,4.07753744390572
15766683,Coombes,652.0,Germany,36.0,6,139422.37,1.0,0.0,0.0,83983.39,1,3.6109179126442243
15707219,Hopman,652.0,France,28.0,4,0.0,2.0,0.0,1.0,123318.37,0,3.367295829986474
15709232,McKay,652.0,Germany,47.0,5,157099.47,2.0,1.0,1.0,65481.86,0,3.8712010109078907
15801351,Milanesi,652.0,France,40.0,3,0.0,2.0,1.0,0.0,47728.0,0,3.713572066704308
15578747,Chineze,652.0,Spain,26.0,5,83600.24,1.0,0.0,1.0,59195.05,0,3.295836866004329
15675626,Dawson,652.0,France,28.0,2,0.0,1.0,0.0,0.0,98060.51,0,3.367295829986474
15583736,Shih,652.0,Germany,36.0,4,81795.74,2.0,1.0,0.0,90106.94,0,3.6109179126442243
15590011,Hughes,652.0,Spain,38.0,9,129378.32,1.0,1.0,1.0,13549.34,0,3.6635616461296463
15609913,Clark,652.0,France,46.0,9,0.0,1.0,1.0,0.0,113436.08,0,3.8501476017100584
15719479,Chukwuhaenye,652.0,Spain,56.0,7,0.0,2.0,1.0,1.0,42442.21,0,4.04305126783455
15575147,Wall,652.0,France,22.0,9,99339.0,1.0,1.0,0.0,68297.61,1,3.1354942159291497
15597309,Howell,652.0,Spain,36.0,7,0.0,2.0,0.0,0.0,80134.65,0,3.6109179126442243
15648367,Lo,652.0,Germany,29.0,6,74430.1,2.0,1.0,1.0,96051.1,0,3.4011973816621555
15758031,Lazarev,652.0,Spain,38.0,3,91241.85,1.0,0.0,1.0,80682.35,0,3.6635616461296463
15751771,Lowe,652.0,Germany,32.0,2,99092.45,1.0,0.0,1.0,111149.98,0,3.4965075614664802
15689288,Folliero,652.0,France,26.0,5,0.0,2.0,1.0,0.0,182612.38,0,3.295836866004329
15731026,Han,652.0,Germany,39.0,2,100062.16,2.0,1.0,0.0,109201.43,0,3.6888794541139363
15775809,Holloway,652.0,Germany,26.0,6,98723.67,1.0,0.0,1.0,151146.67,0,3.295836866004329
15743076,Pai,652.0,Spain,29.0,9,0.0,1.0,1.0,1.0,93901.61,0,3.4011973816621555
15658258,Trejo,652.0,France,43.0,6,128760.32,1.0,1.0,0.0,36342.79,0,3.784189633918261
15756321,Johnston,652.0,Spain,52.0,5,144772.69,1.0,0.0,0.0,98302.57,1,3.970291913552122
15706799,Macknight,652.0,Spain,44.0,4,0.0,1.0,0.0,0.0,84972.9,1,3.8066624897703196
15775703,Lo,652.0,France,26.0,2,71281.29,1.0,1.0,1.0,108747.12,1,3.295836866004329
15642636,Glossop,652.0,France,29.0,9,117035.89,1.0,1.0,1.0,21862.19,0,3.4011973816621555
15704651,Bishop,652.0,France,26.0,1,0.0,2.0,0.0,0.0,121551.93,0,3.295836866004329
15806771,Yefremova,652.0,France,40.0,0,3768.69,2.0,1.0,0.0,177065.24,1,3.713572066704308
15566735,Obialo,652.0,Germany,36.0,2,108913.84,2.0,1.0,1.0,140460.01,0,3.6109179126442243
15681671,Nkemjika,652.0,Germany,28.0,2,101100.22,2.0,1.0,1.0,35337.31,0,3.367295829986474
15775949,Trevisani,652.0,France,38.0,7,110615.47,1.0,1.0,1.0,193502.93,0,3.6635616461296463
15586752,Parkes,652.0,Germany,33.0,8,152143.89,1.0,1.0,1.0,32174.03,0,3.5263605246161616
15582519,Seleznyov,652.0,France,47.0,6,121797.09,1.0,0.0,1.0,5811.9,1,3.8712010109078907
15658233,Naylor,652.0,France,41.0,5,109798.25,1.0,0.0,1.0,149593.61,0,3.7376696182833684
15755330,Forbes,652.0,Germany,41.0,7,122403.24,1.0,0.0,1.0,37439.9,1,3.7376696182833684
15605072,Douglas,652.0,France,43.0,3,145860.98,1.0,1.0,1.0,142763.51,1,3.784189633918261
15617538,Nwankwo,652.0,Spain,40.0,7,0.0,2.0,0.0,0.0,45038.74,0,3.713572066704308
15591428,Myers,652.0,France,29.0,9,0.0,2.0,0.0,0.0,172097.4,0,3.4011973816621555
15692142,Rogova,652.0,Germany,48.0,7,105086.74,1.0,1.0,1.0,180344.69,1,3.8918202981106265
15692931,Hsing,652.0,France,22.0,2,114991.45,1.0,1.0,1.0,37392.56,0,3.1354942159291497
15781127,Giordano,652.0,Spain,33.0,8,96769.04,1.0,1.0,1.0,36864.05,0,3.5263605246161616
15677136,Okwukwe,652.0,France,23.0,5,0.0,2.0,0.0,0.0,132418.59,0,3.1780538303479458
15677828,Chalmers,652.0,France,34.0,4,0.0,2.0,0.0,0.0,60894.26,0,3.5553480614894135
15567897,Chiazagomekpere,652.0,Germany,23.0,5,132725.1,1.0,1.0,1.0,143913.33,0,3.1780538303479458
15793641,Evseyev,652.0,France,62.0,3,0.0,2.0,1.0,1.0,172240.27,0,4.2626798770413155
15678333,Parry-Okeden,652.0,France,26.0,7,0.0,2.0,1.0,0.0,86619.77,0,3.295836866004329
15630511,Picot,652.0,France,33.0,6,0.0,2.0,1.0,0.0,164074.89,0,3.5263605246161616
15792627,Reid,652.0,Spain,33.0,5,84557.82,1.0,1.0,1.0,69039.43,0,3.5263605246161616
15717191,Ferri,652.0,France,49.0,1,93817.41,2.0,1.0,1.0,132468.76,1,3.912023005428146
15625716,Genovesi,652.0,France,33.0,9,113913.53,1.0,0.0,1.0,65316.5,0,3.5263605246161616
15710053,Neumayer,652.0,Germany,44.0,5,140406.68,2.0,0.0,1.0,57164.19,0,3.8066624897703196
15580043,Murray,652.0,Spain,22.0,8,105229.34,1.0,1.0,1.0,34397.08,0,3.1354942159291497
15601410,Tien,652.0,Spain,46.0,1,0.0,3.0,1.0,1.0,177431.59,1,3.8501476017100584
15684669,Parkes,652.0,France,41.0,9,137891.35,1.0,1.0,0.0,142009.46,1,3.7376696182833684
15619083,Yip,652.0,France,35.0,6,0.0,2.0,1.0,1.0,80618.47,0,3.58351893845611
15692207,Ingle,652.0,France,53.0,6,0.0,2.0,1.0,1.0,124218.27,0,3.9889840465642745
15730705,Chidubem,652.0,France,37.0,9,165252.52,1.0,1.0,0.0,85286.3,0,3.6375861597263857
15749688,Lu,652.0,France,32.0,8,0.0,2.0,0.0,0.0,40889.14,0,3.4965075614664802
15728542,Vorobyova,652.0,France,62.0,4,0.0,2.0,1.0,1.0,107236.87,0,4.276666119016055
15760063,Chiedozie,652.0,Spain,23.0,7,0.0,2.0,1.0,1.0,168085.97,0,3.1780538303479458
15658982,Napolitani,652.0,Germany,28.0,5,122034.4,3.0,0.0,1.0,146663.43,1,3.367295829986474
15758769,Coffey,652.0,France,44.0,7,0.0,1.0,1.0,0.0,4791.8,0,3.8066624897703196
15778481,Chigbogu,652.0,France,59.0,1,118962.58,1.0,1.0,1.0,120819.58,0,4.0943445622221
15661162,Akabueze,652.0,Spain,49.0,2,0.0,1.0,1.0,0.0,114539.67,1,3.912023005428146
15568164,Istomin,652.0,France,34.0,4,71379.53,2.0,1.0,1.0,154000.99,0,3.5553480614894135
15601569,Ndubueze,652.0,France,40.0,2,171178.25,1.0,1.0,0.0,137980.58,1,3.713572066704308
15772383,Toscani,652.0,France,36.0,9,131307.11,1.0,0.0,0.0,83343.73,0,3.6109179126442243
15667456,Ross,652.0,Spain,62.0,3,0.0,2.0,1.0,1.0,82195.15,0,4.143134726391533
15672983,Fernando,652.0,Spain,27.0,5,87099.85,2.0,1.0,0.0,149550.95,0,3.332204510175204
15799534,McClaran,652.0,France,62.0,5,183135.39,2.0,1.0,1.0,197688.5,0,4.276666119016055
15582847,Yermakova,652.0,France,26.0,0,0.0,2.0,0.0,1.0,72929.96,0,3.295836866004329
15612478,Somadina,652.0,France,51.0,10,0.0,3.0,1.0,0.0,171045.35,1,3.9512437185814275
15709621,Wan,652.0,France,31.0,3,0.0,2.0,0.0,1.0,27731.05,0,3.4657359027997265
15802009,Mazzi,652.0,France,33.0,6,0.0,2.0,1.0,1.0,126131.9,0,3.5263605246161616
15698816,Tuan,652.0,Spain,33.0,4,72535.45,1.0,1.0,1.0,103931.49,0,3.5263605246161616
15574830,Townsley,652.0,Germany,58.0,2,128137.42,2.0,1.0,0.0,147635.33,1,4.07753744390572
15603082,Yashina,652.0,France,51.0,9,0.0,2.0,0.0,0.0,61961.57,0,3.9512437185814275
15685947,Henderson,652.0,Germany,42.0,0,115915.53,2.0,0.0,1.0,125435.47,1,3.7612001156935624
15643048,Mueller,652.0,France,62.0,0,0.0,2.0,0.0,1.0,42240.54,0,4.204692619390966
15807568,Wright,652.0,France,50.0,2,0.0,2.0,0.0,0.0,57942.88,0,3.9318256327243257
15597591,Lung,652.0,France,29.0,5,107000.49,1.0,1.0,1.0,153419.62,0,3.4011973816621555
15747558,Bryant,652.0,Spain,38.0,10,0.0,2.0,1.0,0.0,189727.12,0,3.6635616461296463
15756655,Madukaife,652.0,France,34.0,2,0.0,2.0,0.0,0.0,165385.55,0,3.5553480614894135
15589949,Maclean,652.0,Spain,34.0,9,152806.74,1.0,1.0,0.0,19687.99,0,3.5553480614894135
15601012,Abdullah,652.0,France,60.0,3,92887.06,1.0,1.0,0.0,39473.63,1,4.110873864173311
15724269,Yao,652.0,France,25.0,7,0.0,2.0,1.0,1.0,144723.38,0,3.258096538021482
15567506,Cheatham,652.0,Germany,40.0,6,114940.67,2.0,1.0,1.0,194895.57,1,3.713572066704308
15791877,Gallagher,652.0,Germany,34.0,0,140641.26,2.0,1.0,1.0,77271.91,0,3.5553480614894135
15794360,Hao,652.0,Germany,62.0,5,71816.74,2.0,1.0,0.0,105096.82,1,4.2626798770413155
15686538,Nixon,652.0,France,41.0,7,0.0,2.0,0.0,1.0,176780.39,0,3.7376696182833684
15585985,Wang,652.0,France,48.0,5,165282.42,1.0,1.0,0.0,153786.46,1,3.8918202981106265
15699257,Kerr,652.0,Spain,42.0,2,143145.87,2.0,1.0,0.0,43612.06,0,3.7612001156935624
15804104,Romani,652.0,France,28.0,9,114731.76,2.0,0.0,1.0,79479.74,0,3.367295829986474
15727619,Lock,652.0,Germany,46.0,9,113909.69,3.0,1.0,0.0,92320.37,1,3.8501476017100584
15740237,Millar,652.0,Germany,36.0,2,116695.27,1.0,0.0,0.0,193201.86,0,3.6109179126442243
15801436,K'ung,652.0,France,42.0,4,0.0,1.0,0.0,0.0,126353.13,1,3.7612001156935624
15705735,Onyekachi,652.0,Spain,43.0,3,0.0,2.0,1.0,1.0,135008.92,0,3.784189633918261
15649359,Somayina,652.0,France,36.0,1,0.0,2.0,0.0,1.0,17135.6,0,3.6109179126442243
15624892,Dennis,652.0,Germany,37.0,7,93978.96,2.0,1.0,0.0,60651.77,0,3.6375861597263857
15784918,Brown,652.0,Germany,35.0,2,121968.11,2.0,0.0,1.0,188343.05,0,3.58351893845611
15584785,Ogochukwu,652.0,France,37.0,2,97324.91,1.0,1.0,0.0,23291.83,0,3.6375861597263857
15797197,Macleod,652.0,Spain,29.0,6,0.0,2.0,1.0,0.0,64443.75,0,3.4011973816621555
15574858,Page,652.0,France,37.0,8,0.0,2.0,1.0,1.0,287.99,0,3.6375861597263857
15794101,Barese,652.0,France,48.0,2,0.0,2.0,0.0,1.0,137961.41,0,3.8918202981106265
15743245,Agafonova,652.0,France,42.0,3,145155.37,1.0,1.0,0.0,72169.95,1,3.7612001156935624
15791535,Caraway,652.0,France,28.0,5,137222.77,1.0,0.0,0.0,39608.58,0,3.367295829986474
15605215,Stevenson,652.0,France,48.0,9,0.0,2.0,0.0,1.0,175458.21,0,3.8918202981106265
15771749,Duncan,652.0,Germany,38.0,5,114268.22,2.0,1.0,1.0,89524.83,0,3.6635616461296463
15616833,Wang,652.0,Spain,27.0,2,0.0,2.0,1.0,1.0,13221.25,0,3.332204510175204
15750728,Kaur,652.0,Spain,42.0,2,0.0,1.0,1.0,0.0,102889.34,0,3.7612001156935624
15769353,Jenkins,652.0,France,40.0,8,150490.32,1.0,0.0,0.0,166468.21,1,3.713572066704308
15770091,Edwards,652.0,Germany,28.0,9,160858.13,2.0,1.0,0.0,27149.27,0,3.367295829986474
15716420,Kelly,652.0,Spain,39.0,5,170288.38,1.0,1.0,1.0,59601.15,0,3.6888794541139363
15740602,Boyle,652.0,Germany,27.0,4,111568.01,1.0,0.0,1.0,22026.18,0,3.332204510175204
15796071,Loane,652.0,Spain,29.0,7,83889.03,1.0,1.0,0.0,153059.62,0,3.4011973816621555
15811389,Padovano,652.0,Germany,35.0,0,171982.95,2.0,0.0,1.0,167313.07,0,3.58351893845611
15783875,Li Fonti,652.0,France,34.0,4,0.0,2.0,1.0,0.0,12833.96,0,3.5553480614894135
15671800,Robinson,652.0,France,20.0,8,137624.4,2.0,1.0,1.0,197582.79,0,3.044522437723423
15677288,Geach,652.0,France,50.0,3,121159.65,1.0,0.0,0.0,4033.39,1,3.9318256327243257
15633525,Payne,652.0,France,29.0,7,0.0,2.0,0.0,1.0,125877.22,0,3.4011973816621555
15634606,Chinonyelum,652.0,Spain,52.0,1,0.0,2.0,1.0,1.0,176913.42,0,3.970291913552122
15579207,Watkins,652.0,France,37.0,3,91184.01,1.0,1.0,0.0,105476.65,0,3.6375861597263857
15619892,Page,652.0,Spain,18.0,8,0.0,2.0,1.0,0.0,59172.42,0,2.9444389791664403
15567778,Genovese,652.0,Germany,54.0,1,144027.8,1.0,1.0,1.0,108731.02,1,4.007333185232471
15711750,Watson,652.0,France,34.0,6,0.0,2.0,1.0,1.0,175310.38,0,3.5553480614894135
15751084,Mancini,652.0,France,29.0,8,140170.61,1.0,1.0,1.0,38170.04,0,3.4011973816621555
15768945,Chibueze,652.0,France,27.0,1,62092.9,1.0,1.0,1.0,105887.04,0,3.332204510175204
15586931,Hunter,652.0,Spain,39.0,3,0.0,1.0,1.0,1.0,95625.03,0,3.6888794541139363
15636353,Buchi,652.0,Spain,35.0,4,0.0,2.0,0.0,0.0,9541.15,0,3.58351893845611
15623858,Charteris,652.0,France,45.0,9,0.0,1.0,0.0,0.0,148516.79,0,3.828641396489095
15703354,Aksenov,652.0,France,33.0,2,103516.87,1.0,1.0,0.0,113907.8,0,3.5263605246161616
15663987,Wright,652.0,Spain,30.0,1,0.0,3.0,1.0,0.0,164647.72,1,3.4339872044851463
15780805,Lu,652.0,France,35.0,2,0.0,2.0,1.0,0.0,98621.04,1,3.58351893845611
15768566,K?,652.0,France,34.0,8,0.0,2.0,1.0,1.0,37479.97,0,3.5553480614894135
15643229,Hou,652.0,France,31.0,6,0.0,2.0,1.0,1.0,15846.42,0,3.4657359027997265
15754940,Descoteaux,652.0,Spain,43.0,2,85162.26,1.0,0.0,1.0,5104.08,1,3.784189633918261
15676576,Stephenson,652.0,France,43.0,8,143061.88,1.0,1.0,0.0,61937.6,0,3.784189633918261
15800068,Cooper,652.0,Spain,46.0,6,0.0,2.0,1.0,1.0,170008.74,0,3.8501476017100584
15648030,Crump,652.0,Spain,33.0,5,137388.01,2.0,1.0,0.0,165000.68,0,3.5263605246161616
15668594,Diggs,652.0,Germany,25.0,1,137712.01,1.0,1.0,1.0,76197.05,0,3.258096538021482
15728709,Shih,652.0,Germany,40.0,7,106901.42,2.0,0.0,0.0,118045.98,0,3.713572066704308
15724181,Hudson,652.0,Spain,47.0,5,105603.21,2.0,1.0,1.0,157360.9,0,3.8712010109078907
15647546,Carvosso,652.0,Germany,40.0,8,150679.71,2.0,0.0,1.0,196226.38,0,3.713572066704308
15702601,Wyatt,652.0,Germany,30.0,4,108300.27,2.0,0.0,1.0,44384.57,1,3.4339872044851463
15567725,Kodilinyechukwu,652.0,France,46.0,7,52016.08,2.0,1.0,1.0,72993.65,0,3.8501476017100584
15674179,Vorobyova,652.0,Germany,34.0,7,60515.13,1.0,0.0,0.0,124571.09,0,3.5553480614894135
15686957,Piccio,652.0,Germany,35.0,2,158584.28,2.0,1.0,0.0,43640.16,0,3.58351893845611
15607690,Hsing,652.0,Germany,47.0,2,118812.5,2.0,0.0,0.0,31121.42,0,3.8712010109078907
15806546,Lucas,652.0,Spain,46.0,4,0.0,1.0,1.0,0.0,22372.78,0,3.8501476017100584
15632850,T'ang,652.0,France,37.0,8,0.0,2.0,1.0,1.0,170338.35,0,3.6375861597263857
15709016,North,652.0,Germany,47.0,1,91219.29,1.0,0.0,0.0,158845.49,1,3.8712010109078907
15638068,Thompson,652.0,Spain,32.0,7,0.0,2.0,1.0,0.0,67926.18,0,3.4965075614664802
15749345,Simpson,652.0,France,22.0,1,76318.64,1.0,1.0,1.0,194783.12,0,3.1354942159291497
15791321,Nwora,652.0,Spain,58.0,4,0.0,1.0,1.0,0.0,176036.01,0,4.07753744390572
15699095,Chandler,652.0,France,24.0,3,0.0,1.0,1.0,1.0,198826.03,1,3.2188758248682006
15638329,Uspensky,652.0,Germany,25.0,1,111432.13,1.0,1.0,1.0,168683.57,0,3.258096538021482
15575445,Ferguson,652.0,Spain,41.0,10,150148.51,1.0,0.0,0.0,6936.27,0,3.7376696182833684
15752622,Kerr,652.0,France,32.0,7,38550.06,1.0,0.0,1.0,179230.23,0,3.4965075614664802
15774507,Furneaux,652.0,France,39.0,5,119013.86,1.0,1.0,0.0,103421.91,0,3.6888794541139363
15570857,Kambinachi,652.0,Germany,39.0,0,111213.64,2.0,1.0,1.0,147578.26,0,3.6888794541139363
15599386,Black,652.0,Germany,28.0,5,71097.23,1.0,1.0,1.0,130504.49,0,3.367295829986474
15744913,Chizoba,652.0,Spain,36.0,10,109632.85,1.0,1.0,1.0,16149.13,0,3.6109179126442243
15647292,Peng,652.0,France,62.0,7,148368.02,1.0,0.0,0.0,118862.08,1,4.1588830833596715
15728838,Leach,652.0,France,45.0,1,148600.91,1.0,1.0,0.0,143397.14,1,3.828641396489095
15584704,Chiazagomekpele,652.0,France,48.0,10,71083.98,1.0,1.0,0.0,137959.0,0,3.8918202981106265
15749068,Nickson,652.0,France,40.0,9,139625.34,1.0,1.0,0.0,93702.96,1,3.713572066704308
15622985,Lin,652.0,France,39.0,4,0.0,1.0,0.0,0.0,172939.3,1,3.6888794541139363
15587676,Alexeieva,652.0,France,30.0,9,0.0,1.0,1.0,1.0,108162.13,0,3.4339872044851463
15779496,Sykes,652.0,France,62.0,0,81564.1,2.0,0.0,1.0,35896.09,0,4.174387269895637
15733460,Martin,652.0,Spain,36.0,9,0.0,2.0,1.0,1.0,104852.6,0,3.6109179126442243
15711457,Herz,652.0,France,28.0,7,124540.28,1.0,0.0,1.0,188850.89,0,3.367295829986474
15795290,Nikitina,652.0,France,42.0,2,133616.39,1.0,1.0,0.0,28615.8,0,3.7612001156935624
15611223,Ko,652.0,Germany,38.0,10,101648.5,2.0,1.0,0.0,172001.44,0,3.6635616461296463
15794159,Highett,652.0,France,26.0,8,124281.84,1.0,1.0,1.0,60116.57,0,3.295836866004329
15780677,Jackson,652.0,France,59.0,4,0.0,2.0,1.0,1.0,170528.63,0,4.0943445622221
15690175,Ball,652.0,Spain,45.0,0,0.0,2.0,0.0,0.0,189683.7,0,3.828641396489095
15722599,Nelson,652.0,France,37.0,9,183613.66,2.0,0.0,0.0,49734.94,0,3.6375861597263857
15569976,Woronoff,652.0,Germany,62.0,1,136186.44,1.0,1.0,1.0,121529.59,1,4.189654742026425
15707011,Morrison,652.0,France,47.0,10,137682.68,1.0,1.0,0.0,71071.47,0,3.8712010109078907
15702277,Smith,652.0,France,34.0,4,106005.54,1.0,0.0,1.0,142995.32,0,3.5553480614894135
15801915,Rendall,652.0,France,31.0,6,152310.55,1.0,1.0,0.0,13054.25,0,3.4657359027997265
15580213,McIntyre,652.0,France,43.0,2,0.0,2.0,1.0,0.0,89402.54,0,3.784189633918261
15637947,Wei,652.0,Spain,32.0,1,134446.04,1.0,0.0,1.0,111241.37,0,3.4965075614664802
15715888,Allardyce,652.0,France,38.0,2,142289.28,1.0,0.0,1.0,119638.85,0,3.6635616461296463
15732967,Cremonesi,652.0,France,19.0,6,0.0,2.0,1.0,1.0,151581.79,0,2.995732273553991
15737047,Weatherford,652.0,France,45.0,6,0.0,1.0,1.0,0.0,73881.68,1,3.828641396489095
15694039,Jen,652.0,Germany,46.0,9,149003.76,2.0,1.0,0.0,176902.83,0,3.8501476017100584
15649457,Macleod,652.0,Germany,41.0,2,131341.46,2.0,0.0,1.0,7034.94,0,3.7376696182833684
15742809,Mironova,652.0,Spain,29.0,7,77919.78,1.0,1.0,0.0,122547.58,0,3.4011973816621555
15637829,Sharpe,652.0,France,34.0,7,0.0,2.0,0.0,1.0,161559.12,0,3.5553480614894135
15633194,Osborne,652.0,France,41.0,10,108309.0,3.5,1.0,1.0,137510.41,1,3.7376696182833684
15611635,Chu,652.0,Spain,39.0,6,0.0,1.0,0.0,1.0,185366.56,0,3.6888794541139363
15638774,Chong,652.0,Spain,40.0,9,0.0,2.0,1.0,0.0,182224.14,0,3.713572066704308
15722037,Alvarez,652.0,Germany,36.0,7,115462.02,1.0,0.0,1.0,42581.04,0,3.6109179126442243
15672930,Palerma,652.0,Spain,37.0,9,0.0,2.0,1.0,0.0,31921.95,0,3.6375861597263857
15668774,Chiemenam,652.0,Germany,23.0,5,122739.1,1.0,1.0,0.0,102460.84,1,3.1780538303479458
15780966,Pritchard,652.0,France,32.0,2,0.0,2.0,0.0,0.0,109681.29,0,3.4965075614664802
15659694,Wallis,652.0,Germany,53.0,3,113781.5,2.0,1.0,1.0,106345.05,1,3.9889840465642745
15624424,Palerma,652.0,Spain,49.0,1,0.0,2.0,1.0,1.0,102472.9,0,3.912023005428146
15708713,Hill,652.0,France,35.0,3,0.0,2.0,1.0,1.0,36249.76,0,3.58351893845611
15755405,Hudson,652.0,France,43.0,9,128284.45,1.0,1.0,0.0,32996.89,1,3.784189633918261
15647570,Chung,652.0,Germany,45.0,8,120591.19,1.0,0.0,0.0,195123.94,0,3.828641396489095
15684348,Zhdanova,652.0,France,62.0,8,0.0,2.0,0.0,1.0,57014.43,0,4.1588830833596715
15702541,Fraser,652.0,France,59.0,2,166968.28,1.0,1.0,0.0,159483.76,1,4.0943445622221
15646942,Meng,652.0,Spain,39.0,7,0.0,2.0,0.0,0.0,100929.59,0,3.6888794541139363
15748920,Cherkasova,652.0,France,49.0,8,0.0,2.0,1.0,1.0,12513.07,0,3.912023005428146
15694581,Rawlings,652.0,Spain,42.0,5,0.0,2.0,1.0,1.0,74900.9,0,3.7612001156935624
15643215,Jen,652.0,Germany,38.0,2,71667.97,2.0,0.0,0.0,137111.89,0,3.6635616461296463
15649060,Chien,652.0,Germany,31.0,3,82729.47,2.0,1.0,0.0,60212.51,0,3.4657359027997265
15774258,Gorbunov,652.0,France,40.0,1,0.0,2.0,1.0,1.0,187343.4,0,3.713572066704308
15731553,Lucas,652.0,France,23.0,8,0.0,2.0,1.0,0.0,183284.53,0,3.1780538303479458
15617029,Young,652.0,Spain,30.0,1,0.0,2.0,1.0,0.0,8125.39,0,3.4339872044851463
15780716,Colombo,652.0,Germany,39.0,3,129626.19,2.0,1.0,1.0,103220.56,0,3.6888794541139363
15577018,Tsao,652.0,Germany,26.0,2,114035.39,1.0,0.0,0.0,96885.19,0,3.295836866004329
15809515,Lewis,652.0,Germany,32.0,1,151922.94,1.0,1.0,0.0,8877.06,0,3.4965075614664802
15789924,Hussain,652.0,France,39.0,4,0.0,1.0,1.0,1.0,147530.06,0,3.6888794541139363
15725076,Anderson,652.0,Spain,27.0,6,107751.68,2.0,1.0,1.0,33389.42,0,3.332204510175204
15672481,Ulyanov,652.0,France,37.0,6,0.0,2.0,1.0,0.0,45309.24,0,3.6375861597263857
15574115,Shaw,652.0,Spain,41.0,6,101179.23,2.0,1.0,1.0,35230.61,0,3.7376696182833684
15661830,Lucciano,652.0,Spain,36.0,6,0.0,2.0,1.0,1.0,59816.41,0,3.6109179126442243
15665879,Gordon,652.0,France,40.0,8,0.0,2.0,0.0,1.0,69080.46,0,3.713572066704308
15673820,Woodward,652.0,France,33.0,7,0.0,2.0,1.0,0.0,143450.61,0,3.5263605246161616
15747772,Cunningham,652.0,Germany,36.0,9,58571.18,2.0,1.0,0.0,40774.01,0,3.6109179126442243
15666197,Boni,652.0,Germany,38.0,8,153058.64,1.0,1.0,0.0,99377.27,0,3.6635616461296463
15773639,Truscott,652.0,Germany,35.0,4,98270.34,1.0,1.0,0.0,133617.43,0,3.58351893845611
15581893,Ginikanwa,652.0,France,43.0,1,130788.71,1.0,0.0,1.0,101495.0,1,3.784189633918261
15672447,Bailey,652.0,Germany,40.0,7,99165.84,1.0,0.0,1.0,119333.95,1,3.713572066704308
15777830,Hutchinson,652.0,France,42.0,4,0.0,2.0,0.0,0.0,167682.37,0,3.7612001156935624
15713890,Maclean,652.0,France,44.0,3,0.0,2.0,0.0,1.0,152884.85,0,3.8066624897703196
15577598,Chiang,652.0,Spain,23.0,4,115636.05,2.0,1.0,0.0,70400.86,0,3.1780538303479458
15786042,Willmore,652.0,Germany,44.0,2,185932.18,2.0,1.0,0.0,65413.41,0,3.8066624897703196
15753462,Godson,652.0,Germany,30.0,2,72549.0,2.0,0.0,1.0,182728.8,0,3.4339872044851463
15759690,Smith,652.0,France,42.0,4,0.0,2.0,1.0,1.0,81442.6,0,3.7612001156935624
15801414,Bitter,652.0,France,35.0,2,0.0,2.0,0.0,0.0,144251.38,0,3.58351893845611
15656141,Ts'ao,652.0,France,39.0,5,0.0,1.0,0.0,1.0,40207.06,0,3.6888794541139363
15608701,Chialuka,652.0,Germany,29.0,3,121890.06,1.0,1.0,0.0,54530.51,1,3.4011973816621555
15582892,Scott,652.0,France,46.0,2,99786.07,1.0,1.0,1.0,32683.88,1,3.8501476017100584
15632967,Feng,652.0,France,34.0,3,0.0,2.0,1.0,1.0,104703.96,0,3.5553480614894135
15587573,Castiglione,652.0,Germany,27.0,4,115084.53,2.0,0.0,1.0,26907.43,0,3.332204510175204
15654891,He,652.0,France,30.0,6,0.0,2.0,1.0,1.0,180591.32,0,3.4339872044851463
15611365,Fanucci,652.0,France,32.0,9,127661.69,1.0,0.0,0.0,60905.51,0,3.4965075614664802
15749103,Ginikanwa,652.0,Germany,47.0,4,118907.6,1.0,0.0,1.0,47777.15,1,3.8712010109078907
15810203,Manning,652.0,Germany,44.0,6,77627.33,2.0,1.0,0.0,108222.68,0,3.8066624897703196
15813660,Forlonge,652.0,Spain,40.0,2,160625.17,1.0,0.0,1.0,3554.63,0,3.713572066704308
15605673,Liang,652.0,Spain,29.0,8,0.0,2.0,0.0,0.0,78616.92,0,3.4011973816621555
15669282,Uchechukwu,652.0,France,20.0,10,124266.86,1.0,0.0,0.0,100566.81,0,3.044522437723423
15792726,Sung,652.0,France,25.0,8,127974.06,2.0,1.0,1.0,183259.35,0,3.258096538021482
15593241,Tochukwu,652.0,France,43.0,3,0.0,2.0,1.0,1.0,159131.21,0,3.784189633918261
15683053,Reyna,652.0,Spain,48.0,2,0.0,1.0,1.0,0.0,160976.85,1,3.8918202981106265
15632736,Liang,652.0,Germany,30.0,3,104911.35,2.0,1.0,1.0,42933.26,0,3.4339872044851463
15731865,Unwin,652.0,France,27.0,1,0.0,2.0,1.0,0.0,91291.2,0,3.332204510175204
15760450,Rutherford,652.0,France,43.0,1,0.0,2.0,1.0,1.0,52471.36,0,3.784189633918261
15787204,Howe,652.0,Spain,43.0,1,110646.54,1.0,0.0,0.0,108804.28,0,3.784189633918261
15650454,Tran,652.0,France,57.0,5,0.0,2.0,1.0,1.0,122449.18,0,4.060443010546419
15573730,Thompson,652.0,Germany,42.0,6,126704.49,2.0,1.0,0.0,41682.3,0,3.7612001156935624
15705050,Linger,652.0,France,30.0,9,0.0,2.0,1.0,1.0,148887.69,0,3.4339872044851463
15791342,Johnston,652.0,Spain,31.0,1,84560.04,1.0,1.0,1.0,137784.25,0,3.4657359027997265
15684316,Udokamma,652.0,France,43.0,9,0.0,2.0,0.0,0.0,190573.91,1,3.784189633918261
15700540,Barrera,652.0,Germany,38.0,2,129893.56,1.0,0.0,0.0,102076.03,0,3.6635616461296463
15770631,Sutherland,652.0,Spain,25.0,5,167385.81,1.0,1.0,1.0,56307.51,0,3.258096538021482
15790594,Bednall,652.0,France,27.0,6,0.0,2.0,0.0,1.0,49775.58,0,3.332204510175204
15604020,Otoole,652.0,Germany,36.0,4,105858.71,1.0,0.0,1.0,4395.45,0,3.6109179126442243
15637599,Cremonesi,652.0,Germany,44.0,4,123070.89,1.0,1.0,0.0,28461.29,1,3.8066624897703196
15736578,Hamilton,652.0,France,39.0,1,0.0,1.0,1.0,1.0,28184.7,0,3.6888794541139363
15666332,Donaldson,652.0,Spain,48.0,2,0.0,2.0,1.0,1.0,3149.1,0,3.8918202981106265
15727291,McKay,652.0,France,40.0,1,0.0,2.0,1.0,0.0,194273.12,0,3.713572066704308
15785920,Black,652.0,Germany,35.0,1,125141.24,2.0,1.0,1.0,148537.07,0,3.58351893845611
15658987,Kane,652.0,France,46.0,4,96173.17,2.0,1.0,1.0,116378.31,0,3.8501476017100584
15687719,She,652.0,Spain,37.0,5,0.0,2.0,0.0,1.0,6761.84,0,3.6375861597263857
15799641,Bruno,652.0,Spain,39.0,2,0.0,2.0,1.0,0.0,81995.92,0,3.6888794541139363
15758702,Watson,652.0,France,55.0,8,0.0,2.0,1.0,1.0,14392.68,0,4.02535169073515
15689526,Shih,652.0,Germany,35.0,9,127543.11,2.0,1.0,0.0,468.94,1,3.58351893845611
15586848,Rose,652.0,France,38.0,1,0.0,2.0,1.0,0.0,122379.54,0,3.6635616461296463
15707637,Zikoranachukwudimma,652.0,France,56.0,1,0.0,1.0,1.0,0.0,13228.93,1,4.04305126783455
15719426,Cole,652.0,France,62.0,8,103101.56,2.0,1.0,1.0,154002.02,1,4.219507705176107
15639265,Isaacs,652.0,France,54.0,7,126113.28,1.0,1.0,0.0,112777.38,0,4.007333185232471
15576124,Muravyova,652.0,France,41.0,1,40488.76,1.0,1.0,0.0,128528.83,0,3.7376696182833684
15757829,Timperley,652.0,Germany,40.0,10,137389.77,2.0,1.0,0.0,170122.22,0,3.713572066704308
15633227,Kenechukwu,652.0,France,28.0,9,85146.36,1.0,0.0,0.0,2803.89,0,3.367295829986474
15753092,He,652.0,Germany,35.0,5,129828.58,1.0,1.0,1.0,181918.26,1,3.58351893845611
15782939,Storey,652.0,France,42.0,4,80214.36,1.0,1.0,0.0,115241.96,1,3.7612001156935624
15746338,Onyekachukwu,652.0,France,40.0,2,0.0,2.0,1.0,1.0,129956.13,0,3.713572066704308
15590676,Kharlamova,652.0,France,34.0,1,141796.43,1.0,1.0,0.0,45858.49,0,3.5553480614894135
15599329,Christopher,652.0,France,49.0,7,195238.29,3.5,0.0,1.0,131083.56,1,3.912023005428146
15783097,Lombardo,652.0,Germany,27.0,6,111348.15,1.0,1.0,0.0,46422.46,0,3.332204510175204
15597885,Kerr,652.0,France,43.0,6,0.0,2.0,1.0,1.0,57675.88,0,3.784189633918261
15597467,Duncan,652.0,France,62.0,8,0.0,2.0,1.0,1.0,169741.96,0,4.276666119016055
15724764,Lawley,652.0,Germany,42.0,10,64404.26,2.0,0.0,0.0,26022.37,0,3.7612001156935624
15778418,Burns,652.0,Germany,40.0,9,154309.67,1.0,1.0,1.0,125334.16,1,3.713572066704308
15684769,Whitson,652.0,France,62.0,10,129431.36,1.0,0.0,1.0,21343.74,0,4.219507705176107
15756167,Doyne,652.0,Spain,43.0,5,134204.67,1.0,1.0,1.0,139971.01,0,3.784189633918261
15632439,Pinto,652.0,France,39.0,4,0.0,2.0,0.0,1.0,47455.82,0,3.6888794541139363
15755138,Chin,652.0,France,32.0,8,0.0,2.0,1.0,1.0,55593.8,0,3.4965075614664802
15659092,Davide,652.0,France,50.0,5,0.0,2.0,1.0,0.0,191756.54,1,3.9318256327243257
15742116,Torres,652.0,Germany,48.0,9,116711.06,2.0,0.0,0.0,76373.38,0,3.8918202981106265
15801994,Buccho,652.0,France,31.0,9,0.0,2.0,1.0,0.0,169278.51,0,3.4657359027997265
15647572,Greece,652.0,Spain,34.0,0,54980.81,1.0,1.0,1.0,136909.88,0,3.5553480614894135
15644551,Wimble,652.0,Spain,37.0,3,99773.85,2.0,1.0,0.0,54865.92,0,3.6375861597263857
15709135,Pirozzi,652.0,Germany,30.0,7,101231.77,2.0,0.0,0.0,156529.44,0,3.4339872044851463
15684469,Hsiung,652.0,Germany,32.0,2,117070.21,1.0,1.0,0.0,113482.2,0,3.4965075614664802
15627637,Obioma,652.0,Germany,23.0,8,73314.04,2.0,1.0,0.0,63446.47,0,3.1780538303479458
15667093,Onio,652.0,France,37.0,2,0.0,1.0,1.0,1.0,13624.02,0,3.6375861597263857
15690589,Udinesi,652.0,France,37.0,9,212314.03,1.0,0.0,1.0,148814.54,0,3.6375861597263857
15595350,Fermin,652.0,France,31.0,3,136067.82,2.0,1.0,0.0,65567.91,0,3.4657359027997265
15777586,Moss,652.0,Spain,42.0,2,109052.04,2.0,1.0,0.0,6409.55,0,3.7612001156935624
15804064,Docherty,652.0,France,35.0,2,79126.17,1.0,1.0,1.0,126997.53,0,3.58351893845611
15717770,Marcelo,652.0,Spain,55.0,7,0.0,1.0,0.0,0.0,171762.87,1,4.02535169073515
15754443,Fadden,652.0,France,35.0,9,108308.0,1.0,1.0,0.0,129031.19,1,3.58351893845611
15776939,Zox,652.0,Germany,48.0,3,102290.56,2.0,1.0,0.0,182691.31,0,3.8918202981106265
15713517,Otitodilinna,652.0,France,39.0,6,102025.08,2.0,1.0,0.0,12351.01,0,3.6888794541139363
15683522,Kennedy,652.0,Germany,37.0,2,113383.07,1.0,1.0,1.0,135123.96,0,3.6375861597263857
15673995,Tu,652.0,Spain,62.0,9,102541.1,1.0,1.0,0.0,181490.42,0,4.189654742026425
15771054,Barnes,652.0,Spain,35.0,5,0.0,2.0,1.0,0.0,186490.37,0,3.58351893845611
15578788,Bibi,652.0,Spain,40.0,6,0.0,2.0,0.0,0.0,41248.8,0,3.713572066704308
15737408,L?,652.0,France,41.0,6,109941.51,1.0,1.0,0.0,116267.28,0,3.7376696182833684
15750837,Landseer,652.0,Germany,41.0,0,141749.68,1.0,0.0,1.0,9201.53,0,3.7376696182833684
15576022,Nwachinemelu,652.0,France,38.0,5,0.0,2.0,0.0,1.0,80630.32,0,3.6635616461296463
15635502,Ch'iu,652.0,France,44.0,2,0.0,1.0,1.0,0.0,159165.7,0,3.8066624897703196
15627298,Vinogradova,652.0,France,37.0,7,85146.48,2.0,1.0,0.0,86490.09,1,3.6375861597263857
15811415,Jenks,652.0,France,44.0,6,134066.1,2.0,1.0,1.0,197572.41,0,3.8066624897703196
15645059,Crace,652.0,France,28.0,8,0.0,2.0,0.0,0.0,105159.89,0,3.367295829986474
15689671,Packham,652.0,Spain,27.0,4,0.0,1.0,1.0,1.0,40807.26,0,3.332204510175204
15718667,T'ien,652.0,France,35.0,7,87619.29,1.0,1.0,0.0,143.34,0,3.58351893845611
15803202,Onyekachi,652.0,France,51.0,10,0.0,1.0,1.0,1.0,125823.79,1,3.9512437185814275
15593683,Solomina,652.0,Spain,30.0,8,0.0,2.0,1.0,0.0,138465.7,0,3.4339872044851463
15703394,Hawes,652.0,Spain,27.0,3,0.0,2.0,1.0,0.0,44008.91,0,3.332204510175204
15570289,Benson,652.0,Germany,43.0,8,103409.16,1.0,1.0,0.0,66893.28,1,3.784189633918261
15567437,Emenike,652.0,Germany,30.0,7,123040.38,1.0,1.0,1.0,76503.06,0,3.4339872044851463
15711687,Nero,652.0,France,41.0,4,108128.52,1.0,0.0,1.0,56784.11,0,3.7376696182833684
15656592,Toscano,652.0,Germany,48.0,8,169023.33,2.0,1.0,1.0,175657.55,0,3.8918202981106265
15634373,Yang,652.0,France,30.0,5,0.0,2.0,0.0,1.0,105155.66,0,3.4339872044851463
15769125,Palerma,652.0,Spain,41.0,10,0.0,2.0,0.0,1.0,47468.56,0,3.7376696182833684
15711386,Trentini,652.0,France,29.0,6,0.0,2.0,0.0,1.0,64729.51,0,3.4011973816621555
15714241,Haddon,652.0,Spain,42.0,9,222267.63,1.0,0.0,0.0,101108.85,1,3.7612001156935624
15642530,Coates,652.0,Germany,47.0,10,144090.42,1.0,1.0,0.0,140938.95,1,3.8712010109078907
15713599,Castiglione,652.0,France,30.0,10,114835.43,1.0,0.0,1.0,37662.49,0,3.4339872044851463
15744770,Stone,652.0,France,44.0,2,0.0,2.0,0.0,0.0,86414.41,0,3.8066624897703196
15780498,Maynard,652.0,France,34.0,3,145030.92,1.0,1.0,1.0,41820.65,0,3.5553480614894135
15624397,Moore,652.0,France,43.0,8,71240.3,1.0,0.0,1.0,127734.16,0,3.784189633918261
15615219,Obielumani,652.0,France,59.0,5,138772.15,1.0,0.0,1.0,123872.0,0,4.0943445622221
15570908,Harding,652.0,Spain,29.0,7,93617.07,1.0,0.0,1.0,113050.92,0,3.4011973816621555
15762855,Hill,652.0,Spain,23.0,8,0.0,2.0,1.0,1.0,131389.39,0,3.1780538303479458
15661827,Brown,652.0,Spain,45.0,4,0.0,2.0,1.0,1.0,26589.56,0,3.828641396489095
15746035,Pagnotto,652.0,Spain,25.0,9,74237.2,2.0,0.0,1.0,195463.35,0,3.258096538021482
15691906,Esposito,652.0,Germany,49.0,5,127421.78,2.0,1.0,0.0,108876.75,1,3.912023005428146
15793424,Tan,652.0,Spain,28.0,8,61274.7,2.0,1.0,0.0,136054.45,0,3.367295829986474
15577905,Hammond,652.0,France,34.0,8,106486.66,2.0,0.0,1.0,182262.66,0,3.5553480614894135
15667216,Chung,652.0,France,29.0,10,73194.52,2.0,1.0,1.0,129209.09,0,3.4011973816621555
15673971,Houghton,652.0,Germany,44.0,6,146498.76,1.0,1.0,0.0,64853.51,1,3.8066624897703196
15701238,Chia,652.0,France,47.0,1,0.0,2.0,1.0,0.0,148989.15,0,3.8712010109078907
15644849,Zikoranachidimma,652.0,France,32.0,2,0.0,1.0,1.0,1.0,71047.51,0,3.4965075614664802
15635531,Boag,652.0,Spain,30.0,8,0.0,2.0,1.0,0.0,185341.63,0,3.4339872044851463
15632263,Pagnotto,652.0,Spain,30.0,5,120355.0,1.0,1.0,0.0,137793.35,0,3.4339872044851463
15720110,Oluchukwu,652.0,France,32.0,2,117265.21,1.0,1.0,1.0,198317.23,0,3.4965075614664802
15619045,Baxter,652.0,France,43.0,4,0.0,2.0,0.0,1.0,162137.5,0,3.784189633918261
15697510,Tien,652.0,Spain,52.0,7,0.0,1.0,1.0,0.0,109688.82,1,3.970291913552122
15784923,Chimezie,652.0,Germany,37.0,3,109974.22,1.0,1.0,1.0,36320.87,1,3.6375861597263857
15567383,Slone,652.0,Germany,44.0,2,98009.13,2.0,0.0,1.0,31384.86,0,3.8066624897703196
15732621,Martin,652.0,France,34.0,10,0.0,1.0,1.0,1.0,114083.73,0,3.5553480614894135
15757981,Loggia,652.0,France,62.0,8,0.0,1.0,1.0,1.0,163331.65,0,4.204692619390966
15727819,Hartley,652.0,Spain,34.0,10,171671.9,1.0,1.0,1.0,50777.77,0,3.5553480614894135
15738088,Parkin,652.0,Spain,62.0,10,0.0,2.0,1.0,0.0,30772.86,1,4.1588830833596715
15765173,Lin,652.0,France,60.0,3,0.0,1.0,0.0,0.0,113796.15,1,4.110873864173311
15665159,Brooks,652.0,France,61.0,0,128213.96,2.0,1.0,1.0,188729.08,1,4.127134385045092
15618203,Tien,652.0,Germany,51.0,8,116197.65,2.0,1.0,1.0,86701.4,0,3.9512437185814275
15791452,Dann,652.0,France,39.0,1,0.0,2.0,1.0,0.0,153129.22,0,3.6888794541139363
15638159,Trentino,652.0,Spain,36.0,6,86607.39,1.0,0.0,0.0,19825.09,0,3.6109179126442243
15585466,Russo,652.0,France,29.0,10,0.0,2.0,1.0,0.0,12186.83,0,3.4011973816621555
15677310,Christie,652.0,Germany,62.0,5,98854.34,1.0,0.0,0.0,86920.97,1,4.143134726391533
15646262,Ross,652.0,France,31.0,7,0.0,1.0,1.0,0.0,35408.77,0,3.4657359027997265
15656901,Nnonso,652.0,France,59.0,8,0.0,2.0,1.0,1.0,165576.55,0,4.0943445622221
15621093,Teng,652.0,Germany,31.0,4,97338.19,2.0,0.0,0.0,48226.76,0,3.4657359027997265
15592123,Buccho,652.0,France,30.0,6,0.0,2.0,1.0,1.0,199454.37,0,3.4339872044851463
15589200,Madukaife,652.0,Spain,34.0,9,0.0,2.0,1.0,0.0,118749.58,0,3.5553480614894135
15602934,Dunn,652.0,France,33.0,6,131698.57,2.0,1.0,0.0,151623.91,0,3.5263605246161616
15812720,Hooker,652.0,Germany,37.0,10,130110.45,2.0,0.0,1.0,172097.95,0,3.6375861597263857
15695383,Griffin,652.0,Spain,44.0,9,0.0,2.0,1.0,0.0,87677.15,0,3.8066624897703196
15723064,Kistler,652.0,Spain,24.0,1,165149.13,2.0,1.0,0.0,21858.28,0,3.2188758248682006
15761606,Law,652.0,Spain,37.0,9,101707.8,1.0,1.0,0.0,123866.28,0,3.6375861597263857
15650322,Grigoryeva,652.0,France,34.0,3,105588.66,1.0,0.0,1.0,74694.41,0,3.5553480614894135
15669782,Chu,652.0,Germany,39.0,9,111336.89,1.0,1.0,0.0,16770.31,1,3.6888794541139363
15751628,Onyemachukwu,652.0,France,60.0,7,78391.17,1.0,0.0,1.0,49424.6,0,4.110873864173311
15809057,Lu,652.0,Spain,27.0,6,0.0,2.0,1.0,1.0,172031.22,0,3.332204510175204
15617052,Watson,652.0,France,34.0,9,0.0,1.0,1.0,0.0,183021.06,1,3.5553480614894135
15590810,Fallaci,652.0,Germany,41.0,9,144326.09,1.0,1.0,0.0,73979.85,1,3.7376696182833684
15801293,Ni,652.0,Germany,27.0,1,101278.25,2.0,1.0,1.0,26265.18,0,3.332204510175204
15770968,Leason,652.0,Germany,19.0,8,108711.57,2.0,1.0,0.0,24857.25,0,2.995732273553991
15572356,Tsai,652.0,Spain,62.0,1,108555.07,1.0,0.0,1.0,167969.15,0,4.304065093204169
15603247,Bruner,652.0,Germany,35.0,1,146781.24,1.0,1.0,0.0,189307.7,0,3.58351893845611
15619116,Wallace,652.0,France,36.0,2,0.0,2.0,0.0,1.0,99770.3,0,3.6109179126442243
15691792,Young,652.0,Spain,35.0,8,0.0,1.0,0.0,0.0,119712.78,0,3.58351893845611
15783276,Forbes,652.0,France,25.0,9,0.0,2.0,1.0,1.0,168607.74,0,3.258096538021482
15766137,Muir,652.0,France,34.0,2,0.0,2.0,1.0,1.0,83087.13,0,3.5553480614894135
15574554,Pugh,652.0,Germany,62.0,8,103291.25,2.0,1.0,1.0,130664.79,0,4.204692619390966
15578671,Webb,652.0,Spain,29.0,1,209490.21,1.0,1.0,1.0,133267.69,1,3.4011973816621555
15716608,Walker,652.0,Spain,38.0,2,0.0,3.0,1.0,0.0,67029.82,1,3.6635616461296463
15690670,Cox,652.0,France,33.0,2,0.0,2.0,0.0,1.0,141031.08,0,3.5263605246161616
15630466,Maclean,652.0,France,45.0,8,0.0,1.0,0.0,0.0,125110.02,0,3.828641396489095
15630349,Hollis,652.0,Spain,23.0,5,0.0,2.0,1.0,0.0,117832.39,0,3.1780538303479458
15803801,Jamieson,652.0,France,34.0,4,0.0,2.0,1.0,0.0,198817.72,0,3.5553480614894135
15647890,Su,652.0,France,37.0,9,149405.18,1.0,1.0,1.0,146411.6,0,3.6375861597263857
15606115,P'eng,652.0,France,52.0,6,191665.21,1.0,1.0,1.0,131312.56,1,3.970291913552122
15714642,Hawkins,652.0,Spain,40.0,7,0.0,1.0,1.0,0.0,141652.2,0,3.713572066704308
15741181,Ndubuagha,652.0,France,41.0,6,135071.12,1.0,1.0,1.0,64477.25,0,3.7376696182833684
15773973,Hill,652.0,France,41.0,2,0.0,2.0,0.0,1.0,191215.61,0,3.7376696182833684
15758546,Norton,652.0,Spain,39.0,8,0.0,2.0,1.0,1.0,37090.44,0,3.6888794541139363
15598940,Achebe,652.0,Germany,38.0,6,181804.34,2.0,1.0,1.0,57517.71,0,3.6635616461296463
15669783,Simpson,652.0,France,60.0,3,47020.65,2.0,0.0,1.0,63241.21,1,4.110873864173311
15624993,Chiang,652.0,France,36.0,7,128518.98,1.0,1.0,1.0,44567.83,1,3.6109179126442243
15760568,Dalrymple,652.0,Germany,38.0,5,142658.04,2.0,0.0,1.0,135337.11,0,3.6635616461296463
15699047,Chukwuemeka,652.0,France,21.0,9,120150.39,2.0,1.0,1.0,33964.03,0,3.091042453358316
15616168,Ojiofor,652.0,France,35.0,7,81905.95,1.0,1.0,1.0,61623.19,0,3.58351893845611
15773146,Rubeo,652.0,France,26.0,3,137998.2,2.0,0.0,1.0,168989.77,0,3.295836866004329
15770375,Fanucci,652.0,Germany,26.0,8,123126.29,1.0,1.0,0.0,74425.41,0,3.295836866004329
15589725,Zubarev,652.0,France,51.0,4,0.0,2.0,1.0,1.0,178929.84,0,3.9512437185814275
15710034,T'ao,652.0,Germany,43.0,1,135645.29,2.0,0.0,1.0,101382.86,1,3.784189633918261
15800806,Pai,652.0,Spain,31.0,7,122449.31,2.0,1.0,1.0,180769.55,0,3.4657359027997265
15570485,Udegbunam,652.0,Spain,40.0,4,161766.87,1.0,0.0,0.0,92378.54,0,3.713572066704308
15575391,Claypool,652.0,France,37.0,3,0.0,2.0,1.0,1.0,38252.25,0,3.6375861597263857
15790750,Manfrin,652.0,Germany,36.0,10,123187.51,1.0,0.0,1.0,146111.35,0,3.6109179126442243
15714832,Baker,652.0,Germany,36.0,9,150956.71,1.0,0.0,0.0,72350.17,0,3.6109179126442243
15619953,Efremov,652.0,Spain,42.0,6,105021.28,1.0,1.0,0.0,48242.38,0,3.7612001156935624
15673929,Chin,652.0,France,62.0,4,0.0,2.0,1.0,1.0,148305.82,0,4.174387269895637
15578835,Brookes,652.0,Spain,50.0,1,133204.91,1.0,0.0,1.0,8270.06,0,3.9318256327243257
15752388,Doyle,652.0,Spain,35.0,6,0.0,2.0,1.0,1.0,41549.64,0,3.58351893845611
15797081,Ajuluchukwu,652.0,Germany,49.0,9,115488.52,2.0,1.0,1.0,138656.81,1,3.912023005428146
15570194,Ikemefuna,652.0,France,29.0,5,0.0,2.0,0.0,0.0,12510.53,0,3.4011973816621555
15580149,Fowler,652.0,Spain,41.0,7,0.0,2.0,1.0,0.0,43889.41,0,3.7376696182833684
15777708,Liao,652.0,Spain,38.0,3,0.0,2.0,1.0,0.0,192800.25,0,3.6635616461296463
15769955,Onuora,652.0,France,40.0,1,0.0,2.0,0.0,0.0,75762.0,0,3.713572066704308
15810444,Aksenov,652.0,Germany,39.0,6,130565.02,1.0,1.0,0.0,9854.72,1,3.6888794541139363
15645593,Trevisani,652.0,France,41.0,2,91328.71,1.0,1.0,0.0,115724.78,0,3.7376696182833684
15765345,Wood,652.0,France,35.0,4,0.0,2.0,1.0,1.0,106303.4,0,3.58351893845611
15760873,Lombardo,652.0,France,50.0,7,81310.34,1.0,1.0,1.0,183868.01,0,3.9318256327243257
15794178,Walpole,652.0,France,34.0,3,107136.6,1.0,1.0,0.0,153895.46,0,3.5553480614894135
15589361,Chikwendu,652.0,Spain,34.0,9,0.0,1.0,1.0,1.0,66695.71,0,3.5553480614894135
15662483,Ko,652.0,France,43.0,7,0.0,2.0,1.0,1.0,173851.11,0,3.784189633918261
15809736,Steigrad,652.0,France,46.0,2,0.0,1.0,1.0,1.0,177423.02,1,3.8501476017100584
15731148,Isayeva,652.0,France,33.0,0,108477.49,1.0,1.0,1.0,109096.71,1,3.5263605246161616
15774328,Boni,652.0,Germany,40.0,1,144757.97,2.0,1.0,1.0,166656.18,0,3.713572066704308
15646969,Anayolisa,652.0,Spain,33.0,2,0.0,2.0,1.0,1.0,176921.0,0,3.5263605246161616
15718769,Fallaci,652.0,Spain,36.0,1,113110.26,1.0,1.0,0.0,98413.1,0,3.6109179126442243
15610226,Fenton,652.0,France,27.0,9,106414.57,2.0,0.0,0.0,77500.81,0,3.332204510175204
15616270,Chao,652.0,Spain,42.0,4,106920.91,1.0,0.0,1.0,119747.08,0,3.7612001156935624
15790717,Osinachi,652.0,Spain,35.0,7,0.0,2.0,1.0,0.0,160387.98,0,3.58351893845611
15635703,Chu,652.0,Germany,39.0,1,131513.26,1.0,1.0,1.0,193715.0,0,3.6888794541139363
15616365,Obiuto,652.0,France,53.0,2,0.0,2.0,1.0,0.0,28045.77,0,3.9889840465642745
15630244,Chu,652.0,France,40.0,10,134320.23,2.0,1.0,0.0,150757.35,0,3.713572066704308
15734714,Nash,652.0,France,29.0,3,79715.36,1.0,1.0,0.0,82252.28,0,3.4011973816621555
15721433,Hixson,652.0,France,38.0,4,74306.19,2.0,1.0,0.0,154395.56,0,3.6635616461296463
15590201,Fiorentini,652.0,Spain,50.0,5,0.0,3.5,1.0,1.0,83866.35,1,3.9318256327243257
15590828,Chidimma,652.0,Germany,42.0,7,126428.38,1.0,1.0,0.0,39830.1,0,3.7612001156935624
15752097,Chiazagomekpere,652.0,Spain,38.0,8,99640.89,1.0,1.0,0.0,12429.22,0,3.6635616461296463
15800031,Laura,652.0,France,43.0,3,66338.68,1.0,1.0,1.0,18772.5,1,3.784189633918261
15630857,Wu,652.0,Spain,39.0,6,0.0,2.0,1.0,1.0,9574.83,0,3.6888794541139363
15689953,Toscani,652.0,Spain,43.0,10,128226.37,1.0,0.0,0.0,188486.94,0,3.784189633918261
15759733,McMillan,652.0,France,26.0,5,0.0,2.0,1.0,1.0,64716.08,0,3.295836866004329
15810826,Chiekwugo,652.0,France,36.0,6,0.0,2.0,0.0,0.0,84749.96,0,3.6109179126442243
15668009,Hendley,652.0,Spain,37.0,1,0.0,2.0,0.0,1.0,180551.76,0,3.6375861597263857
15743456,Birnie,652.0,France,32.0,10,0.0,2.0,1.0,0.0,60907.49,0,3.4965075614664802
15725762,Kemp,652.0,France,24.0,4,122168.65,1.0,1.0,0.0,174107.04,0,3.2188758248682006
15761713,Johnstone,652.0,France,43.0,7,178074.33,1.0,0.0,0.0,110405.9,0,3.784189633918261
15769246,Lo Duca,652.0,Germany,59.0,2,135078.41,1.0,1.0,0.0,187636.06,1,4.0943445622221
15781129,Montgomery,652.0,Spain,38.0,8,69434.4,2.0,1.0,1.0,66580.13,1,3.6635616461296463
15599124,Miller,652.0,France,29.0,5,0.0,2.0,1.0,0.0,178779.52,0,3.4011973816621555
15639004,Chiemezie,652.0,France,62.0,2,0.0,2.0,1.0,1.0,70783.61,0,4.290459441148391
15810995,Wright,652.0,Germany,34.0,3,122726.56,1.0,1.0,1.0,46772.36,0,3.5553480614894135
15653773,Shaw,652.0,France,38.0,7,164496.99,1.0,1.0,1.0,163327.27,0,3.6635616461296463
15708357,Chapman,652.0,Spain,38.0,8,0.0,1.0,1.0,0.0,103760.53,0,3.6635616461296463
15733597,Y?an,652.0,France,41.0,0,150219.41,2.0,0.0,0.0,107839.03,0,3.7376696182833684
15789560,Clark,652.0,France,42.0,8,187534.79,1.0,1.0,1.0,32900.41,1,3.7612001156935624
15699524,Howells,652.0,France,30.0,3,0.0,1.0,1.0,0.0,193984.6,0,3.4339872044851463
15626475,Gamble,652.0,France,30.0,2,0.0,2.0,1.0,1.0,140889.32,0,3.4339872044851463
15810839,Rogers,652.0,France,34.0,0,103108.17,1.0,0.0,0.0,125646.82,0,3.5553480614894135
15684318,McMillan,652.0,Germany,50.0,6,96486.57,2.0,1.0,1.0,20344.02,0,3.9318256327243257
15768120,Brown,652.0,Germany,36.0,9,90560.48,2.0,1.0,0.0,174268.87,0,3.6109179126442243
15712807,Robertson,652.0,Spain,46.0,3,131764.96,1.0,1.0,1.0,108500.66,1,3.8501476017100584
15696371,Thomas,652.0,Spain,24.0,1,92476.88,1.0,0.0,0.0,83247.14,0,3.2188758248682006
15675794,Hsing,652.0,Germany,47.0,9,152076.93,1.0,1.0,0.0,121840.2,1,3.8712010109078907
15774277,Chiu,652.0,France,43.0,2,0.0,2.0,1.0,1.0,132908.07,0,3.784189633918261
15603764,Chang,652.0,France,49.0,4,0.0,1.0,1.0,1.0,100075.1,1,3.912023005428146
15618647,Kornilova,652.0,France,29.0,1,43504.42,1.0,1.0,1.0,119327.75,0,3.4011973816621555
15614643,Chifo,652.0,Spain,39.0,2,0.0,2.0,1.0,0.0,136737.13,0,3.6888794541139363
15707696,Lu,652.0,Spain,28.0,5,0.0,2.0,1.0,1.0,22356.97,0,3.367295829986474
15749583,Bellucci,652.0,Germany,38.0,2,93569.86,3.0,0.0,0.0,10137.34,1,3.6635616461296463
15815125,Michael,652.0,Spain,45.0,4,102486.21,2.0,1.0,1.0,158379.25,0,3.828641396489095
15779620,Sinclair,652.0,France,36.0,1,0.0,1.0,0.0,1.0,94570.56,0,3.6109179126442243
15768233,Chukwuebuka,652.0,Germany,37.0,8,114346.3,1.0,0.0,1.0,980.93,1,3.6375861597263857
15637788,Schmidt,652.0,France,23.0,3,110203.77,1.0,1.0,0.0,95583.45,0,3.1780538303479458
15777046,Parry,652.0,France,39.0,9,128362.59,1.0,1.0,0.0,86044.98,0,3.6888794541139363
15788723,McIntyre,652.0,Germany,49.0,10,143888.22,2.0,1.0,1.0,166236.38,1,3.912023005428146
15790489,Lo Duca,652.0,Spain,34.0,5,170600.78,1.0,0.0,1.0,5240.53,0,3.5553480614894135
15739476,Ferrari,652.0,France,32.0,5,0.0,1.0,1.0,1.0,150684.23,0,3.4965075614664802
15612670,Berry,652.0,Spain,46.0,10,0.0,2.0,1.0,1.0,129508.96,0,3.8501476017100584
15631222,Cattaneo,652.0,France,39.0,2,75339.64,1.0,1.0,1.0,70665.16,0,3.6888794541139363
15658972,Foster,652.0,France,40.0,8,122038.34,1.0,1.0,0.0,102085.35,0,3.713572066704308
15724691,Gordon,652.0,France,34.0,1,0.0,2.0,1.0,1.0,195052.12,0,3.5553480614894135
15740442,May,652.0,France,51.0,8,186825.57,1.0,1.0,0.0,93739.71,1,3.9512437185814275
15760427,Cameron,652.0,France,40.0,6,124788.18,1.0,1.0,0.0,65612.12,0,3.713572066704308
15677939,Ch'eng,652.0,France,41.0,3,0.0,2.0,1.0,1.0,160095.48,0,3.7376696182833684
15611599,Curtis,652.0,France,62.0,2,0.0,2.0,1.0,1.0,49506.82,0,4.276666119016055
15633474,Whitehead,652.0,France,51.0,2,138553.57,1.0,1.0,1.0,92406.22,0,3.9512437185814275
15671973,Chukwuemeka,652.0,Spain,39.0,5,0.0,2.0,1.0,1.0,7415.96,0,3.6888794541139363
15790019,Onwughara,652.0,France,35.0,9,105387.89,1.0,1.0,1.0,25059.06,0,3.58351893845611
15737735,Grant,652.0,Spain,40.0,4,95053.1,1.0,1.0,1.0,116816.54,1,3.713572066704308
15661745,Browne,652.0,France,36.0,3,0.0,1.0,0.0,1.0,144078.02,0,3.6109179126442243
15797065,Goloubev,652.0,Spain,32.0,0,0.0,2.0,0.0,1.0,126675.62,0,3.4965075614664802
15710671,Gordon,652.0,France,34.0,3,137361.96,1.0,0.0,0.0,183682.09,0,3.5553480614894135
15656522,Sutherland,652.0,Spain,32.0,10,158537.42,1.0,1.0,0.0,166850.57,0,3.4965075614664802
15705085,Quesada,652.0,Spain,29.0,9,0.0,2.0,1.0,0.0,27359.19,0,3.4011973816621555
15744873,Wright,652.0,Germany,48.0,5,143595.87,1.0,0.0,0.0,101314.65,1,3.8918202981106265
15781914,Simmons,652.0,Germany,32.0,9,169947.41,2.0,1.0,1.0,27979.16,0,3.4965075614664802
15637354,Yobachukwu,652.0,France,24.0,7,148167.83,2.0,1.0,1.0,109470.34,0,3.2188758248682006
15717307,Read,652.0,France,31.0,5,0.0,2.0,1.0,0.0,93713.13,0,3.4657359027997265
15746695,Wunder,652.0,France,39.0,6,48023.83,1.0,1.0,0.0,74870.99,0,3.6888794541139363
15804962,Nnaife,652.0,France,36.0,1,155655.46,1.0,1.0,1.0,192387.51,1,3.6109179126442243
15665378,Shen,652.0,France,46.0,6,0.0,2.0,1.0,0.0,73457.55,0,3.8501476017100584
15757865,Powell,652.0,France,62.0,7,0.0,2.0,1.0,1.0,61120.75,0,4.143134726391533
15578787,Goddard,652.0,France,52.0,4,0.0,1.0,1.0,0.0,90964.54,1,3.970291913552122
15794323,Buckley,652.0,France,32.0,8,121240.76,1.0,1.0,0.0,116969.73,0,3.4965075614664802
15697546,McIntyre,652.0,France,36.0,3,0.0,2.0,1.0,0.0,92118.75,0,3.6109179126442243
15629519,Yen,652.0,France,37.0,1,0.0,2.0,1.0,1.0,48357.9,0,3.6375861597263857
15624703,Okonkwo,652.0,Germany,35.0,9,129847.75,2.0,1.0,0.0,197325.4,0,3.58351893845611
15570002,Burlingame,652.0,Germany,55.0,8,118772.71,3.5,0.0,0.0,135853.62,1,4.02535169073515
15808566,Hs?,652.0,France,46.0,2,0.0,2.0,1.0,1.0,169122.54,0,3.8501476017100584
15805463,Board,652.0,Germany,32.0,2,105163.88,2.0,1.0,1.0,164170.46,0,3.4965075614664802
15709136,Adams,652.0,France,28.0,8,0.0,2.0,1.0,1.0,199909.32,0,3.367295829986474
15801605,Rizzo,652.0,France,39.0,0,0.0,2.0,1.0,1.0,83295.09,0,3.6888794541139363
15567855,Chukwufumnanya,652.0,France,29.0,1,0.0,2.0,0.0,0.0,39382.06,0,3.4011973816621555
15675141,Fraser,652.0,France,35.0,4,93934.63,1.0,1.0,0.0,184748.23,0,3.58351893845611
15665759,Russell,652.0,France,62.0,5,117866.92,1.0,1.0,1.0,62280.91,0,4.248495242049359
15761487,Yefimova,652.0,France,55.0,5,0.0,1.0,0.0,1.0,196794.11,1,4.02535169073515
15700394,Palermo,652.0,Spain,26.0,4,122857.46,2.0,1.0,0.0,144682.17,1,3.295836866004329
15631162,Bergamaschi,652.0,France,32.0,10,0.0,2.0,0.0,1.0,196342.66,0,3.4965075614664802
15630641,Shao,652.0,France,37.0,6,127103.97,1.0,1.0,1.0,41516.44,0,3.6375861597263857
15585066,Chimaraoke,652.0,France,43.0,1,0.0,1.0,0.0,1.0,112026.1,1,3.784189633918261
15722991,McGregor,652.0,France,54.0,9,96402.96,1.0,0.0,0.0,52035.29,1,4.007333185232471
15737404,Kesteven,652.0,France,31.0,1,132512.26,1.0,1.0,1.0,185466.85,0,3.4657359027997265
15722409,Ritchie,652.0,Spain,47.0,8,107604.66,1.0,1.0,1.0,80149.27,0,3.8712010109078907
15806420,Jenks,652.0,France,34.0,9,0.0,2.0,1.0,0.0,170980.86,0,3.5553480614894135
15658148,Udokamma,652.0,France,38.0,7,0.0,2.0,1.0,0.0,185827.74,0,3.6635616461296463
15810660,Boyle,652.0,Germany,34.0,4,120875.23,2.0,0.0,1.0,113407.26,0,3.5553480614894135
15709780,Azuka,652.0,France,37.0,9,71786.9,2.0,1.0,1.0,67734.79,0,3.6375861597263857
15727350,Pai,652.0,France,37.0,8,113143.12,1.0,0.0,0.0,3363.36,0,3.6375861597263857
15752312,Howells,652.0,Spain,49.0,1,150777.72,2.0,1.0,1.0,135757.27,0,3.912023005428146
15616745,Hs?,652.0,Spain,35.0,2,174894.53,1.0,1.0,1.0,22314.55,0,3.58351893845611
15572294,Kelly,652.0,France,28.0,7,0.0,1.0,0.0,0.0,129526.57,0,3.367295829986474
15674110,Walton,652.0,France,43.0,2,160416.56,1.0,0.0,1.0,37266.43,0,3.784189633918261
15662501,Ebelechukwu,652.0,France,48.0,3,91246.53,1.0,1.0,0.0,60017.46,1,3.8918202981106265
15649239,Vasilieva,652.0,Spain,46.0,10,0.0,2.0,1.0,0.0,153015.42,0,3.8501476017100584
15700424,Hsiao,652.0,France,35.0,5,0.0,1.0,1.0,1.0,54209.02,0,3.58351893845611
15636388,Abrego,652.0,Germany,23.0,7,98775.23,1.0,1.0,0.0,114603.96,0,3.1780538303479458
15713975,Gibson,652.0,Germany,47.0,10,139756.12,1.0,1.0,0.0,165849.49,1,3.8712010109078907
15592925,Giordano,652.0,Spain,42.0,3,177626.77,3.0,0.0,1.0,16392.72,1,3.7612001156935624
15581626,Mancini,652.0,France,54.0,8,0.0,1.0,1.0,1.0,162719.69,1,4.007333185232471
15641319,Afanasyeva,652.0,Spain,50.0,4,0.0,1.0,0.0,0.0,107112.25,1,3.9318256327243257
15723481,Wright,652.0,Spain,42.0,8,0.0,2.0,0.0,1.0,41823.22,0,3.7612001156935624
15787825,Okwudiliolisa,652.0,Germany,37.0,6,152496.82,1.0,1.0,1.0,99907.29,0,3.6375861597263857
15710726,Hughes,652.0,France,52.0,8,0.0,2.0,0.0,1.0,178229.04,0,3.970291913552122
15627195,Parrott,652.0,Germany,26.0,1,112930.28,2.0,1.0,0.0,22095.73,0,3.295836866004329
15657957,Hughes,652.0,Germany,26.0,8,113674.2,1.0,1.0,0.0,197861.16,1,3.295836866004329
15676117,Zinachukwudi,652.0,France,44.0,9,0.0,1.0,1.0,0.0,138328.24,0,3.8066624897703196
15607874,Keane,652.0,France,38.0,0,144450.58,1.0,0.0,1.0,137276.83,0,3.6635616461296463
15796993,McCollum,652.0,France,52.0,1,171236.3,2.0,0.0,0.0,21834.4,1,3.970291913552122
15649858,Simpson,652.0,Spain,37.0,9,96776.49,1.0,1.0,1.0,119890.86,0,3.6375861597263857
15811032,Gambrell,652.0,Germany,58.0,8,145984.92,1.0,1.0,1.0,24564.7,0,4.07753744390572
15679963,Moretti,652.0,Germany,43.0,8,96353.8,1.0,0.0,0.0,10209.8,0,3.784189633918261
15579131,Ricci,652.0,France,25.0,7,0.0,2.0,1.0,1.0,83449.65,0,3.258096538021482
15572428,Rieke,652.0,Germany,33.0,0,115777.23,1.0,1.0,1.0,81508.1,0,3.5263605246161616
15622461,Ndubuagha,652.0,France,51.0,7,122822.0,2.0,0.0,0.0,32626.21,0,3.9512437185814275
15636105,Chung,652.0,Spain,61.0,2,0.0,2.0,1.0,1.0,43982.41,0,4.127134385045092
15583849,Ts'ai,652.0,France,40.0,3,0.0,2.0,0.0,0.0,124874.23,0,3.713572066704308
15718780,Cox,652.0,Spain,32.0,4,79450.09,1.0,1.0,1.0,118324.75,0,3.4965075614664802
15739271,Lei,652.0,Germany,33.0,2,122394.0,1.0,1.0,1.0,22113.93,0,3.5263605246161616
15697129,Ulyanova,652.0,Spain,43.0,1,0.0,2.0,1.0,0.0,31962.77,0,3.784189633918261
15763415,Gray,652.0,Germany,41.0,0,134378.89,1.0,1.0,1.0,105746.94,0,3.7376696182833684
15796617,McGregor,652.0,France,29.0,2,0.0,2.0,1.0,0.0,39925.52,0,3.4011973816621555
15626628,Tretiakova,652.0,Spain,31.0,2,88161.85,2.0,1.0,0.0,127630.88,0,3.4657359027997265
15765857,Genovesi,652.0,Spain,41.0,2,142412.13,1.0,1.0,0.0,28778.98,0,3.7376696182833684
15742511,Gordon,652.0,France,35.0,3,121030.9,1.0,1.0,0.0,10008.68,0,3.58351893845611
15786433,Aitken,652.0,Germany,35.0,3,165982.43,2.0,1.0,1.0,24482.16,0,3.58351893845611
15685805,Ginikanwa,652.0,Spain,35.0,6,0.0,2.0,1.0,0.0,98618.79,0,3.58351893845611
15627971,Coates,652.0,France,32.0,8,206663.75,1.0,0.0,0.0,16281.94,0,3.4965075614664802
15783025,Piazza,652.0,Germany,37.0,3,94661.53,2.0,1.0,0.0,121239.65,0,3.6375861597263857
15726289,Cawood,652.0,France,25.0,0,174400.36,1.0,1.0,0.0,42669.37,0,3.258096538021482
15802118,Ignatieff,652.0,Spain,41.0,7,123428.69,1.0,1.0,1.0,164924.11,0,3.7376696182833684
15607990,Gallo,652.0,Spain,43.0,6,175735.5,1.0,1.0,1.0,157337.29,0,3.784189633918261
15695932,Yelverton,652.0,Spain,36.0,5,78381.13,1.0,0.0,1.0,153831.6,0,3.6109179126442243
15812279,William,652.0,France,37.0,5,115345.86,2.0,0.0,0.0,168781.8,0,3.6375861597263857
15687558,Mault,652.0,Germany,31.0,10,118613.34,1.0,1.0,0.0,168469.65,0,3.4657359027997265
15729065,Mackay,652.0,Germany,28.0,2,109960.06,2.0,1.0,1.0,170829.87,0,3.367295829986474
15698902,McIntyre,652.0,Germany,42.0,1,142703.4,1.0,1.0,0.0,86207.49,1,3.7612001156935624
15570192,Henry,652.0,Germany,40.0,8,121729.42,1.0,0.0,0.0,61164.45,0,3.713572066704308
15809265,Kao,652.0,France,35.0,4,0.0,1.0,1.0,1.0,133287.73,0,3.58351893845611
15745201,Frewin,652.0,France,43.0,4,139496.35,2.0,1.0,1.0,77128.23,0,3.784189633918261
15580623,Yefremova,652.0,Spain,28.0,8,0.0,2.0,0.0,0.0,77660.03,0,3.367295829986474
15578156,Anenechukwu,652.0,Spain,32.0,5,138521.83,1.0,1.0,1.0,56897.1,0,3.4965075614664802
15631063,Trentino,652.0,France,33.0,2,0.0,2.0,1.0,0.0,72945.32,0,3.5263605246161616
15692577,Tomlinson,652.0,Germany,38.0,10,83727.68,1.0,1.0,0.0,45418.12,0,3.6635616461296463
15810910,Royston,652.0,Spain,38.0,9,0.0,2.0,1.0,1.0,158527.45,0,3.6635616461296463
15723217,Cremonesi,652.0,France,37.0,9,0.0,1.0,1.0,0.0,111312.96,0,3.6375861597263857
15733111,Yeh,652.0,Spain,32.0,6,124179.3,1.0,1.0,1.0,138759.15,0,3.4965075614664802
15610727,Ch'in,652.0,France,36.0,7,128829.25,1.0,1.0,0.0,190588.59,0,3.6109179126442243
15792720,Martinez,652.0,France,33.0,6,171490.78,1.0,0.0,0.0,79099.64,0,3.5263605246161616
15723153,Wearing,652.0,Spain,33.0,3,0.0,2.0,1.0,0.0,138613.21,0,3.5263605246161616
15802823,Maclean,652.0,Spain,38.0,7,0.0,2.0,1.0,1.0,194230.82,0,3.6635616461296463
15756118,T'ao,652.0,Spain,20.0,8,0.0,1.0,1.0,0.0,110252.53,0,3.044522437723423
15684934,Rose,652.0,France,31.0,9,0.0,2.0,1.0,1.0,106117.3,0,3.4657359027997265
15776936,Whitworth,652.0,France,40.0,7,160818.08,1.0,0.0,1.0,169642.13,1,3.713572066704308
15729087,Suttor,652.0,Germany,54.0,9,156367.6,2.0,0.0,1.0,116179.92,0,4.007333185232471
15786463,Hsing,652.0,Germany,59.0,8,121669.93,2.0,0.0,0.0,91.75,1,4.0943445622221
15717498,Boni,652.0,France,42.0,6,133970.22,2.0,0.0,1.0,187839.9,0,3.7612001156935624
15718406,Marshall,652.0,France,41.0,3,0.0,2.0,1.0,0.0,121098.65,0,3.7376696182833684
15799468,Catchpole,652.0,France,34.0,3,96127.27,1.0,0.0,0.0,30972.06,0,3.5553480614894135
15626383,Tang,652.0,Spain,60.0,7,121907.97,1.0,0.0,1.0,30314.04,0,4.110873864173311
15597385,Siddons,652.0,Spain,41.0,5,0.0,2.0,0.0,1.0,14479.29,0,3.7376696182833684
15570271,Wan,652.0,Spain,31.0,6,0.0,1.0,1.0,1.0,196395.25,0,3.4657359027997265
15690330,Efimov,652.0,Germany,40.0,8,77701.64,1.0,0.0,1.0,19512.38,0,3.713572066704308
15680611,Rose,652.0,France,62.0,9,0.0,3.0,1.0,1.0,72318.77,0,4.219507705176107
15810227,Fanucci,652.0,France,34.0,2,0.0,2.0,1.0,1.0,96615.23,0,3.5553480614894135
15807194,Iweobiegbulam,652.0,Spain,34.0,5,113922.44,2.0,1.0,0.0,30772.22,0,3.5553480614894135
15712199,Ijendu,652.0,Germany,61.0,2,183997.7,2.0,1.0,1.0,161217.18,0,4.127134385045092
15694995,O'Sullivan,652.0,France,23.0,2,0.0,2.0,0.0,1.0,66795.78,0,3.1780538303479458
15723400,Hutchinson,652.0,France,28.0,4,0.0,2.0,1.0,1.0,123969.64,0,3.367295829986474
15654772,Kwemto,652.0,France,47.0,6,89799.46,2.0,0.0,1.0,13783.77,1,3.8712010109078907
15574743,Chiu,652.0,Spain,29.0,2,0.0,1.0,1.0,1.0,168924.41,0,3.4011973816621555
15807593,Berry,652.0,Spain,36.0,7,85660.96,1.0,0.0,0.0,134778.01,0,3.6109179126442243
15686718,Hung,652.0,Germany,37.0,9,115569.21,1.0,0.0,1.0,119782.89,0,3.6375861597263857
15695299,Mordvinova,652.0,France,45.0,2,81828.22,1.0,1.0,0.0,52167.97,0,3.828641396489095
15722701,Bruno,652.0,Germany,18.0,1,132694.73,1.0,1.0,0.0,167689.56,0,2.9444389791664403
15799635,Arbour,652.0,Spain,51.0,2,108867.0,1.0,0.0,0.0,140800.66,1,3.9512437185814275
15742323,Barese,652.0,France,39.0,7,0.0,2.0,1.0,0.0,19823.02,0,3.6888794541139363
15658435,Hingston,652.0,France,27.0,5,0.0,2.0,0.0,0.0,72969.9,0,3.332204510175204
15586029,Davis,652.0,Germany,34.0,2,96152.68,2.0,1.0,0.0,143711.02,0,3.5553480614894135
15772337,Lawrence,652.0,Germany,49.0,0,153855.52,1.0,1.0,1.0,180862.26,1,3.912023005428146
15807555,Chung,652.0,France,45.0,2,0.0,2.0,1.0,0.0,125658.28,0,3.828641396489095
15603378,Padovano,652.0,France,36.0,3,141334.95,1.0,0.0,1.0,125870.5,0,3.6109179126442243
15792862,Blinova,652.0,Germany,41.0,1,104584.11,1.0,1.0,0.0,15126.32,1,3.7376696182833684
15657349,Carter,652.0,Germany,50.0,8,98173.02,1.0,0.0,0.0,22457.25,1,3.9318256327243257
15777614,Webb,652.0,Spain,44.0,1,0.0,2.0,1.0,1.0,82614.89,0,3.8066624897703196
15653952,T'an,652.0,Germany,38.0,3,135157.05,1.0,1.0,1.0,32919.42,0,3.6635616461296463
15724336,Yates,652.0,Germany,49.0,5,171601.27,1.0,1.0,0.0,126223.84,0,3.912023005428146
15689594,Su,652.0,France,29.0,5,179539.2,1.0,0.0,0.0,112010.02,0,3.4011973816621555
15801920,Christian,652.0,Germany,39.0,5,80615.46,2.0,0.0,0.0,180962.32,0,3.6888794541139363
15653347,Chiu,652.0,Spain,47.0,1,0.0,1.0,0.0,0.0,128882.66,1,3.8712010109078907
15749951,Sacco,652.0,Germany,27.0,5,126285.73,1.0,1.0,0.0,177614.17,1,3.332204510175204
15648178,Lettiere,652.0,Germany,23.0,4,137964.51,1.0,0.0,1.0,174570.55,0,3.1780538303479458
15738662,Daluchi,652.0,Germany,41.0,9,159434.03,1.0,1.0,0.0,178373.93,0,3.7376696182833684
15640855,T'ien,652.0,Germany,40.0,5,113574.61,2.0,1.0,0.0,103396.08,0,3.713572066704308
15584288,Hung,652.0,France,33.0,6,0.0,2.0,1.0,1.0,59129.72,0,3.5263605246161616
15760988,Liu,652.0,Germany,33.0,9,124573.33,2.0,0.0,0.0,683.37,0,3.5263605246161616
15569624,Feng,652.0,Germany,31.0,6,105864.6,2.0,1.0,0.0,145567.34,0,3.4657359027997265
15597949,Gilbert,652.0,Germany,47.0,5,104552.61,1.0,1.0,0.0,48137.08,1,3.8712010109078907
15604551,Robb,652.0,France,35.0,3,0.0,2.0,1.0,0.0,90876.95,0,3.58351893845611
15617476,Manfrin,652.0,France,30.0,5,0.0,2.0,0.0,1.0,198543.09,0,3.4339872044851463
15645323,Chinwenma,652.0,France,55.0,2,0.0,1.0,1.0,1.0,106202.07,1,4.02535169073515
15793311,Smith,652.0,Germany,46.0,8,119492.88,2.0,0.0,1.0,166896.01,1,3.8501476017100584
15764153,Rowe,652.0,France,33.0,0,130499.09,2.0,1.0,1.0,74804.36,0,3.5263605246161616
15802560,Moran,652.0,Spain,48.0,6,140576.11,1.0,1.0,1.0,116971.05,0,3.8918202981106265
15728608,Walker,652.0,Germany,34.0,9,91025.58,2.0,0.0,1.0,163783.0,0,3.5553480614894135
15770474,Myers,652.0,France,33.0,1,0.0,3.0,0.0,1.0,70221.13,1,3.5263605246161616
15724444,Wall,652.0,France,38.0,1,125877.65,2.0,1.0,1.0,107841.77,0,3.6635616461296463
15753110,McKay,652.0,Spain,62.0,3,45752.78,2.0,1.0,0.0,79623.28,1,4.174387269895637
15711521,Egobudike,652.0,France,39.0,3,121778.71,1.0,1.0,1.0,138399.67,0,3.6888794541139363
15632816,Williams,652.0,Germany,49.0,2,127948.57,1.0,1.0,1.0,182765.14,0,3.912023005428146
15693637,Ochoa,652.0,France,30.0,7,0.0,2.0,1.0,1.0,186648.19,0,3.4339872044851463
15725509,Otutodilinna,652.0,Germany,30.0,5,115286.68,2.0,1.0,1.0,149587.92,0,3.4339872044851463
15684645,Ajuluchukwu,652.0,Germany,41.0,9,62078.21,2.0,1.0,0.0,129050.67,0,3.7376696182833684
15692235,Bellucci,652.0,France,38.0,1,0.0,2.0,1.0,0.0,47764.99,0,3.6635616461296463
15777459,Gordon,652.0,Spain,32.0,4,175406.13,2.0,1.0,1.0,172792.43,1,3.4965075614664802
15656937,Johnston,652.0,Spain,26.0,1,131643.25,1.0,1.0,0.0,64436.16,0,3.295836866004329
15610643,De Luca,652.0,Germany,44.0,3,151739.65,1.0,1.0,0.0,167461.5,0,3.8066624897703196
15777315,Hill,652.0,France,43.0,6,93616.35,2.0,0.0,0.0,98348.66,0,3.784189633918261
15611058,Eluemuno,652.0,Germany,60.0,5,138597.54,2.0,1.0,1.0,41536.59,1,4.110873864173311
15630413,Howarth,652.0,France,41.0,5,0.0,2.0,1.0,1.0,72462.25,0,3.7376696182833684
15635942,Thomson,652.0,France,40.0,9,0.0,2.0,1.0,0.0,112465.19,1,3.713572066704308
15648858,King,652.0,France,27.0,1,85225.21,1.0,0.0,1.0,64511.44,0,3.332204510175204
15810732,Grant,652.0,France,36.0,8,148749.29,2.0,1.0,0.0,91830.75,0,3.6109179126442243
15705448,Gilbert,652.0,Germany,52.0,7,130013.12,1.0,1.0,1.0,190806.36,1,3.970291913552122
15730488,Richmond,652.0,Spain,27.0,1,0.0,1.0,0.0,1.0,112311.15,0,3.332204510175204
15620443,Fiorentino,652.0,France,62.0,6,0.0,2.0,1.0,1.0,72276.24,0,4.406719247264253
15741078,Greece,652.0,France,54.0,7,111729.47,2.0,0.0,1.0,84920.49,0,4.007333185232471
15753161,Dickson,652.0,France,36.0,5,180169.44,2.0,1.0,0.0,17348.56,0,3.6109179126442243
15711396,Henderson,652.0,Spain,40.0,8,0.0,2.0,1.0,1.0,82870.75,0,3.713572066704308
15593499,Stevens,652.0,Spain,47.0,6,0.0,1.0,1.0,0.0,32080.69,1,3.8712010109078907
15579189,Mitchell,652.0,France,42.0,5,0.0,2.0,0.0,1.0,120512.08,0,3.7612001156935624
15743545,Nworie,652.0,Spain,29.0,2,0.0,2.0,1.0,0.0,179032.68,0,3.4011973816621555
15791316,Boni,652.0,France,35.0,3,0.0,2.0,1.0,1.0,95623.28,0,3.58351893845611
15608246,Wentcher,652.0,Germany,36.0,8,103914.17,1.0,1.0,1.0,110035.88,1,3.6109179126442243
15676526,Bentley,652.0,France,34.0,4,88772.87,1.0,1.0,1.0,168822.01,0,3.5553480614894135
15813911,Hayes-Williams,652.0,France,39.0,5,0.0,1.0,1.0,0.0,77705.75,0,3.6888794541139363
15630195,Johnstone,652.0,France,40.0,6,131184.67,1.0,1.0,1.0,49815.62,0,3.713572066704308
15736250,Johnstone,652.0,France,38.0,2,117810.79,1.0,0.0,1.0,65632.33,1,3.6635616461296463
15671334,Nixon,652.0,France,31.0,4,0.0,1.0,1.0,0.0,169361.89,0,3.4657359027997265
15574169,Trevisano,652.0,Germany,32.0,0,92466.21,1.0,1.0,0.0,4721.3,0,3.4965075614664802
15718839,Tsui,652.0,Germany,38.0,2,102741.15,2.0,0.0,1.0,23974.85,0,3.6635616461296463
15762331,Moss,652.0,France,37.0,9,178755.84,1.0,1.0,0.0,199929.17,0,3.6375861597263857
15606901,Graham,652.0,France,43.0,7,0.0,2.0,1.0,0.0,40023.7,0,3.784189633918261
15713559,Onyemauchechukwu,652.0,Germany,32.0,5,146602.25,2.0,1.0,1.0,72946.95,0,3.4965075614664802
15768881,Saunders,652.0,France,29.0,2,0.0,2.0,1.0,1.0,170421.13,0,3.4011973816621555
15743075,Ko,652.0,France,35.0,6,0.0,2.0,1.0,1.0,58879.11,0,3.58351893845611
15660980,Cairns,652.0,Spain,38.0,6,115702.67,2.0,1.0,1.0,25059.05,0,3.6635616461296463
15810942,Chiemela,652.0,Germany,61.0,2,137655.31,1.0,0.0,1.0,29909.84,0,4.127134385045092
15728362,Robertson,652.0,France,29.0,3,0.0,2.0,1.0,0.0,158043.11,0,3.4011973816621555
15683339,P'eng,652.0,Spain,34.0,6,59877.33,1.0,1.0,0.0,14032.62,1,3.5553480614894135
15685476,Tseng,652.0,France,31.0,5,100082.14,1.0,0.0,1.0,49809.88,0,3.4657359027997265
15663650,Russell,652.0,Germany,52.0,10,107304.39,3.0,1.0,0.0,28806.32,1,3.970291913552122
15617434,Yen,652.0,Spain,38.0,9,0.0,1.0,0.0,1.0,90490.33,0,3.6635616461296463
15622470,Yeh,652.0,Spain,41.0,10,96032.22,1.0,1.0,1.0,75825.57,0,3.7376696182833684
15703682,Kalinina,652.0,Spain,33.0,10,0.0,1.0,0.0,0.0,158336.36,0,3.5263605246161616
15727391,Collier,652.0,Germany,29.0,9,144553.5,2.0,1.0,0.0,143454.95,0,3.4011973816621555
15711062,Thomas,652.0,Germany,40.0,5,86172.81,2.0,1.0,1.0,117279.49,0,3.713572066704308
15567339,Shaw,652.0,France,62.0,9,0.0,1.0,1.0,1.0,114283.33,0,4.304065093204169
15760662,Francis,652.0,Germany,29.0,2,87212.8,1.0,1.0,1.0,994.86,0,3.4011973816621555
15605737,George,652.0,France,36.0,5,0.0,2.0,1.0,0.0,124795.84,0,3.6109179126442243
15692977,Ikenna,652.0,Germany,36.0,2,130700.92,2.0,0.0,0.0,77592.8,0,3.6109179126442243
15672082,Schatz,652.0,France,62.0,3,0.0,2.0,1.0,0.0,105986.01,0,4.143134726391533
15600280,Tao,652.0,France,32.0,6,0.0,2.0,0.0,0.0,33606.52,0,3.4965075614664802
15804052,Scott,652.0,Spain,23.0,6,0.0,2.0,1.0,1.0,134188.11,0,3.1780538303479458
15576065,Sims,652.0,Spain,40.0,5,171325.98,1.0,1.0,1.0,159718.27,1,3.713572066704308
15796838,Chibugo,652.0,Spain,58.0,4,92930.92,1.0,0.0,1.0,85148.78,0,4.07753744390572
15693526,Ku,652.0,France,40.0,0,0.0,1.0,1.0,0.0,119059.13,0,3.713572066704308
15748595,Stanton,652.0,France,29.0,1,77556.79,2.0,1.0,1.0,122998.26,0,3.4011973816621555
15679029,Kung,652.0,France,33.0,7,102874.28,1.0,0.0,0.0,117841.06,0,3.5263605246161616
15753639,Gibson,652.0,France,37.0,5,146093.39,2.0,0.0,0.0,160593.41,0,3.6375861597263857
15604138,Iheanacho,652.0,Spain,34.0,2,0.0,1.0,0.0,0.0,174189.04,1,3.5553480614894135
15666095,Costa,652.0,Spain,51.0,4,79811.72,2.0,0.0,1.0,68260.27,1,3.9512437185814275
15643487,Sal,652.0,Spain,39.0,10,105473.74,1.0,0.0,0.0,58854.88,1,3.6888794541139363
15764033,Lin,652.0,Germany,43.0,1,121927.92,1.0,1.0,0.0,87994.95,1,3.784189633918261
15747288,Ferri,652.0,Spain,40.0,6,61671.19,1.0,0.0,1.0,150659.35,1,3.713572066704308
15790599,Yin,652.0,Germany,39.0,5,149363.12,2.0,1.0,1.0,109098.39,0,3.6888794541139363
15737705,Avdeyeva,652.0,France,27.0,4,152309.37,1.0,1.0,0.0,104112.0,0,3.332204510175204
15737194,Tu,652.0,France,33.0,5,0.0,2.0,1.0,0.0,122949.71,0,3.5263605246161616
15726776,Donnelly,652.0,Spain,36.0,1,111629.29,1.0,1.0,1.0,21807.16,0,3.6109179126442243
15804357,Loggia,652.0,France,40.0,3,0.0,1.0,1.0,1.0,32319.93,0,3.713572066704308
15664432,Chao,652.0,Spain,49.0,7,96296.78,1.0,1.0,0.0,190457.87,1,3.912023005428146
15688984,Belonwu,652.0,France,20.0,4,95830.43,1.0,1.0,0.0,177738.98,0,3.044522437723423
15583026,Welch,652.0,France,38.0,0,135919.33,1.0,1.0,0.0,80425.65,0,3.6635616461296463
15771668,Henderson,652.0,France,59.0,10,185966.64,1.0,0.0,0.0,9445.42,1,4.0943445622221
15779904,Yobanna,652.0,France,29.0,5,0.0,2.0,1.0,1.0,174825.57,0,3.4011973816621555
15784323,Gallo,652.0,France,21.0,7,0.0,2.0,0.0,0.0,175743.92,0,3.091042453358316
15756277,Wilson,652.0,Germany,43.0,8,92244.83,2.0,1.0,0.0,54949.73,0,3.784189633918261
15663312,Marino,652.0,France,35.0,9,112727.06,2.0,1.0,0.0,183752.91,0,3.58351893845611
15793197,Bailey,652.0,France,34.0,8,100359.54,1.0,0.0,0.0,46038.28,0,3.5553480614894135
15731463,Gboliwe,652.0,Germany,43.0,10,105301.5,1.0,1.0,1.0,78941.59,0,3.784189633918261
15621768,Chukwuhaenye,652.0,Spain,45.0,6,112994.65,1.0,0.0,0.0,198398.68,0,3.828641396489095
15691323,Bianchi,652.0,Germany,40.0,4,89025.88,2.0,1.0,0.0,188892.19,0,3.713572066704308
15781326,Ford,652.0,France,35.0,9,95478.17,1.0,0.0,0.0,169286.74,0,3.58351893845611
15595640,Rizzo,652.0,France,37.0,8,0.0,2.0,0.0,0.0,145004.39,0,3.6375861597263857
15814331,Lung,652.0,Germany,43.0,7,119127.46,2.0,1.0,0.0,55809.92,0,3.784189633918261
15602030,Ramirez,652.0,France,28.0,4,128206.79,1.0,1.0,1.0,54272.12,0,3.367295829986474
15747974,Sabbatini,652.0,France,49.0,1,0.0,2.0,1.0,0.0,192440.54,0,3.912023005428146
15611315,Ts'ao,652.0,Germany,23.0,4,71433.08,1.0,1.0,0.0,103697.57,0,3.1780538303479458
15636977,Trevisan,652.0,Germany,36.0,9,118214.32,3.0,1.0,0.0,119110.03,1,3.6109179126442243
15690337,Chinwenma,652.0,France,27.0,5,102258.11,2.0,1.0,0.0,194681.6,0,3.332204510175204
15680666,Berry,652.0,Spain,39.0,2,151963.26,2.0,1.0,0.0,158948.63,0,3.6888794541139363
15679551,Colombo,652.0,Spain,46.0,2,163764.84,1.0,1.0,1.0,165122.55,1,3.8501476017100584
15778915,Harris,652.0,France,32.0,7,128551.36,2.0,0.0,1.0,189402.71,0,3.4965075614664802
15568849,Bryan,652.0,Spain,31.0,10,118158.74,1.0,1.0,1.0,158027.57,0,3.4657359027997265
15747762,Chigozie,652.0,France,32.0,7,118520.41,1.0,0.0,0.0,3815.48,0,3.4965075614664802
15753679,Mullawirraburka,652.0,France,24.0,4,0.0,2.0,1.0,1.0,162809.2,0,3.2188758248682006
15750049,Steele,652.0,France,40.0,10,163823.37,1.0,0.0,0.0,89519.47,0,3.713572066704308
15606097,Zakharov,652.0,Germany,62.0,7,104469.58,1.0,1.0,1.0,25165.36,1,4.1588830833596715
15802368,Ch'eng,652.0,France,47.0,6,0.0,1.0,1.0,1.0,126012.57,0,3.8712010109078907
15767488,Berry,652.0,Spain,36.0,7,0.0,2.0,1.0,0.0,20109.21,0,3.6109179126442243
15669946,Jen,652.0,Germany,46.0,2,141726.88,1.0,1.0,1.0,58257.23,0,3.8501476017100584
15612103,Wang,652.0,Germany,35.0,2,137852.96,1.0,1.0,1.0,172269.21,1,3.58351893845611
15645353,Chubb,652.0,France,26.0,1,0.0,1.0,1.0,0.0,29818.2,0,3.295836866004329
15650018,Chen,652.0,France,43.0,8,154100.3,1.0,0.0,0.0,114659.81,0,3.784189633918261
15659002,Mazzanti,652.0,France,45.0,6,0.0,2.0,0.0,0.0,147184.74,0,3.828641396489095
15616028,T'ao,652.0,France,30.0,2,0.0,3.0,0.0,1.0,15039.41,0,3.4339872044851463
15660475,Ndubueze,652.0,France,54.0,9,0.0,1.0,0.0,1.0,76621.49,0,4.007333185232471
15652615,Ferri,652.0,France,39.0,8,140004.96,1.0,1.0,1.0,92985.78,0,3.6888794541139363
15653572,Thornton,652.0,Spain,43.0,8,127132.96,1.0,0.0,1.0,6009.27,1,3.784189633918261
15628059,DeRose,652.0,France,61.0,1,0.0,2.0,1.0,1.0,191370.97,0,4.127134385045092
15703413,Montes,652.0,France,38.0,7,125328.56,1.0,1.0,0.0,188225.67,0,3.6635616461296463
15610433,Kwemto,652.0,France,35.0,9,0.0,2.0,1.0,0.0,11743.89,0,3.58351893845611
15770548,Lucchese,652.0,Germany,28.0,3,139986.65,1.0,1.0,0.0,136846.75,0,3.367295829986474
15645637,Huggins,652.0,Germany,39.0,6,119787.76,1.0,1.0,1.0,164248.33,0,3.6888794541139363
15590888,Wade,652.0,Spain,34.0,10,107556.06,2.0,0.0,0.0,154631.35,0,3.5553480614894135
15568326,Kenenna,652.0,France,44.0,2,0.0,2.0,1.0,0.0,149665.65,0,3.8066624897703196
15655368,Wheeler,652.0,France,47.0,1,0.0,1.0,0.0,0.0,91574.92,0,3.8712010109078907
15665579,Cartwright,652.0,France,28.0,0,142705.95,1.0,1.0,0.0,127233.39,0,3.367295829986474
15676091,Iloerika,652.0,France,42.0,7,0.0,1.0,1.0,1.0,56650.47,0,3.7612001156935624
15716984,Palermo,652.0,Spain,56.0,4,0.0,2.0,1.0,0.0,84644.76,0,4.04305126783455
15715078,Nkemakolam,652.0,France,35.0,6,161613.94,2.0,1.0,1.0,148238.16,0,3.58351893845611
15569452,Butler,652.0,Germany,58.0,3,116353.2,2.0,0.0,1.0,193502.9,0,4.07753744390572
15628863,Calabresi,652.0,France,38.0,4,60013.81,1.0,1.0,1.0,38020.05,0,3.6635616461296463
15778192,Nkemdilim,652.0,Spain,28.0,4,0.0,2.0,1.0,1.0,176750.81,0,3.367295829986474
15793723,Ch'iu,652.0,Germany,32.0,9,144272.07,2.0,1.0,0.0,176580.63,0,3.4965075614664802
15798943,Alexander,652.0,France,46.0,8,0.0,2.0,1.0,0.0,133059.15,0,3.8501476017100584
15764708,Chiabuotu,652.0,France,30.0,6,117696.67,1.0,1.0,0.0,100843.82,0,3.4339872044851463
15791040,Vasilyeva,652.0,Spain,58.0,1,79954.61,2.0,1.0,1.0,30484.19,0,4.07753744390572
15631512,Schneider,652.0,France,26.0,8,149989.39,1.0,1.0,0.0,42330.58,0,3.295836866004329
15640106,Mason,652.0,France,40.0,7,124339.9,1.0,0.0,0.0,193309.58,0,3.713572066704308
15710315,Chukwukadibia,652.0,Germany,29.0,4,135759.4,1.0,0.0,0.0,112813.79,1,3.4011973816621555
15771535,Tsui,652.0,Spain,37.0,9,0.0,2.0,1.0,0.0,68008.85,0,3.6375861597263857
15611947,Banks,652.0,France,34.0,3,83074.0,1.0,1.0,0.0,132673.22,0,3.5553480614894135
15670266,Shih,652.0,France,28.0,4,141792.61,1.0,1.0,1.0,22001.91,0,3.367295829986474
15609083,Tretiakova,652.0,France,26.0,6,0.0,1.0,1.0,0.0,100200.4,1,3.295836866004329
15567923,Barese,652.0,France,30.0,6,0.0,1.0,0.0,0.0,122604.44,0,3.4339872044851463
15788183,Longo,652.0,Germany,43.0,1,106870.12,2.0,1.0,0.0,100564.37,0,3.784189633918261
15735782,MacDonald,652.0,France,31.0,9,120962.59,1.0,1.0,0.0,5419.31,0,3.4657359027997265
15774401,Chambers,652.0,Spain,51.0,4,0.0,2.0,0.0,0.0,123587.83,1,3.9512437185814275
15737971,Cowen,652.0,France,30.0,5,0.0,2.0,1.0,0.0,13935.32,0,3.4339872044851463
15758750,Iweobiegbunam,652.0,France,31.0,0,110527.17,1.0,1.0,1.0,87060.77,0,3.4657359027997265
15611767,Mai,652.0,Germany,52.0,0,133723.43,1.0,0.0,0.0,4859.59,1,3.970291913552122
15643770,Yu,652.0,France,52.0,5,112670.48,1.0,1.0,0.0,21085.17,1,3.970291913552122
15744717,Duffy,652.0,France,44.0,2,0.0,2.0,1.0,1.0,26733.86,0,3.8066624897703196
15570681,Chiang,652.0,France,24.0,1,116084.32,1.0,1.0,0.0,89734.7,0,3.2188758248682006
15792650,Watts,652.0,Spain,36.0,0,0.0,1.0,1.0,1.0,179540.73,1,3.6109179126442243
15605531,Daly,652.0,Spain,38.0,6,0.0,2.0,1.0,0.0,173219.09,0,3.6635616461296463
15605339,Baker,652.0,France,37.0,10,0.0,2.0,1.0,1.0,37411.35,0,3.6375861597263857
15672216,Uvarov,652.0,France,40.0,4,82441.75,1.0,0.0,0.0,80852.11,0,3.713572066704308
15812893,Costa,652.0,France,39.0,10,0.0,2.0,1.0,1.0,43174.49,1,3.6888794541139363
15624180,Genovesi,652.0,Germany,37.0,10,134171.8,3.5,1.0,1.0,70927.11,1,3.6375861597263857
15701364,Doherty,652.0,France,30.0,10,0.0,2.0,1.0,1.0,54265.55,0,3.4339872044851463
15762588,Kaleski,652.0,France,31.0,5,0.0,2.0,1.0,1.0,41872.17,0,3.4657359027997265
15806318,Wright,652.0,Germany,48.0,2,124442.38,1.0,1.0,0.0,15068.53,1,3.8918202981106265
15712596,Huang,652.0,France,31.0,4,0.0,1.0,1.0,0.0,25950.49,0,3.4657359027997265
15600399,Trentino,652.0,France,60.0,4,0.0,1.0,1.0,0.0,197727.14,1,4.110873864173311
15576216,Chienezie,652.0,Germany,37.0,4,108862.76,1.0,1.0,0.0,79555.08,1,3.6375861597263857
15620750,Sugden,652.0,France,28.0,3,141099.43,1.0,1.0,1.0,15607.27,0,3.367295829986474
15623489,Tu,652.0,France,62.0,0,128843.67,1.0,1.0,1.0,134612.48,0,4.219507705176107
15667944,Onuchukwu,652.0,France,39.0,0,86843.61,1.0,0.0,1.0,159830.58,0,3.6888794541139363
15584928,Ugochukwutubelum,652.0,Germany,32.0,4,120074.97,2.0,1.0,1.0,162961.79,0,3.4965075614664802
15779913,Davidson,652.0,France,27.0,5,130231.8,2.0,1.0,1.0,192427.16,0,3.332204510175204
15644977,Goddard,652.0,France,31.0,5,0.0,2.0,1.0,0.0,92647.94,0,3.4657359027997265
15749679,Beck,652.0,France,39.0,2,109724.38,1.0,1.0,1.0,180022.39,0,3.6888794541139363
15629010,Beam,652.0,Germany,35.0,5,111743.43,1.0,1.0,1.0,183584.14,0,3.58351893845611
15768465,Sheppard,652.0,Germany,35.0,8,121309.17,2.0,1.0,1.0,28750.67,0,3.58351893845611
15767781,Godfrey,652.0,France,38.0,10,82697.28,1.0,1.0,0.0,74846.67,0,3.6635616461296463
15635364,Gray,652.0,France,49.0,9,44301.43,3.0,1.0,1.0,89729.3,1,3.912023005428146
15722004,Hsiung,652.0,France,31.0,4,138317.94,1.0,0.0,0.0,61843.73,0,3.4657359027997265
15766044,Cameron,652.0,Germany,49.0,4,120688.61,1.0,1.0,0.0,24770.22,1,3.912023005428146
15586680,Fleming,652.0,France,27.0,4,176913.52,1.0,1.0,0.0,80587.27,0,3.332204510175204
15635388,Austin,652.0,Spain,47.0,6,89047.14,1.0,1.0,0.0,116286.25,0,3.8712010109078907
15655175,Wallace,652.0,Germany,40.0,4,114318.78,2.0,1.0,0.0,129333.69,1,3.713572066704308
15639133,Ku,652.0,France,50.0,4,0.0,2.0,1.0,0.0,129372.94,0,3.9318256327243257
15799653,Fiorentino,652.0,Germany,32.0,7,94753.55,2.0,1.0,1.0,18149.03,0,3.4965075614664802
15723872,Buccho,652.0,Spain,46.0,10,0.0,2.0,0.0,1.0,168369.37,0,3.8501476017100584
15775627,Gordon,652.0,France,35.0,8,0.0,2.0,0.0,1.0,67431.28,0,3.58351893845611
15630704,Haworth,652.0,Germany,32.0,9,106520.73,2.0,1.0,0.0,177092.16,0,3.4965075614664802
15815534,Guidry,652.0,Spain,37.0,0,134006.39,1.0,1.0,1.0,93736.69,0,3.6375861597263857
15697249,Lettiere,652.0,Germany,25.0,3,132837.7,1.0,1.0,0.0,131647.31,0,3.258096538021482
15681316,Tai,652.0,France,41.0,0,120549.29,2.0,1.0,0.0,175722.31,0,3.7376696182833684
15682523,Chigozie,652.0,France,20.0,1,139432.55,1.0,1.0,1.0,85606.83,0,3.044522437723423
15650244,Bezrukov,652.0,Spain,29.0,7,80895.44,2.0,1.0,0.0,64945.57,0,3.4011973816621555
15648638,Chia,652.0,Spain,34.0,6,0.0,2.0,1.0,0.0,190347.72,0,3.5553480614894135
15795747,Sheppard,652.0,Spain,39.0,7,171646.76,1.0,0.0,1.0,100791.36,0,3.6888794541139363
15607330,Vasilyev,652.0,Spain,42.0,0,109121.71,1.0,0.0,1.0,167873.49,0,3.7612001156935624
15624013,Maxwell,652.0,France,39.0,6,109844.81,1.0,1.0,0.0,25289.23,0,3.6888794541139363
15800805,Maher,652.0,France,31.0,7,140931.82,1.0,0.0,1.0,20388.77,0,3.4657359027997265
15667321,Cocci,652.0,Spain,49.0,10,0.0,2.0,1.0,1.0,145089.64,0,3.912023005428146
15601116,P'an,652.0,France,32.0,6,0.0,2.0,1.0,1.0,179093.26,0,3.4965075614664802
15622033,Rapuluchukwu,652.0,Germany,41.0,3,101543.51,3.5,1.0,0.0,16025.17,1,3.7376696182833684
15758451,Azuka,652.0,Germany,37.0,7,102708.77,1.0,1.0,0.0,9087.81,0,3.6375861597263857
15688689,Esposito,652.0,Germany,37.0,8,149000.91,2.0,1.0,1.0,21472.42,0,3.6375861597263857
15652674,Hou,652.0,France,20.0,0,83459.86,1.0,1.0,1.0,146752.67,0,3.044522437723423
15806327,Cyril,652.0,France,40.0,3,75893.11,2.0,1.0,0.0,132562.23,0,3.713572066704308
15649618,Tomlinson,652.0,Germany,39.0,7,167395.6,2.0,0.0,1.0,139537.43,0,3.6888794541139363
15677117,Crawford,652.0,France,61.0,6,0.0,2.0,1.0,1.0,133672.61,0,4.127134385045092
15751445,Chikwado,652.0,Germany,52.0,6,71283.09,2.0,0.0,1.0,38984.37,0,3.970291913552122
15749669,Hargreaves,652.0,France,31.0,3,0.0,2.0,1.0,1.0,115217.59,0,3.4657359027997265
15656351,Laidley,652.0,Spain,60.0,3,0.0,2.0,1.0,1.0,93844.82,0,4.110873864173311
15667438,Ferguson,652.0,France,38.0,1,104016.88,1.0,0.0,0.0,22068.83,1,3.6635616461296463
15682273,Burns,652.0,France,38.0,5,127616.56,1.0,1.0,0.0,123846.07,0,3.6635616461296463
15580912,McNeill,652.0,France,32.0,5,154737.88,2.0,1.0,1.0,172638.13,0,3.4965075614664802
15785183,Chukwuebuka,652.0,Spain,29.0,2,0.0,2.0,1.0,1.0,1591.19,0,3.4011973816621555
15705383,Shen,652.0,France,35.0,4,125476.31,1.0,1.0,1.0,91775.51,0,3.58351893845611
15712903,Diaz,652.0,France,21.0,3,176511.08,1.0,1.0,1.0,153920.22,0,3.091042453358316
15774285,Kentish,652.0,Spain,47.0,8,110783.28,1.0,1.0,1.0,71420.16,0,3.8712010109078907
15583138,Persse,652.0,France,42.0,2,141642.92,2.0,1.0,0.0,172149.76,0,3.7612001156935624
15740160,Okwukwe,652.0,France,31.0,1,0.0,2.0,1.0,1.0,54706.75,0,3.4657359027997265
15793425,Watt,652.0,Spain,33.0,9,0.0,1.0,0.0,1.0,183358.21,0,3.5263605246161616
15749265,Carslaw,652.0,Germany,42.0,1,75681.52,1.0,1.0,1.0,57098.0,0,3.7612001156935624
15623989,Griffin,652.0,France,54.0,3,0.0,1.0,1.0,0.0,156910.46,1,4.007333185232471
15604832,Hsia,652.0,France,29.0,7,0.0,1.0,1.0,1.0,130224.73,0,3.4011973816621555
15584580,Fyodorova,652.0,France,35.0,6,161111.45,1.0,0.0,0.0,13946.66,0,3.58351893845611
15573854,Chukwujekwu,652.0,France,62.0,5,0.0,2.0,0.0,1.0,38652.96,0,4.143134726391533
15614847,Townsend,652.0,France,45.0,6,72494.69,1.0,0.0,1.0,140041.78,0,3.828641396489095
15679966,Marsh,652.0,France,31.0,3,133964.3,1.0,1.0,1.0,166187.1,0,3.4657359027997265
15799435,Hayes,652.0,Spain,34.0,1,0.0,1.0,1.0,0.0,139919.38,0,3.5553480614894135
15752186,Padovano,652.0,France,27.0,3,0.0,2.0,1.0,0.0,28137.03,0,3.332204510175204
15705544,Ma,652.0,France,61.0,3,157201.48,1.0,0.0,1.0,50368.63,0,4.127134385045092
15713632,Ham,652.0,Spain,48.0,5,95679.29,1.0,0.0,0.0,94978.1,0,3.8918202981106265
15586523,Paten,652.0,Germany,29.0,7,106230.92,1.0,1.0,1.0,69903.93,1,3.4011973816621555
15609176,Cawthorne,652.0,France,32.0,5,0.0,2.0,0.0,1.0,177607.77,0,3.4965075614664802
15769308,Herbert,652.0,Germany,36.0,9,81231.85,2.0,1.0,0.0,196731.08,0,3.6109179126442243
15676810,Jen,652.0,France,31.0,1,81480.27,2.0,1.0,1.0,65234.6,0,3.4657359027997265
15634591,Saunders,652.0,France,33.0,8,73059.38,1.0,1.0,1.0,186281.0,0,3.5263605246161616
15679804,Esquivel,652.0,France,36.0,5,117559.05,2.0,1.0,1.0,111573.3,0,3.6109179126442243
15677764,Chao,652.0,Germany,62.0,1,186445.31,2.0,1.0,1.0,196767.83,0,4.31748811353631
15571917,Eluemuno,652.0,Germany,38.0,5,137657.71,2.0,1.0,0.0,72985.61,0,3.6635616461296463
15574608,Sidorova,652.0,France,36.0,8,133889.35,1.0,1.0,1.0,143265.65,0,3.6109179126442243
15740868,Pirogova,652.0,Germany,45.0,9,134562.8,1.0,1.0,1.0,159268.67,0,3.828641396489095
15702442,Benson,652.0,Germany,56.0,9,100781.75,2.0,1.0,1.0,54448.41,0,4.04305126783455
15699797,Santana,652.0,France,30.0,8,174356.13,1.0,0.0,0.0,31928.5,0,3.4339872044851463
15648047,Williamson,652.0,Germany,27.0,5,190125.43,2.0,0.0,0.0,21793.59,0,3.332204510175204
15766826,North,652.0,France,26.0,7,146266.0,1.0,1.0,0.0,21903.62,1,3.295836866004329
15591628,Davies,652.0,Germany,41.0,9,164046.1,1.0,1.0,0.0,49405.93,0,3.7376696182833684
15583857,Siciliano,652.0,Spain,43.0,4,123536.52,2.0,0.0,0.0,154908.52,0,3.784189633918261
15752534,Mironov,652.0,France,36.0,10,0.0,2.0,1.0,1.0,182867.84,0,3.6109179126442243
15741403,Amechi,652.0,Spain,38.0,1,171848.38,1.0,0.0,0.0,16957.45,0,3.6635616461296463
15783589,Toscano,652.0,France,40.0,9,0.0,2.0,0.0,0.0,93717.55,0,3.713572066704308
15598046,Su,652.0,France,39.0,5,139562.05,2.0,1.0,0.0,61636.22,0,3.6888794541139363
15643330,Chukwuemeka,652.0,France,37.0,2,0.0,2.0,0.0,1.0,95864.5,0,3.6375861597263857
15680405,P'eng,652.0,France,40.0,2,168001.34,2.0,1.0,1.0,167400.29,0,3.713572066704308
15728683,Lombardo,652.0,France,27.0,0,0.0,2.0,0.0,1.0,131534.96,0,3.332204510175204
15621644,Lombardi,652.0,Germany,62.0,6,123356.63,1.0,0.0,1.0,92934.41,0,4.430816798843313
15733032,Butler,652.0,Spain,47.0,2,0.0,2.0,1.0,1.0,119808.64,0,3.8712010109078907
15608381,Dean,652.0,Germany,50.0,2,125845.66,1.0,1.0,0.0,9439.31,1,3.9318256327243257
15658946,Piccio,652.0,Germany,40.0,10,45408.85,2.0,1.0,0.0,18732.91,0,3.713572066704308
15757912,Bradley,652.0,Germany,37.0,0,125977.81,1.0,0.0,0.0,160162.42,0,3.6375861597263857
15645371,Cameron,652.0,Germany,51.0,7,147262.11,1.0,1.0,1.0,53630.9,1,3.9512437185814275
15653110,Chan,652.0,France,42.0,8,133767.19,1.0,1.0,0.0,36405.21,0,3.7612001156935624
15766355,Lettiere,652.0,Germany,49.0,0,108806.96,3.0,1.0,0.0,61446.92,1,3.912023005428146
15585249,Mironova,652.0,France,42.0,6,106036.52,1.0,1.0,0.0,194686.78,1,3.7612001156935624
15611786,Tsui,652.0,Spain,62.0,9,0.0,1.0,0.0,1.0,134483.07,0,4.248495242049359
15575486,Okoli,652.0,France,27.0,1,0.0,2.0,1.0,1.0,37769.98,0,3.332204510175204
15780215,Berry,652.0,France,31.0,6,0.0,2.0,1.0,1.0,2382.61,0,3.4657359027997265
15686099,Ruse,652.0,Spain,61.0,1,82182.1,1.0,1.0,0.0,106826.92,1,4.127134385045092
15739042,Bogolyubov,652.0,France,35.0,9,0.0,2.0,1.0,0.0,39511.61,0,3.58351893845611
15815316,Kennedy,652.0,France,50.0,9,76817.0,3.5,1.0,0.0,196371.13,1,3.9318256327243257
15778489,Bolton,652.0,Germany,62.0,9,142550.25,2.0,1.0,1.0,122506.78,0,4.276666119016055
15786389,Chuang,652.0,Spain,41.0,10,0.0,2.0,1.0,1.0,61994.2,0,3.7376696182833684
15601787,Greco,652.0,Germany,35.0,2,103711.56,1.0,0.0,1.0,192464.21,1,3.58351893845611
15624715,Ma,652.0,Spain,40.0,2,0.0,1.0,1.0,1.0,5194.95,0,3.713572066704308
15763093,Nucci,652.0,Germany,35.0,7,128369.75,2.0,1.0,0.0,198256.15,0,3.58351893845611
15572073,Yao,652.0,Spain,35.0,5,0.0,2.0,1.0,1.0,62634.94,0,3.58351893845611
15780256,Palfreyman,652.0,France,34.0,9,0.0,2.0,1.0,1.0,114006.35,0,3.5553480614894135
15659305,Webster,652.0,Germany,19.0,8,166133.28,1.0,1.0,1.0,107994.99,0,2.995732273553991
15638882,Cardell,652.0,Germany,62.0,9,148214.36,1.0,1.0,0.0,48571.14,1,4.143134726391533
15714680,Bianchi,652.0,France,62.0,5,121206.96,1.0,1.0,1.0,76016.49,0,4.3694478524670215
15777217,Somadina,652.0,Spain,25.0,10,0.0,2.0,1.0,1.0,180808.39,0,3.258096538021482
15739123,Mellor,652.0,Germany,50.0,4,127552.85,2.0,1.0,0.0,4225.11,0,3.9318256327243257
15594450,Tomlinson,652.0,France,49.0,9,159458.53,1.0,1.0,0.0,135841.35,0,3.912023005428146
15797751,Pai,652.0,Germany,47.0,5,102085.72,1.0,1.0,1.0,183536.24,1,3.8712010109078907
15691543,Lennox,652.0,Germany,58.0,2,142537.18,1.0,1.0,1.0,88791.83,0,4.07753744390572
15722845,Meldrum,652.0,Spain,29.0,1,182781.74,2.0,1.0,1.0,63732.9,0,3.4011973816621555
15605804,Watson,652.0,France,45.0,10,0.0,2.0,1.0,0.0,1364.54,0,3.828641396489095
15702061,Findlay,652.0,France,29.0,7,0.0,2.0,1.0,1.0,149184.15,0,3.4011973816621555
15694321,Su,652.0,France,28.0,3,0.0,2.0,1.0,0.0,53394.12,0,3.367295829986474
15798749,Davidson,652.0,Germany,43.0,3,152063.59,2.0,1.0,0.0,97910.06,0,3.784189633918261
15720050,Barrett,652.0,France,28.0,2,110997.76,1.0,1.0,0.0,101433.76,0,3.367295829986474
15758048,Miah,652.0,France,50.0,2,148942.0,1.0,1.0,1.0,116944.3,0,3.9318256327243257
15805681,Chamberlain,652.0,France,41.0,9,0.0,1.0,1.0,1.0,113267.48,0,3.7376696182833684
15802809,Vidal,652.0,Spain,36.0,0,84438.57,1.0,1.0,1.0,181449.51,0,3.6109179126442243
15807239,Lung,652.0,France,34.0,7,93920.47,1.0,0.0,0.0,179913.98,0,3.5553480614894135
15749093,Tretyakova,652.0,France,43.0,4,158713.08,2.0,0.0,0.0,98586.14,0,3.784189633918261
15689344,Montgomery,652.0,Spain,42.0,4,0.0,3.0,0.0,1.0,120321.09,0,3.7612001156935624
15606076,Golubev,652.0,Germany,62.0,7,123204.88,1.0,1.0,1.0,100538.8,0,4.1588830833596715
15610090,Han,652.0,France,40.0,8,72945.29,2.0,1.0,0.0,98931.5,0,3.713572066704308
15693926,Pan,652.0,Spain,37.0,0,178742.71,1.0,1.0,1.0,194493.57,0,3.6375861597263857
15791501,Carroll,652.0,France,43.0,8,0.0,2.0,1.0,1.0,143628.31,0,3.784189633918261
15621870,Hawkins,652.0,Spain,40.0,8,0.0,1.0,1.0,0.0,167030.51,0,3.713572066704308
15734711,Loggia,652.0,France,42.0,7,0.0,1.0,1.0,0.0,77786.37,1,3.7612001156935624
15814405,Chesnokova,652.0,France,46.0,9,0.0,1.0,1.0,1.0,81014.5,1,3.8501476017100584
15729359,Chambers,652.0,France,29.0,9,0.0,2.0,1.0,1.0,41866.26,0,3.4011973816621555
15606944,Fleming,652.0,Germany,43.0,9,140121.17,1.0,1.0,0.0,11302.7,1,3.784189633918261
15671934,Veale,652.0,Germany,39.0,2,132906.88,1.0,0.0,1.0,149384.43,0,3.6888794541139363
15641773,Browne,652.0,Germany,45.0,2,179334.83,2.0,1.0,1.0,169303.65,0,3.828641396489095
15701972,Parsons,652.0,France,35.0,3,137179.39,1.0,1.0,1.0,37264.11,0,3.58351893845611
15749114,Bailey,652.0,Spain,35.0,3,0.0,2.0,1.0,1.0,19515.48,0,3.58351893845611
15780362,Ferrari,652.0,France,49.0,9,119960.29,2.0,1.0,0.0,103068.22,0,3.912023005428146
15753229,Genovese,652.0,France,29.0,9,127414.55,1.0,1.0,1.0,134459.12,0,3.4011973816621555
15656009,McIntyre,652.0,France,36.0,6,0.0,1.0,1.0,0.0,70496.66,0,3.6109179126442243
15785024,Warner,652.0,France,40.0,9,137409.19,1.0,1.0,0.0,175877.7,1,3.713572066704308
15670492,Gordon,652.0,France,28.0,8,0.0,2.0,1.0,0.0,106390.01,0,3.367295829986474
15795458,McMillan,652.0,Spain,39.0,2,0.0,1.0,1.0,1.0,52138.49,0,3.6888794541139363
15732438,Cheng,652.0,France,43.0,4,0.0,3.5,0.0,0.0,18522.91,1,3.784189633918261
15781987,Akhtar,652.0,France,31.0,9,112494.99,1.0,1.0,1.0,32231.6,0,3.4657359027997265
15775826,Iadanza,652.0,France,30.0,1,78133.15,1.0,0.0,1.0,174225.88,0,3.4339872044851463
15807457,Abernathy,652.0,Spain,36.0,1,0.0,2.0,1.0,0.0,102021.39,0,3.6109179126442243
15632538,Watson,652.0,Spain,32.0,5,145553.07,1.0,1.0,1.0,31484.76,0,3.4965075614664802
15641389,Shen,652.0,Germany,48.0,4,123593.22,2.0,1.0,0.0,82469.06,1,3.8918202981106265
15657306,Kershaw,652.0,France,47.0,2,0.0,1.0,0.0,0.0,110900.43,1,3.8712010109078907
15709447,Reed,652.0,France,26.0,0,146286.22,1.0,1.0,0.0,105105.35,0,3.295836866004329
15762682,Mitchell,652.0,Spain,35.0,1,111827.27,2.0,1.0,0.0,12674.68,0,3.58351893845611
15626042,Webb,652.0,Spain,26.0,2,0.0,2.0,1.0,1.0,93255.85,0,3.295836866004329
15597109,Vanzetti,652.0,France,62.0,1,94416.78,1.0,0.0,1.0,145299.5,0,4.2626798770413155
15756148,Nnanna,652.0,Spain,45.0,2,91549.78,1.0,1.0,1.0,47139.44,0,3.828641396489095
15665634,Campbell,652.0,France,38.0,7,59568.57,1.0,1.0,1.0,167723.25,0,3.6635616461296463
15739997,Capon,652.0,France,23.0,2,94464.81,2.0,0.0,1.0,185900.88,0,3.1780538303479458
15686242,Otutodilichukwu,652.0,France,57.0,4,0.0,1.0,0.0,0.0,85876.67,1,4.060443010546419
15759244,Boone,652.0,Germany,44.0,8,95368.14,2.0,1.0,1.0,1787.85,0,3.8066624897703196
15672027,McIntyre,652.0,Germany,33.0,10,102185.42,2.0,1.0,0.0,23231.93,0,3.5263605246161616
15594576,Zhdanov,652.0,France,32.0,1,144875.71,1.0,0.0,0.0,187740.04,0,3.4965075614664802
15707138,Nagy,652.0,Spain,39.0,5,0.0,2.0,1.0,1.0,100060.54,0,3.6888794541139363
15756954,Lombardo,652.0,France,32.0,2,0.0,1.0,1.0,1.0,80130.54,0,3.4965075614664802
15619130,Simpson,652.0,Germany,37.0,5,113291.05,2.0,1.0,1.0,132467.54,0,3.6375861597263857
15639665,Herbert,652.0,Spain,61.0,0,0.0,2.0,1.0,1.0,96202.44,0,4.127134385045092
15571065,Lehr,652.0,Spain,39.0,0,0.0,2.0,1.0,0.0,94977.3,0,3.6888794541139363
15686060,Chou,652.0,Germany,43.0,9,111677.88,1.0,1.0,0.0,178827.3,1,3.784189633918261
15615753,Upchurch,652.0,Germany,35.0,8,131101.04,1.0,1.0,1.0,192852.67,0,3.58351893845611
15800961,Ugorji,652.0,Germany,52.0,1,76101.81,2.0,0.0,1.0,177238.35,0,3.970291913552122
15763065,Palerma,652.0,Spain,40.0,2,0.0,2.0,1.0,0.0,199753.97,0,3.713572066704308
15672467,Coles,652.0,France,52.0,7,92510.9,2.0,0.0,1.0,66193.61,0,3.970291913552122
15752915,Hsueh,652.0,France,34.0,2,0.0,2.0,1.0,1.0,181270.84,0,3.5553480614894135
15744695,Tu,652.0,France,39.0,5,77652.4,1.0,1.0,1.0,25407.59,0,3.6888794541139363
15584897,Kuo,652.0,France,31.0,3,98360.03,1.0,0.0,0.0,20973.8,0,3.4657359027997265
15601857,Woodhouse,652.0,Germany,46.0,4,115518.07,1.0,0.0,0.0,76544.9,1,3.8501476017100584
15674156,Tretiakova,652.0,Germany,62.0,3,27288.43,1.0,1.0,1.0,110509.9,0,4.248495242049359
15695465,Gibson,652.0,France,36.0,6,0.0,1.0,1.0,0.0,164247.51,0,3.6109179126442243
15792232,Moss,652.0,Spain,43.0,5,0.0,2.0,0.0,0.0,105149.8,0,3.784189633918261
15807900,Chineze,652.0,France,36.0,7,0.0,1.0,1.0,1.0,55868.97,1,3.6109179126442243
15743760,Davidson,652.0,France,31.0,6,131996.66,2.0,1.0,1.0,178747.43,0,3.4657359027997265
15652835,Liang,652.0,Spain,27.0,2,121580.42,1.0,0.0,1.0,134720.51,0,3.332204510175204
15767818,Graham,652.0,France,55.0,10,132436.34,1.0,1.0,0.0,978.66,0,4.02535169073515
15591150,Nwebube,652.0,Spain,34.0,10,0.0,2.0,0.0,1.0,183387.12,0,3.5553480614894135
15734659,Sozonov,652.0,Germany,46.0,5,107978.4,2.0,1.0,0.0,155876.06,0,3.8501476017100584
15796115,Forbes,652.0,Germany,40.0,4,78119.59,3.5,1.0,0.0,119259.34,1,3.713572066704308
15724648,Chikezie,652.0,France,26.0,6,98684.15,1.0,0.0,0.0,133720.57,0,3.295836866004329
15737732,Onwuemelie,652.0,France,44.0,10,0.0,2.0,1.0,0.0,170634.49,0,3.8066624897703196
15632280,Toth,652.0,Spain,53.0,9,0.0,1.0,1.0,0.0,125692.07,1,3.9889840465642745
15750407,Hunt,652.0,Germany,43.0,2,129264.05,2.0,0.0,0.0,19150.14,0,3.784189633918261
15795370,Mazure,652.0,Germany,37.0,6,131753.41,1.0,1.0,0.0,86894.67,0,3.6375861597263857
15656829,Hughes,652.0,Spain,33.0,6,0.0,2.0,1.0,0.0,57975.8,0,3.5263605246161616
15643794,Bennett,652.0,Spain,27.0,2,0.0,1.0,1.0,1.0,82938.99,0,3.332204510175204
15798605,Tien,652.0,Germany,26.0,1,57422.62,1.0,1.0,1.0,79189.4,0,3.295836866004329
15637324,Kay,652.0,France,28.0,7,0.0,2.0,0.0,1.0,5177.62,0,3.367295829986474
15589589,Bryan,652.0,France,34.0,5,144094.2,1.0,1.0,0.0,44510.26,0,3.5553480614894135
15778936,Ingamells,652.0,France,33.0,9,147510.34,1.0,1.0,0.0,190611.92,0,3.5263605246161616
15757385,Milne,652.0,Spain,28.0,8,161592.76,1.0,1.0,0.0,177834.79,0,3.367295829986474
15666200,Lombardo,652.0,France,40.0,1,0.0,2.0,1.0,1.0,119446.64,0,3.713572066704308
15683977,Owens,652.0,Spain,62.0,4,0.0,2.0,1.0,1.0,50267.69,0,4.290459441148391
15675518,Charlton,652.0,Spain,53.0,1,75225.53,2.0,0.0,0.0,144849.1,1,3.9889840465642745
15584812,Overby,652.0,Spain,39.0,0,0.0,2.0,0.0,0.0,81901.6,0,3.6888794541139363
15752984,Chifley,652.0,France,62.0,9,87542.89,2.0,1.0,1.0,42576.86,0,4.2626798770413155
15577913,Oliver,652.0,France,32.0,8,144581.96,1.0,1.0,1.0,87609.5,0,3.4965075614664802
15591980,Hill,652.0,France,33.0,5,122568.05,2.0,1.0,1.0,82820.85,0,3.5263605246161616
15598948,DeRose,652.0,Spain,24.0,5,172231.93,1.0,0.0,1.0,155144.12,0,3.2188758248682006
15574142,Chuang,652.0,Germany,28.0,2,171932.26,2.0,1.0,1.0,9578.24,0,3.367295829986474
15582903,Edwards,652.0,France,39.0,7,0.0,2.0,1.0,1.0,170392.59,0,3.6888794541139363
15733229,Rodriguez,652.0,Spain,34.0,7,0.0,2.0,0.0,0.0,3946.29,0,3.5553480614894135
15635752,Lo,652.0,Germany,38.0,4,111798.06,2.0,1.0,1.0,102184.66,0,3.6635616461296463
15771000,Powell,652.0,France,38.0,4,0.0,3.0,1.0,0.0,75609.84,0,3.6635616461296463
15804864,Chu,652.0,France,27.0,5,79336.61,1.0,1.0,1.0,26170.08,0,3.332204510175204
15641175,Munro,652.0,Germany,62.0,3,120916.52,3.0,0.0,0.0,144727.45,1,4.1588830833596715
15692226,Onwumelu,652.0,France,31.0,3,142905.51,1.0,1.0,1.0,58134.97,0,3.4657359027997265
15584156,Siciliani,652.0,Spain,27.0,10,0.0,3.0,0.0,0.0,94620.0,1,3.332204510175204
15702656,Yobachi,652.0,France,33.0,1,96834.78,1.0,1.0,0.0,108764.69,0,3.5263605246161616
15606552,Akabueze,652.0,France,37.0,9,105261.76,2.0,1.0,1.0,149503.54,0,3.6375861597263857
15687001,Chiemenam,652.0,Germany,54.0,1,123544.0,1.0,1.0,1.0,120314.75,1,4.007333185232471
15781903,Odinakachukwu,652.0,Germany,41.0,2,127913.71,2.0,1.0,1.0,44205.95,0,3.7376696182833684
15731951,Reilly,652.0,Spain,28.0,5,95328.6,1.0,1.0,0.0,6129.61,1,3.367295829986474
15580953,Forbes,652.0,France,30.0,4,73218.89,1.0,0.0,1.0,126796.69,0,3.4339872044851463
15810390,Amadi,652.0,France,41.0,1,0.0,2.0,0.0,1.0,27509.52,1,3.7376696182833684
15628274,Ferri,652.0,Germany,35.0,8,149995.72,2.0,1.0,0.0,42143.55,0,3.58351893845611
15615444,Y?an,652.0,Germany,28.0,8,123674.28,2.0,1.0,1.0,87985.2,0,3.367295829986474
15784010,Williamson,652.0,Germany,33.0,2,124125.26,1.0,1.0,0.0,81884.8,0,3.5263605246161616
15571586,Briggs,652.0,Spain,29.0,3,159035.45,1.0,1.0,0.0,2705.31,1,3.4011973816621555
15748616,Napolitani,652.0,France,27.0,5,0.0,2.0,1.0,0.0,30546.4,0,3.332204510175204
15769402,Carpenter,652.0,France,27.0,7,156811.74,1.0,1.0,1.0,149402.59,0,3.332204510175204
15739248,Lin,652.0,France,52.0,4,0.0,2.0,1.0,1.0,118429.02,0,3.970291913552122
15603481,Robinson,652.0,Spain,55.0,4,0.0,2.0,1.0,1.0,58442.25,0,4.02535169073515
15723604,Collins,652.0,France,39.0,6,150555.83,1.0,1.0,0.0,30414.17,0,3.6888794541139363
15797822,Kingsley,652.0,France,28.0,2,109137.12,1.0,1.0,1.0,58814.41,0,3.367295829986474
15665064,Harvey,652.0,France,36.0,8,158351.02,2.0,1.0,0.0,155304.53,0,3.6109179126442243
15640580,Obiora,652.0,France,47.0,9,0.0,1.0,1.0,0.0,187943.6,0,3.8712010109078907
15581089,Knight,652.0,Spain,35.0,7,0.0,2.0,1.0,1.0,43036.6,0,3.58351893845611
15728605,Hung,652.0,France,40.0,4,0.0,2.0,0.0,1.0,26543.28,0,3.713572066704308
15737385,Curtis,652.0,Spain,46.0,6,0.0,2.0,1.0,0.0,171928.04,0,3.8501476017100584
15714789,Perez,652.0,France,24.0,7,0.0,1.0,0.0,1.0,35611.35,0,3.2188758248682006
15786035,Gosnell,652.0,France,39.0,9,0.0,2.0,1.0,0.0,19047.23,0,3.6888794541139363
15815259,Fang,652.0,France,56.0,2,0.0,2.0,1.0,1.0,39820.13,0,4.04305126783455
15592716,Clarke,652.0,France,52.0,2,0.0,1.0,1.0,0.0,129013.59,1,3.970291913552122
15734850,Milanesi,652.0,Spain,36.0,1,82729.49,1.0,1.0,0.0,113810.12,0,3.6109179126442243
15638047,Chia,652.0,Germany,45.0,9,142765.24,2.0,1.0,0.0,34749.65,0,3.828641396489095
15674573,Gearhart,652.0,France,25.0,4,121172.97,1.0,1.0,1.0,56268.98,0,3.258096538021482
15694859,McLean,652.0,Germany,28.0,10,132932.14,2.0,1.0,1.0,46630.47,0,3.367295829986474
15776404,Williamson,652.0,France,22.0,8,123374.46,1.0,1.0,1.0,124906.59,0,3.1354942159291497
15579345,Murphy,652.0,Germany,62.0,0,161371.5,1.0,1.0,1.0,134869.93,0,4.31748811353631
15690733,Angelo,652.0,Spain,45.0,4,0.0,2.0,0.0,0.0,36697.48,1,3.828641396489095
15631481,Thomson,652.0,France,51.0,8,79563.36,2.0,1.0,1.0,172200.91,0,3.9512437185814275
15620988,Murray,652.0,France,46.0,2,0.0,2.0,1.0,0.0,137136.46,0,3.8501476017100584
15571529,Kirby,652.0,Germany,48.0,7,138232.24,1.0,1.0,0.0,57594.78,0,3.8918202981106265
15592104,Lane,652.0,France,41.0,5,0.0,1.0,0.0,0.0,36548.0,1,3.7376696182833684
15651900,Bergamaschi,652.0,Germany,53.0,1,81571.05,1.0,1.0,0.0,182960.46,1,3.9889840465642745
15596212,Yang,652.0,Spain,35.0,1,0.0,2.0,0.0,0.0,42117.9,0,3.58351893845611
15710687,Mills,652.0,France,33.0,0,95927.04,1.0,1.0,0.0,199478.05,0,3.5263605246161616
15613787,Chidubem,652.0,Spain,35.0,8,116932.59,1.0,1.0,0.0,91092.84,0,3.58351893845611
15599211,Findlay,652.0,France,40.0,1,0.0,2.0,1.0,0.0,14090.4,1,3.713572066704308
15675983,Wood,652.0,France,36.0,3,79551.12,1.0,0.0,1.0,178267.07,0,3.6109179126442243
15622370,Boyle,652.0,Germany,30.0,1,116416.94,1.0,0.0,1.0,85808.22,0,3.4339872044851463
15656319,Toscano,652.0,Spain,37.0,4,88141.1,1.0,1.0,0.0,109659.12,0,3.6375861597263857
15605130,Seccombe,652.0,France,32.0,6,177729.13,1.0,1.0,1.0,161642.08,0,3.4965075614664802
15672574,Uspenskaya,652.0,Spain,32.0,5,0.0,1.0,1.0,1.0,3830.59,0,3.4965075614664802
15659355,McKenzie,652.0,Spain,32.0,6,123912.78,2.0,1.0,1.0,146636.44,0,3.4965075614664802
15777907,Liang,652.0,France,33.0,3,0.0,1.0,1.0,1.0,144413.92,1,3.5263605246161616
15655171,Yermakova,652.0,France,62.0,3,0.0,1.0,1.0,1.0,65801.44,0,4.394449154672439
15619674,White,652.0,France,35.0,4,108306.44,1.0,1.0,1.0,192486.24,0,3.58351893845611
15775192,Rounsevell,652.0,Germany,48.0,4,102962.62,1.0,1.0,0.0,120852.85,1,3.8918202981106265
15617657,Ts'ai,652.0,France,36.0,0,103502.22,1.0,1.0,1.0,146191.82,0,3.6109179126442243
15688951,Stoneman,652.0,Germany,43.0,8,119654.44,2.0,0.0,1.0,148412.24,1,3.784189633918261
15763460,Yao,652.0,France,33.0,10,183768.47,1.0,1.0,0.0,164119.35,0,3.5263605246161616
15756992,Chukwukere,652.0,France,37.0,1,0.0,2.0,1.0,0.0,163457.55,0,3.6375861597263857
15617454,Ifeatu,652.0,France,25.0,1,0.0,2.0,0.0,1.0,144978.47,0,3.258096538021482
15701932,Millar,652.0,France,52.0,6,140900.97,1.0,1.0,1.0,67288.89,0,3.970291913552122
15700813,Igwebuike,652.0,Germany,25.0,5,94049.92,2.0,1.0,0.0,103269.0,0,3.258096538021482
15645600,Obidimkpa,652.0,Spain,27.0,8,98926.4,1.0,1.0,1.0,106969.98,0,3.332204510175204
15634146,Hou,652.0,Germany,18.0,2,142872.36,1.0,1.0,1.0,117632.63,0,2.9444389791664403
15686743,Moody,652.0,Spain,29.0,3,46057.96,2.0,1.0,1.0,189777.66,0,3.4011973816621555
15698792,Keldie,652.0,France,48.0,6,119769.77,1.0,0.0,1.0,66032.65,0,3.8918202981106265
15591724,Liu,652.0,France,44.0,5,143244.97,1.0,1.0,0.0,98661.27,0,3.8066624897703196
15571281,Ts'ao,652.0,France,28.0,10,79562.98,1.0,1.0,1.0,74687.37,0,3.367295829986474
15661380,Walker,652.0,France,62.0,6,0.0,2.0,0.0,1.0,149604.18,0,4.248495242049359
15728885,Defalco,652.0,France,41.0,0,0.0,1.0,1.0,1.0,79888.78,0,3.7376696182833684
15618950,Lo Duca,652.0,Spain,26.0,8,96659.64,2.0,1.0,1.0,138775.69,0,3.295836866004329
15609804,Hyde,652.0,France,29.0,1,0.0,2.0,1.0,0.0,154695.57,0,3.4011973816621555
15735849,Kanayochukwu,652.0,France,26.0,2,165947.99,2.0,0.0,1.0,168834.38,0,3.295836866004329
15652948,Yen,652.0,France,33.0,4,92676.3,1.0,1.0,0.0,105817.63,0,3.5263605246161616
15618155,Ts'ui,652.0,France,45.0,5,83195.12,1.0,1.0,1.0,48682.1,0,3.828641396489095
15566378,Tillman,652.0,France,48.0,5,129387.94,1.0,0.0,1.0,147955.91,1,3.8918202981106265
15565879,Riley,652.0,France,28.0,9,0.0,2.0,1.0,1.0,56185.98,0,3.367295829986474
15792922,Tu,652.0,Spain,38.0,9,130233.14,1.0,1.0,1.0,81861.1,0,3.6635616461296463
15770567,Ruiz,652.0,France,32.0,3,123502.53,1.0,1.0,1.0,69826.8,0,3.4965075614664802
15738042,Goliwe,652.0,Germany,37.0,8,140894.06,2.0,1.0,1.0,118059.19,0,3.6375861597263857
15714920,Balashov,652.0,Germany,44.0,7,163867.86,1.0,1.0,1.0,112333.22,0,3.8066624897703196
15782121,Leonard,652.0,France,27.0,2,0.0,2.0,1.0,0.0,14546.76,0,3.332204510175204
15673180,Onyekaozulu,652.0,Germany,18.0,2,93816.7,2.0,1.0,0.0,126172.11,0,2.9444389791664403
15660636,Carpenter,652.0,Spain,40.0,8,0.0,2.0,1.0,0.0,3560.0,0,3.713572066704308
15664504,Beede,652.0,France,35.0,7,0.0,2.0,1.0,1.0,88878.15,0,3.58351893845611
15790322,Beneventi,652.0,France,32.0,0,114668.89,1.0,1.0,0.0,84605.0,0,3.4965075614664802
15739847,Sadlier,652.0,Germany,38.0,5,146756.68,1.0,1.0,0.0,78268.61,0,3.6635616461296463
15699415,Lewis,652.0,France,46.0,6,150213.71,1.0,1.0,0.0,120668.46,1,3.8501476017100584
15665521,Chiazagomekpele,652.0,Germany,18.0,5,111183.53,2.0,0.0,1.0,10063.75,0,2.9444389791664403
15682868,Elliott,652.0,France,40.0,9,99816.46,1.0,1.0,1.0,163989.66,1,3.713572066704308
15584462,Liang,652.0,France,34.0,9,0.0,1.0,1.0,0.0,60584.33,0,3.5553480614894135
15661708,She,652.0,France,41.0,5,0.0,2.0,1.0,1.0,94170.84,0,3.7376696182833684
15584452,Bozeman,652.0,France,41.0,6,0.0,2.0,0.0,0.0,167181.77,0,3.7376696182833684
15717010,Yu,652.0,France,60.0,5,0.0,1.0,1.0,1.0,38914.51,0,4.110873864173311
15643828,Teng,652.0,France,29.0,7,0.0,2.0,1.0,1.0,91196.67,0,3.4011973816621555
15733361,Davide,652.0,Germany,45.0,6,86714.06,1.0,1.0,0.0,85869.89,1,3.828641396489095
15795488,Beneventi,652.0,Spain,52.0,2,0.0,2.0,1.0,0.0,57337.79,0,3.970291913552122
15581551,Yobachukwu,652.0,Spain,41.0,8,132838.07,1.0,1.0,1.0,175347.28,0,3.7376696182833684
15632051,Douglas,652.0,Germany,42.0,10,128707.31,1.0,1.0,0.0,63092.65,1,3.7612001156935624
15780409,Egobudike,652.0,France,40.0,6,0.0,2.0,1.0,0.0,109742.55,0,3.713572066704308
15572767,Shelby,652.0,France,29.0,2,0.0,2.0,1.0,0.0,124489.88,0,3.4011973816621555
15590337,Golubov,652.0,France,29.0,6,123192.12,1.0,1.0,1.0,56971.41,1,3.4011973816621555
15634551,Williamson,652.0,Germany,46.0,3,115248.11,3.5,1.0,0.0,130752.01,1,3.8501476017100584
15669290,Fan,652.0,France,38.0,8,59360.77,1.0,1.0,1.0,191457.06,0,3.6635616461296463
15621140,Nwebube,652.0,Spain,37.0,9,0.0,2.0,1.0,1.0,96442.86,0,3.6375861597263857
15613518,Bellucci,652.0,France,35.0,6,112668.7,1.0,0.0,1.0,122584.29,0,3.58351893845611
15728043,Udinese,652.0,Germany,37.0,7,138503.51,2.0,1.0,0.0,57215.85,0,3.6375861597263857
15570073,Marian,652.0,Spain,57.0,1,0.0,1.0,1.0,1.0,195940.96,0,4.060443010546419
15777033,Chizoba,652.0,France,29.0,7,0.0,2.0,1.0,1.0,105448.74,0,3.4011973816621555
15682454,McFarland,652.0,France,34.0,3,0.0,2.0,1.0,1.0,37870.29,0,3.5553480614894135
15758513,McDonald,652.0,France,43.0,7,0.0,2.0,1.0,0.0,52534.81,0,3.784189633918261
15772604,Chiemezie,652.0,Spain,36.0,1,157267.95,2.0,1.0,0.0,141533.19,0,3.6109179126442243
15721715,Fane,652.0,France,40.0,9,133871.05,1.0,1.0,1.0,50568.02,0,3.713572066704308
15688563,Marchesi,652.0,Germany,31.0,4,141989.27,2.0,1.0,0.0,26116.82,0,3.4657359027997265
15772009,Scott,652.0,France,41.0,5,0.0,1.0,1.0,1.0,152054.33,0,3.7376696182833684
15809585,H?,652.0,France,38.0,7,0.0,2.0,1.0,0.0,1528.4,0,3.6635616461296463
15593778,Craig,652.0,France,29.0,3,46388.16,3.0,1.0,0.0,127939.26,1,3.4011973816621555
15655360,Chikelu,652.0,Germany,62.0,5,148666.99,1.0,1.0,0.0,2605.65,1,4.290459441148391
15780909,Caffyn,652.0,Germany,34.0,7,115101.5,1.0,0.0,0.0,57841.89,1,3.5553480614894135
15757310,Otitodilichukwu,652.0,Germany,62.0,6,148363.38,1.0,1.0,1.0,186995.17,0,4.219507705176107
15801411,Green,652.0,Spain,46.0,4,0.0,1.0,1.0,0.0,5549.11,1,3.8501476017100584
15761706,Y?an,652.0,Spain,39.0,8,144102.32,1.0,1.0,1.0,11682.36,0,3.6888794541139363
15658409,Mao,652.0,France,41.0,5,128876.71,3.0,1.0,1.0,106939.34,1,3.7376696182833684
15810010,Dahlenburg,652.0,Germany,36.0,6,118448.15,2.0,1.0,0.0,53172.02,0,3.6109179126442243
15627027,Shih,652.0,France,39.0,5,0.0,2.0,1.0,1.0,114388.98,0,3.6888794541139363
15624374,Maclean,652.0,France,28.0,9,0.0,2.0,0.0,1.0,2151.17,0,3.367295829986474
15720083,Fiorentino,652.0,Spain,42.0,1,0.0,2.0,0.0,1.0,183492.9,0,3.7612001156935624
15752294,Long,652.0,France,38.0,9,135979.01,3.5,1.0,1.0,76582.95,1,3.6635616461296463
15743193,Olson,652.0,France,37.0,6,117271.8,2.0,1.0,0.0,104217.96,1,3.6375861597263857
15696733,McKenzie,652.0,France,29.0,4,0.0,1.0,1.0,0.0,8982.75,0,3.4011973816621555
15677522,Rossi,652.0,France,33.0,1,0.0,2.0,0.0,0.0,9984.4,0,3.5263605246161616
15643523,Power,652.0,Spain,30.0,10,0.0,2.0,1.0,0.0,19500.1,0,3.4339872044851463
15624936,Yen,652.0,France,35.0,8,129205.49,1.0,1.0,1.0,79146.36,0,3.58351893845611
15716085,Norris,652.0,Spain,41.0,8,0.0,1.0,1.0,0.0,191694.77,1,3.7376696182833684
15641688,Collier,652.0,Spain,18.0,7,0.0,1.0,0.0,1.0,59645.24,1,2.9444389791664403
15796834,Rivers,652.0,Germany,35.0,7,104015.54,2.0,1.0,1.0,55207.88,0,3.58351893845611
15720123,Hudson,652.0,Spain,37.0,3,0.0,2.0,1.0,0.0,166177.3,0,3.6375861597263857
15604732,Milani,652.0,France,30.0,9,0.0,2.0,0.0,0.0,136356.97,0,3.4339872044851463
15723484,Hunt,652.0,Germany,42.0,1,103873.39,1.0,1.0,0.0,148611.52,0,3.7612001156935624
15807120,Oluchukwu,652.0,Germany,52.0,3,112383.03,1.0,1.0,0.0,85516.37,1,3.970291913552122
15810891,Lorenzo,652.0,France,34.0,2,117731.79,2.0,0.0,1.0,55120.79,0,3.5553480614894135
15640407,Chidiegwu,652.0,Germany,45.0,0,135827.33,2.0,1.0,1.0,131778.58,0,3.828641396489095
15778838,Warren,652.0,France,38.0,9,114135.17,1.0,1.0,0.0,153269.98,0,3.6635616461296463
15709256,Glover,652.0,France,28.0,9,0.0,2.0,1.0,1.0,164864.67,0,3.367295829986474
15742285,Andersen,652.0,France,62.0,6,118756.62,1.0,1.0,1.0,20367.68,0,4.143134726391533
15729019,Arcuri,652.0,Spain,34.0,8,98382.72,1.0,1.0,0.0,39542.0,0,3.5553480614894135
15608588,Mackinlay,652.0,Germany,41.0,2,100520.92,1.0,1.0,1.0,19412.8,1,3.7376696182833684
15610557,McCarthy,652.0,Spain,35.0,7,79858.13,2.0,1.0,1.0,127977.66,0,3.58351893845611
15786418,Chiu,652.0,France,20.0,6,0.0,1.0,0.0,1.0,20508.85,0,3.044522437723423
15653050,Norriss,652.0,Germany,62.0,10,95052.29,1.0,1.0,0.0,176244.87,0,4.343805421853684
15744914,Moore,652.0,Germany,42.0,1,177728.55,1.0,1.0,0.0,105013.63,0,3.7612001156935624
15669611,Mott,652.0,France,62.0,3,83116.68,1.0,1.0,1.0,27597.76,0,4.276666119016055
15594786,Ts'ai,652.0,Germany,34.0,7,111565.91,1.0,1.0,1.0,121073.23,0,3.5553480614894135
15649211,Fokina,652.0,Spain,40.0,8,83015.71,1.0,1.0,0.0,101089.76,0,3.713572066704308
15766066,Nikitina,652.0,Germany,28.0,1,124511.01,1.0,0.0,0.0,114258.18,0,3.367295829986474
15772216,Henry,652.0,France,62.0,1,130652.52,1.0,0.0,1.0,22762.23,0,4.219507705176107
15619898,Chiefo,652.0,France,55.0,5,0.0,2.0,1.0,1.0,7008.65,0,4.02535169073515
15724543,Mao,652.0,France,61.0,5,0.0,2.0,1.0,1.0,81299.17,0,4.127134385045092
15755084,Bezrukova,652.0,France,37.0,7,121854.45,1.0,1.0,0.0,147521.35,0,3.6375861597263857
15730441,Dodd,652.0,France,26.0,10,0.0,2.0,1.0,1.0,6177.83,0,3.295836866004329
15666767,Lori,652.0,France,35.0,1,86893.28,1.0,0.0,0.0,59374.82,0,3.58351893845611
15690456,Yudina,652.0,Germany,32.0,7,79523.13,1.0,0.0,1.0,157648.12,0,3.4965075614664802
15570533,Conti,652.0,Germany,55.0,7,131033.76,1.0,0.0,1.0,75685.59,1,4.02535169073515
15797692,Volkova,652.0,France,33.0,7,89939.62,1.0,1.0,0.0,136540.09,0,3.5263605246161616
15603135,Boni,652.0,Germany,59.0,3,95727.05,1.0,0.0,0.0,97939.4,1,4.0943445622221
15698927,Ritchie,652.0,France,39.0,7,0.0,2.0,0.0,1.0,36267.21,0,3.6888794541139363
15687363,McMillan,652.0,France,31.0,3,155047.56,2.0,1.0,1.0,186064.34,0,3.4657359027997265
15733444,Phillips,652.0,France,29.0,9,0.0,2.0,0.0,0.0,176152.7,0,3.4011973816621555
15678057,Lombardi,652.0,France,44.0,10,118569.03,2.0,0.0,0.0,82117.2,0,3.8066624897703196
15806918,Ireland,652.0,France,28.0,5,0.0,1.0,1.0,1.0,151925.25,0,3.367295829986474
15638247,Boan,652.0,Spain,44.0,9,0.0,2.0,1.0,0.0,142287.65,0,3.8066624897703196
15674833,Shao,652.0,France,35.0,1,0.0,2.0,1.0,0.0,36557.55,0,3.58351893845611
15812534,Chiemenam,652.0,France,40.0,1,0.0,3.0,0.0,1.0,129975.34,0,3.713572066704308
15586522,Hunter,652.0,Spain,37.0,2,130461.02,1.0,1.0,0.0,21967.15,0,3.6375861597263857
15794297,McKay,652.0,France,36.0,1,0.0,2.0,1.0,0.0,53477.76,0,3.6109179126442243
15737025,Roberts,652.0,France,33.0,1,0.0,3.0,0.0,0.0,178067.33,1,3.5263605246161616
15615931,Aitken,652.0,France,37.0,4,0.0,2.0,0.0,1.0,171039.56,0,3.6375861597263857
15664860,Chao,652.0,Spain,47.0,3,0.0,2.0,1.0,0.0,150802.41,1,3.8712010109078907
15664539,Bruce,652.0,Spain,35.0,9,61172.04,1.0,0.0,0.0,82951.12,0,3.58351893845611
15583692,Chan,652.0,Germany,35.0,2,90194.34,2.0,1.0,0.0,57064.57,0,3.58351893845611
15693131,Watts,652.0,France,24.0,3,95508.2,1.0,1.0,1.0,45755.0,0,3.2188758248682006
15779973,Gibbons,652.0,Germany,35.0,3,99967.76,1.0,1.0,1.0,176882.08,0,3.58351893845611
15620557,Ni,652.0,Spain,37.0,4,101470.29,1.0,0.0,1.0,88838.14,0,3.6375861597263857
15639549,Jen,652.0,Germany,33.0,4,70541.06,1.0,0.0,0.0,88592.8,0,3.5263605246161616
15618750,Phillips,652.0,France,31.0,8,112211.61,1.0,1.0,0.0,26261.42,0,3.4657359027997265
15796790,Amaechi,652.0,France,47.0,8,154543.98,1.0,1.0,0.0,29586.73,0,3.8712010109078907
15668309,Maslow,652.0,France,40.0,0,111098.85,1.0,1.0,1.0,172321.21,1,3.713572066704308
15732437,Rowley,652.0,Germany,44.0,0,131873.07,2.0,1.0,1.0,158036.72,1,3.8066624897703196
15665158,Chukwuemeka,652.0,Spain,27.0,1,137275.36,1.0,0.0,1.0,115733.16,0,3.332204510175204
15689322,Bevan,652.0,Spain,31.0,3,153316.14,1.0,1.0,0.0,59927.99,0,3.4657359027997265
15596624,Topp,652.0,France,22.0,9,0.0,2.0,1.0,1.0,44377.65,0,3.1354942159291497
15601977,Burgoyne,652.0,Spain,44.0,2,121250.04,1.0,0.0,1.0,79691.4,0,3.8066624897703196
15801462,Yermakov,652.0,France,31.0,8,109578.04,2.0,1.0,1.0,51503.51,0,3.4657359027997265
15566139,Ts'ui,652.0,France,37.0,5,53573.18,1.0,1.0,0.0,62830.97,0,3.6375861597263857
15791006,Kodilinyechukwu,652.0,Germany,34.0,6,58003.41,1.0,1.0,0.0,90346.1,0,3.5553480614894135
15668057,K?,652.0,France,31.0,6,113000.66,1.0,1.0,0.0,40467.82,0,3.4657359027997265
15580805,Marino,652.0,France,27.0,10,0.0,2.0,1.0,0.0,51620.94,0,3.332204510175204
15658768,Lucas,652.0,France,49.0,2,0.0,1.0,0.0,0.0,65466.93,1,3.912023005428146
15613048,Anderson,652.0,Germany,40.0,5,139973.65,1.0,1.0,1.0,667.66,1,3.713572066704308
15803654,Wei,652.0,France,31.0,2,151290.16,1.0,1.0,1.0,172437.12,0,3.4657359027997265
15662337,Baldwin,652.0,Germany,50.0,1,121498.11,2.0,0.0,1.0,106061.47,1,3.9318256327243257
15650924,Foster,652.0,Spain,32.0,4,103515.39,2.0,1.0,1.0,177622.38,0,3.4965075614664802
15647203,Gebhart,652.0,France,35.0,3,0.0,1.0,1.0,0.0,191520.5,0,3.58351893845611
15682778,Fedorov,652.0,France,34.0,9,0.0,2.0,1.0,1.0,95686.6,0,3.5553480614894135
15579820,Robertson,652.0,Spain,38.0,6,106687.76,1.0,1.0,0.0,173776.5,0,3.6635616461296463
15709354,Tudawali,652.0,France,41.0,2,0.0,2.0,1.0,1.0,113089.43,0,3.7376696182833684
15728480,Iloerika,652.0,France,35.0,8,0.0,2.0,1.0,1.0,149614.81,0,3.58351893845611
15641091,Onyemauchechukwu,652.0,France,31.0,5,106089.2,1.0,0.0,0.0,99537.68,0,3.4657359027997265
15603111,Muir,652.0,Spain,62.0,10,69608.14,1.0,1.0,0.0,97893.4,1,4.276666119016055
15679693,Walker,652.0,France,31.0,5,0.0,2.0,0.0,1.0,90.07,0,3.4657359027997265
15797190,Charlton,652.0,Germany,40.0,7,96202.32,1.0,0.0,0.0,161154.85,0,3.713572066704308
15788025,Tseng,652.0,France,38.0,0,0.0,2.0,1.0,1.0,332.81,0,3.6635616461296463
15646168,Ifeatu,652.0,Spain,33.0,5,0.0,2.0,1.0,0.0,66285.18,0,3.5263605246161616
15580493,Chin,652.0,France,33.0,1,127818.52,1.0,1.0,0.0,163477.22,0,3.5263605246161616
15726720,Blinova,652.0,France,40.0,7,0.0,1.0,1.0,0.0,170332.67,1,3.713572066704308
15735799,Maconochie,652.0,Germany,58.0,3,137318.42,1.0,1.0,1.0,126144.96,0,4.07753744390572
15773098,Ch'in,652.0,Spain,34.0,5,0.0,2.0,0.0,0.0,53437.1,0,3.5553480614894135
15668971,Nicholson,652.0,France,40.0,4,55776.39,2.0,1.0,0.0,26920.43,0,3.713572066704308
15603221,Burgess,652.0,Germany,32.0,4,84421.62,1.0,0.0,1.0,52314.71,0,3.4965075614664802
15740043,Young,652.0,France,32.0,5,83161.65,1.0,1.0,1.0,116885.59,0,3.4965075614664802
15712264,Plumb,652.0,France,39.0,10,0.0,2.0,1.0,1.0,126263.97,0,3.6888794541139363
15751926,Trentino,652.0,Germany,42.0,3,87807.29,2.0,1.0,1.0,64613.81,0,3.7612001156935624
15589401,Allen,652.0,France,30.0,4,0.0,2.0,1.0,0.0,89216.29,0,3.4339872044851463
15742019,Benford,652.0,France,39.0,6,0.0,2.0,0.0,0.0,83419.15,0,3.6888794541139363
15660611,Gallo,652.0,Spain,39.0,3,0.0,2.0,1.0,1.0,123998.52,0,3.6888794541139363
15607634,Cobb,652.0,Germany,40.0,9,95293.86,2.0,0.0,1.0,96985.58,0,3.713572066704308
15595036,Doherty,652.0,Germany,30.0,7,92847.59,1.0,1.0,0.0,146154.06,0,3.4339872044851463
15745794,Cocci,652.0,France,30.0,6,0.0,2.0,1.0,1.0,18471.86,0,3.4339872044851463
15781689,Macadam,652.0,Spain,35.0,5,0.0,2.0,1.0,0.0,95009.6,0,3.58351893845611
15696054,Tychonoff,652.0,France,37.0,2,0.0,1.0,0.0,1.0,121175.86,0,3.6375861597263857
15752467,Johnson,652.0,Spain,34.0,3,0.0,2.0,1.0,1.0,77047.78,0,3.5553480614894135
15597739,Tu,652.0,France,37.0,3,0.0,1.0,1.0,0.0,158049.9,0,3.6375861597263857
15651336,Chidiebere,652.0,France,32.0,4,0.0,2.0,1.0,0.0,147040.25,0,3.4965075614664802
15636061,Pope,652.0,Germany,62.0,4,68345.86,2.0,1.0,1.0,142566.75,0,4.3694478524670215
15723013,Sutherland,652.0,Germany,28.0,7,76656.4,2.0,1.0,1.0,185483.24,0,3.367295829986474
15784148,Beneventi,652.0,France,62.0,9,0.0,2.0,0.0,0.0,155870.82,0,4.143134726391533
15578098,Jamieson,652.0,France,31.0,8,0.0,2.0,1.0,1.0,121555.51,0,3.4657359027997265
15638621,Simmons,652.0,Spain,39.0,1,60374.98,1.0,1.0,0.0,40223.74,0,3.6888794541139363
15720924,Chijioke,652.0,France,34.0,1,0.0,1.0,1.0,1.0,75503.6,0,3.5553480614894135
15566531,Iloerika,652.0,Germany,33.0,4,88046.88,1.0,0.0,1.0,186942.49,1,3.5263605246161616
15718064,Chia,652.0,Spain,29.0,2,0.0,2.0,0.0,0.0,117173.8,0,3.4011973816621555
15605067,Nwachinemelu,652.0,France,19.0,9,0.0,2.0,1.0,0.0,3453.4,0,2.995732273553991
15655335,Becher,652.0,France,36.0,1,0.0,2.0,1.0,0.0,48876.84,0,3.6109179126442243
15607301,Romano,652.0,Spain,62.0,8,129968.67,1.0,1.0,1.0,11830.53,0,4.1588830833596715
15694628,Walker,652.0,Germany,39.0,4,157731.6,2.0,1.0,0.0,162820.6,0,3.6888794541139363
15607112,Chiawuotu,652.0,France,32.0,6,0.0,2.0,0.0,1.0,36540.63,0,3.4965075614664802
15635775,Watt,652.0,France,33.0,3,89276.48,1.0,1.0,0.0,6959.0,0,3.5263605246161616
15644280,Udegbunam,652.0,France,45.0,4,138825.19,1.0,0.0,0.0,10828.78,0,3.828641396489095
15708362,Watson,652.0,France,62.0,4,103729.79,2.0,1.0,1.0,80272.06,0,4.1588830833596715
15771997,Bryant,652.0,France,31.0,10,75499.24,1.0,1.0,0.0,22184.14,0,3.4657359027997265
15730579,Ward,652.0,France,62.0,5,169445.4,1.0,1.0,1.0,186335.07,0,4.23410650459726
15728005,Urban,652.0,France,57.0,9,111359.55,2.0,1.0,0.0,105715.01,0,4.060443010546419
15791674,Sutherland,652.0,France,34.0,10,142388.61,2.0,0.0,1.0,68393.64,1,3.5553480614894135
15754599,K'ung,652.0,France,42.0,4,123311.39,2.0,1.0,1.0,82868.34,0,3.7612001156935624
15693690,Iweobiegbunam,652.0,Spain,52.0,7,115532.52,1.0,1.0,0.0,196257.67,0,3.970291913552122
15728963,Wei,652.0,Germany,51.0,10,167273.71,1.0,0.0,0.0,93439.75,1,3.9512437185814275
15659710,Lascelles,652.0,France,25.0,5,77886.53,2.0,1.0,0.0,150319.49,0,3.258096538021482
15658675,Ts'ao,652.0,Germany,37.0,6,135795.63,1.0,0.0,1.0,46523.6,0,3.6375861597263857
15638788,Mack,652.0,France,32.0,8,97514.07,1.0,1.0,1.0,199138.84,0,3.4965075614664802
15609735,Campbell,652.0,Germany,51.0,6,127545.56,2.0,0.0,0.0,79559.02,1,3.9512437185814275
15771477,Fiorentini,652.0,France,49.0,9,106160.37,1.0,0.0,0.0,116893.87,0,3.912023005428146
15570145,Long,652.0,France,23.0,2,0.0,2.0,1.0,0.0,153983.99,0,3.1780538303479458
15797149,Lloyd,652.0,Spain,36.0,4,143680.47,2.0,1.0,1.0,63531.19,0,3.6109179126442243
15636912,Sneddon,652.0,Spain,38.0,3,124483.53,1.0,1.0,0.0,126253.31,0,3.6635616461296463
15687828,Gorshkov,652.0,Spain,31.0,5,86006.3,1.0,1.0,1.0,73922.95,0,3.4657359027997265
15667424,Forbes,652.0,Germany,43.0,7,111094.05,2.0,1.0,1.0,64679.3,0,3.784189633918261
15759872,L?,652.0,France,22.0,9,0.0,2.0,1.0,0.0,157072.91,0,3.1354942159291497
15572374,Hopetoun,652.0,Spain,36.0,1,0.0,2.0,0.0,1.0,108377.82,0,3.6109179126442243
15754926,Lucchesi,652.0,France,30.0,6,0.0,2.0,1.0,0.0,88827.31,0,3.4339872044851463
15687431,Faria,652.0,France,41.0,7,115171.71,1.0,1.0,1.0,37674.47,0,3.7376696182833684
15604515,Yefremov,652.0,Germany,22.0,10,111543.26,2.0,0.0,0.0,106327.85,0,3.1354942159291497
15682839,Genovesi,652.0,France,57.0,8,137936.94,1.0,1.0,1.0,84475.13,0,4.060443010546419
15624677,Marquez,652.0,Germany,37.0,3,122304.65,2.0,0.0,0.0,33998.7,0,3.6375861597263857
15646366,Trevisani,652.0,Germany,41.0,8,120586.54,1.0,0.0,1.0,20491.15,0,3.7376696182833684
15701768,Tung,652.0,France,32.0,3,0.0,2.0,1.0,1.0,197827.06,0,3.4965075614664802
15623566,Barnhill,652.0,France,40.0,9,46520.69,1.0,1.0,1.0,96687.25,0,3.713572066704308
15681274,Marshall,652.0,Spain,56.0,2,105473.74,1.0,1.0,1.0,46044.7,0,4.04305126783455
15762573,Bednall,652.0,Spain,34.0,7,0.0,2.0,1.0,0.0,98949.85,0,3.5553480614894135
15706458,Pan,652.0,Germany,39.0,5,115730.71,3.0,1.0,1.0,185599.34,1,3.6888794541139363
15654222,Ogg,652.0,Spain,30.0,3,145396.49,1.0,0.0,1.0,198341.15,0,3.4339872044851463
15704053,T'ang,652.0,Spain,62.0,3,131078.42,2.0,1.0,0.0,119348.76,1,4.143134726391533
15724321,Baresi,652.0,Germany,47.0,9,128298.74,1.0,0.0,0.0,149614.17,1,3.8712010109078907
15621815,Obiajulu,652.0,France,40.0,6,165526.71,1.0,1.0,0.0,12328.08,0,3.713572066704308
15724876,McGregor,652.0,France,38.0,5,83714.41,1.0,1.0,1.0,33245.97,0,3.6635616461296463
15696588,Lung,652.0,France,36.0,3,0.0,2.0,1.0,1.0,2243.41,0,3.6109179126442243
15612832,Jamieson,652.0,France,32.0,7,125540.05,1.0,0.0,0.0,86786.41,0,3.4965075614664802
15804295,Pinto,652.0,France,41.0,2,100254.76,2.0,1.0,1.0,12706.67,0,3.7376696182833684
15712536,Fallaci,652.0,France,36.0,3,0.0,2.0,1.0,0.0,41295.1,1,3.6109179126442243
15662494,Goliwe,652.0,Spain,43.0,7,138150.57,1.0,1.0,1.0,177357.16,0,3.784189633918261
15807728,Ferri,652.0,France,45.0,1,0.0,1.0,0.0,1.0,190663.89,1,3.828641396489095
15764916,Rowley,652.0,Germany,43.0,7,95984.21,1.0,0.0,1.0,115262.54,1,3.784189633918261
15615330,Tretiakova,652.0,France,23.0,10,0.0,2.0,1.0,1.0,170099.23,0,3.1780538303479458
15638487,She,652.0,Germany,38.0,2,136858.42,1.0,0.0,1.0,189143.94,0,3.6635616461296463
15627859,Nebeolisa,652.0,Germany,29.0,7,102609.0,1.0,1.0,0.0,163257.44,0,3.4011973816621555
15622192,Young,652.0,Spain,39.0,3,0.0,2.0,0.0,1.0,95562.81,0,3.6888794541139363
15789413,Fitzgerald,652.0,France,62.0,3,0.0,2.0,1.0,1.0,75272.63,0,4.174387269895637
15583221,Arnold,652.0,Germany,62.0,3,77356.92,2.0,1.0,1.0,20881.96,0,4.2626798770413155
15768495,Chidimma,652.0,France,32.0,8,110923.15,2.0,1.0,1.0,161845.81,1,3.4965075614664802
15644103,Wells,652.0,Spain,62.0,2,151675.65,1.0,0.0,1.0,49978.67,0,4.3694478524670215
15741197,Calzada,652.0,Spain,22.0,8,0.0,3.0,1.0,0.0,107292.91,0,3.1354942159291497
15664547,Black,652.0,France,37.0,7,0.0,1.0,0.0,0.0,32863.24,1,3.6375861597263857
15797293,Sopuluchukwu,652.0,France,25.0,3,0.0,2.0,1.0,0.0,179608.96,0,3.258096538021482
15572021,Ts'ao,652.0,Germany,29.0,8,80204.11,2.0,1.0,0.0,70223.22,0,3.4011973816621555
15637461,Ukaegbunam,652.0,France,35.0,7,0.0,2.0,1.0,0.0,77951.84,0,3.58351893845611
15620577,Wood,652.0,France,45.0,4,0.0,2.0,1.0,1.0,55043.93,0,3.828641396489095
15609643,Furneaux,652.0,Germany,32.0,9,115587.49,2.0,0.0,1.0,101677.46,0,3.4965075614664802
15785358,Gresswell,652.0,Germany,46.0,8,106968.96,1.0,1.0,1.0,79366.98,1,3.8501476017100584
15603883,Ch'in,652.0,France,36.0,4,0.0,2.0,1.0,1.0,8037.03,0,3.6109179126442243
15782550,Ma,652.0,Germany,41.0,0,139659.04,1.0,1.0,1.0,176254.12,0,3.7376696182833684
15775761,Iweobiegbunam,652.0,Germany,62.0,5,86038.21,3.0,0.0,0.0,192743.06,1,4.248495242049359
15680201,Marcelo,652.0,Germany,24.0,5,102773.2,2.0,1.0,0.0,56793.02,1,3.2188758248682006
15767594,Azubuike,652.0,France,35.0,8,0.0,2.0,1.0,1.0,187900.12,0,3.58351893845611
15591985,Stewart,652.0,France,51.0,8,70754.18,1.0,1.0,1.0,92920.04,1,3.9512437185814275
15789339,Yen,652.0,France,59.0,4,122781.51,1.0,0.0,1.0,140166.95,0,4.0943445622221
15781530,Hsieh,652.0,France,21.0,8,0.0,2.0,1.0,1.0,155782.89,0,3.091042453358316
15705174,Chiedozie,652.0,Germany,62.0,7,153545.11,1.0,1.0,1.0,186574.68,0,4.23410650459726
15572114,Shih,652.0,Spain,40.0,1,121629.22,1.0,1.0,1.0,3258.6,0,3.713572066704308
15804009,Amechi,652.0,Germany,36.0,8,167983.17,2.0,1.0,1.0,106714.28,0,3.6109179126442243
15662698,Ko,652.0,Spain,43.0,7,81153.82,1.0,1.0,1.0,144532.85,1,3.784189633918261
15696047,Chimezie,652.0,France,35.0,6,99760.84,1.0,1.0,1.0,13591.52,0,3.58351893845611
15701160,Azubuike,652.0,Germany,43.0,4,125890.72,1.0,1.0,1.0,74854.97,0,3.784189633918261
15790093,Aguirre,652.0,France,27.0,2,0.0,2.0,1.0,0.0,125451.01,0,3.332204510175204
15632143,Lung,652.0,France,31.0,2,119148.55,1.0,0.0,0.0,149740.22,0,3.4657359027997265
15736778,Adams,652.0,Germany,60.0,1,72948.58,2.0,1.0,1.0,17355.36,0,4.110873864173311
15734917,Castiglione,652.0,Germany,21.0,8,133974.36,2.0,1.0,0.0,50294.09,0,3.091042453358316
15643903,Yao,652.0,France,27.0,1,154483.98,1.0,1.0,0.0,156394.74,0,3.332204510175204
15569526,Morales,652.0,France,40.0,10,98627.13,2.0,0.0,0.0,77977.69,0,3.713572066704308
15777067,Thomas,652.0,France,62.0,2,136770.67,1.0,0.0,1.0,43678.06,0,4.174387269895637
15795511,Vasiliev,652.0,Germany,39.0,4,95252.72,1.0,1.0,0.0,13906.34,0,3.6888794541139363
15610419,Chukwueloka,652.0,France,33.0,3,117413.95,1.0,1.0,1.0,12766.74,0,3.5263605246161616
15644994,Ko,652.0,Germany,54.0,4,137986.58,2.0,0.0,1.0,51308.54,1,4.007333185232471
15703707,Atkins,652.0,France,44.0,10,143571.52,1.0,0.0,0.0,127444.14,0,3.8066624897703196
15659327,Moffitt,652.0,France,49.0,5,121197.64,1.0,1.0,0.0,72577.33,1,3.912023005428146
15771323,Panicucci,652.0,Spain,39.0,5,121626.9,1.0,1.0,1.0,82438.13,0,3.6888794541139363
15750549,Akobundu,652.0,Germany,30.0,1,84440.1,2.0,1.0,1.0,60485.98,0,3.4339872044851463
15698462,Chiu,652.0,France,36.0,4,0.0,2.0,1.0,1.0,132798.78,0,3.6109179126442243
15739692,Tsui,652.0,France,42.0,1,0.0,2.0,0.0,0.0,71823.15,0,3.7612001156935624
15744041,Yobanna,652.0,France,26.0,3,140356.7,1.0,1.0,0.0,117144.15,0,3.295836866004329
15700714,Hollis,652.0,France,29.0,7,0.0,2.0,1.0,1.0,141706.43,0,3.4011973816621555
15777743,Cattaneo,652.0,France,39.0,3,92224.56,1.0,1.0,1.0,54517.25,0,3.6888794541139363
15623143,Lung,652.0,France,43.0,9,0.0,2.0,1.0,0.0,183147.17,0,3.784189633918261
15712568,Angelo,652.0,Spain,40.0,10,121355.99,1.0,1.0,0.0,138360.29,0,3.713572066704308
15617432,Folliero,652.0,Germany,40.0,9,109003.26,1.0,1.0,1.0,79580.56,0,3.713572066704308
15650424,Bryant,652.0,France,48.0,3,147341.43,1.0,1.0,1.0,157458.61,1,3.8918202981106265
15728829,Weigel,652.0,France,18.0,7,102983.91,1.0,1.0,0.0,171770.58,0,2.9444389791664403
15680430,Ajuluchukwu,652.0,Germany,49.0,4,96252.98,2.0,1.0,0.0,104263.82,0,3.912023005428146
15687626,Zhirov,652.0,France,39.0,4,0.0,2.0,1.0,0.0,167183.07,1,3.6888794541139363
15609187,Cox,652.0,France,27.0,5,155879.09,2.0,0.0,0.0,70774.97,0,3.332204510175204
15609521,Chimaraoke,652.0,Germany,34.0,4,142929.16,2.0,1.0,1.0,114869.56,0,3.5553480614894135
15752626,Genovese,652.0,France,32.0,7,64082.09,1.0,0.0,1.0,109159.58,0,3.4965075614664802
15571756,Ohearn,652.0,France,28.0,5,0.0,1.0,1.0,0.0,59351.68,0,3.367295829986474
15814040,Munroe,652.0,France,45.0,1,0.0,2.0,1.0,1.0,199657.46,0,3.828641396489095
15658211,Morrison,652.0,Spain,39.0,2,0.0,2.0,1.0,1.0,121151.1,0,3.6888794541139363
15742091,Parkhill,652.0,Germany,35.0,6,118336.95,1.0,1.0,0.0,26342.33,1,3.58351893845611
15787168,Y?,652.0,Spain,28.0,8,168253.21,1.0,1.0,1.0,102799.14,0,3.367295829986474
15772363,Hilton,652.0,Germany,42.0,0,101979.16,1.0,1.0,0.0,90928.48,0,3.7612001156935624
15659364,Thompson,652.0,Spain,23.0,5,164902.43,1.0,0.0,0.0,141152.28,0,3.1780538303479458
15738980,Yobanna,652.0,France,43.0,2,0.0,2.0,1.0,0.0,105568.6,0,3.784189633918261
15794236,Thorpe,652.0,Germany,22.0,10,111812.52,2.0,1.0,1.0,183045.46,0,3.1354942159291497
15721383,Harvey,652.0,Spain,40.0,10,0.0,2.0,1.0,1.0,194792.42,0,3.713572066704308
15652981,Robinson,652.0,Germany,30.0,2,119755.0,1.0,1.0,1.0,21852.91,0,3.4339872044851463
15722731,Manna,652.0,France,46.0,0,119556.1,1.0,1.0,0.0,78250.13,1,3.8501476017100584
15640507,Li,652.0,Spain,35.0,3,119349.69,3.0,1.0,1.0,47114.18,1,3.58351893845611
15578878,Hancock,652.0,Spain,30.0,3,139528.23,1.0,1.0,1.0,33230.37,0,3.4339872044851463
15744295,Hao,652.0,France,40.0,1,94773.11,1.0,1.0,0.0,114279.63,0,3.713572066704308
15776558,Nicholls,652.0,France,31.0,1,108345.22,1.0,0.0,1.0,38802.03,0,3.4657359027997265
15596136,Folliero,652.0,France,36.0,9,166939.88,1.0,1.0,1.0,72504.76,0,3.6109179126442243
15704597,Trumbull,652.0,France,33.0,7,174571.36,1.0,0.0,1.0,43943.09,0,3.5263605246161616
15648272,Medvedeva,652.0,Spain,35.0,9,71829.34,1.0,1.0,1.0,68141.92,0,3.58351893845611
15594915,Crist,652.0,France,36.0,8,0.0,2.0,0.0,1.0,109179.89,0,3.6109179126442243
15581115,Middleton,652.0,France,39.0,9,76769.68,1.0,0.0,0.0,48224.72,0,3.6888794541139363
15763907,Watts,652.0,France,39.0,1,104614.29,1.0,1.0,0.0,61538.43,1,3.6888794541139363
15705994,Udinese,652.0,Spain,27.0,10,0.0,1.0,1.0,0.0,94544.88,0,3.332204510175204
15772421,Tretiakov,652.0,Germany,31.0,1,128927.93,1.0,1.0,1.0,2850.01,0,3.4657359027997265
15711572,O'Kane,652.0,Germany,31.0,9,110941.93,2.0,1.0,0.0,163484.8,0,3.4657359027997265
15691170,Vasilyeva,652.0,Spain,29.0,10,99250.08,1.0,1.0,1.0,129629.41,0,3.4011973816621555
15600106,Wei,652.0,France,36.0,1,0.0,2.0,0.0,0.0,133141.34,0,3.6109179126442243
15745431,Chinonyelum,652.0,France,34.0,7,0.0,2.0,1.0,1.0,188078.55,0,3.5553480614894135
15649508,Chin,652.0,Spain,48.0,8,0.0,2.0,1.0,0.0,174729.3,0,3.8918202981106265
15812611,Lorimer,652.0,Spain,30.0,5,0.0,2.0,0.0,1.0,78700.03,0,3.4339872044851463
15619699,Yeh,652.0,France,31.0,7,0.0,1.0,1.0,0.0,198269.08,0,3.4657359027997265
15813946,Duffy,652.0,Germany,51.0,1,104682.83,1.0,1.0,0.0,55266.96,1,3.9512437185814275
15762762,Onyekachukwu,652.0,Germany,45.0,5,118886.55,1.0,0.0,0.0,51636.7,0,3.828641396489095
15629793,Banks,652.0,Spain,28.0,8,156823.7,2.0,1.0,0.0,198251.52,0,3.367295829986474
15781298,Hughes,652.0,Germany,39.0,3,124216.93,1.0,0.0,1.0,171442.36,0,3.6888794541139363
15622658,Lai,652.0,France,26.0,2,144258.52,1.0,1.0,0.0,49778.79,0,3.295836866004329
15658980,Matthews,652.0,Germany,26.0,9,128793.63,1.0,1.0,0.0,19262.05,0,3.295836866004329
15701936,Bell,652.0,Germany,28.0,10,126315.26,1.0,1.0,0.0,32349.29,1,3.367295829986474
15686917,Tu,652.0,Spain,40.0,4,0.0,2.0,1.0,0.0,137402.27,0,3.713572066704308
15807312,Hsia,652.0,Spain,33.0,5,0.0,2.0,0.0,1.0,64038.34,0,3.5263605246161616
15574523,Cheng,652.0,France,39.0,1,0.0,2.0,1.0,1.0,68814.23,0,3.6888794541139363
15724200,Cheng,652.0,France,38.0,1,115341.55,1.0,0.0,1.0,173632.92,0,3.6635616461296463
15738224,Lin,652.0,France,32.0,6,99162.29,1.0,1.0,0.0,128384.11,0,3.4965075614664802
15593283,Higgins,652.0,Germany,48.0,1,156848.13,2.0,1.0,1.0,99475.95,1,3.8918202981106265
15814690,Chukwujekwu,652.0,Germany,62.0,2,105736.32,1.0,1.0,1.0,89935.73,1,4.174387269895637
15807245,McKay,652.0,Germany,41.0,1,200117.76,2.0,1.0,0.0,94142.35,0,3.7376696182833684
15799358,Vincent,652.0,France,46.0,6,62212.29,1.0,0.0,1.0,171681.86,1,3.8501476017100584
15616172,Ubanwa,652.0,France,31.0,2,0.0,2.0,1.0,0.0,8222.96,0,3.4657359027997265
15777958,Ch'ien,652.0,France,39.0,10,0.0,2.0,1.0,1.0,170409.45,0,3.6888794541139363
15809124,T'ien,652.0,France,38.0,5,151532.4,1.0,1.0,1.0,46555.15,0,3.6635616461296463
15616367,Ricci,652.0,Germany,39.0,1,121523.51,1.0,0.0,0.0,161655.55,1,3.6888794541139363
15687385,McDowell,652.0,France,41.0,5,0.0,1.0,1.0,1.0,74267.35,0,3.7376696182833684
15607877,Maclean,652.0,Spain,26.0,8,0.0,2.0,0.0,1.0,34101.06,0,3.295836866004329
15736327,Manna,652.0,Germany,46.0,1,68238.51,2.0,1.0,1.0,109572.58,0,3.8501476017100584
15746704,Jibunoh,652.0,Spain,30.0,9,136808.53,2.0,1.0,1.0,106642.97,0,3.4339872044851463
15778304,Fan,652.0,Germany,24.0,0,92398.08,1.0,1.0,1.0,18897.29,0,3.2188758248682006
15588456,Hsieh,652.0,France,40.0,5,143566.12,1.0,1.0,1.0,189607.71,0,3.713572066704308
15664035,Parsons,652.0,Spain,38.0,9,0.0,2.0,1.0,1.0,148750.16,0,3.6635616461296463
15596405,Udinese,652.0,Spain,25.0,7,127728.24,2.0,1.0,1.0,105279.74,0,3.258096538021482
15815097,Root,652.0,France,34.0,9,0.0,2.0,1.0,0.0,167916.35,0,3.5553480614894135
15762708,Chiemezie,652.0,Spain,38.0,10,119658.49,1.0,1.0,1.0,8646.58,0,3.6635616461296463
15776211,Toscani,652.0,France,34.0,6,0.0,2.0,1.0,1.0,124592.84,0,3.5553480614894135
15626012,Obidimkpa,652.0,France,26.0,4,149879.66,1.0,0.0,0.0,50016.17,0,3.295836866004329
15792077,Degtyaryov,652.0,Germany,28.0,8,119859.52,2.0,1.0,0.0,125422.66,0,3.367295829986474
15718765,Maclean,652.0,Spain,43.0,6,104533.24,1.0,0.0,0.0,81123.59,1,3.784189633918261
15576615,Giordano,652.0,Spain,37.0,10,145382.61,1.0,1.0,0.0,80408.59,0,3.6375861597263857
15752650,Saad,652.0,Spain,37.0,6,121231.39,1.0,1.0,1.0,146366.08,0,3.6375861597263857
15797502,Lord,652.0,Spain,24.0,2,141078.57,1.0,1.0,1.0,24402.87,0,3.2188758248682006
15687329,Hope,652.0,Germany,32.0,1,108465.65,2.0,1.0,0.0,60552.44,1,3.4965075614664802
15779423,K?,652.0,France,39.0,1,70657.61,2.0,1.0,1.0,76476.05,0,3.6888794541139363
15619514,Bull,652.0,Germany,40.0,3,120105.43,1.0,1.0,0.0,92075.01,1,3.713572066704308
15615430,Adams,652.0,Germany,55.0,4,129646.91,1.0,1.0,1.0,184125.1,1,4.02535169073515
15716431,Brookes,652.0,France,30.0,10,191091.74,2.0,1.0,1.0,96170.38,0,3.4339872044851463
15798341,Victor,652.0,France,38.0,8,0.0,1.0,1.0,1.0,98208.62,0,3.6635616461296463
15651958,Giles,652.0,France,27.0,8,0.0,2.0,1.0,1.0,157932.75,0,3.332204510175204
15726179,Ferrari,652.0,Germany,43.0,5,131433.33,2.0,1.0,1.0,3497.43,1,3.784189633918261
15652999,Milne,652.0,Germany,33.0,1,137937.95,1.0,1.0,1.0,51387.1,0,3.5263605246161616
15691950,Parry,652.0,France,49.0,3,0.0,2.0,1.0,0.0,50123.44,0,3.912023005428146
15632446,Allan,652.0,France,24.0,4,0.0,2.0,0.0,0.0,180329.83,0,3.2188758248682006
15620936,Warren,652.0,France,32.0,4,0.0,2.0,1.0,1.0,13238.93,0,3.4965075614664802
15587640,Rowntree,652.0,France,43.0,0,93143.39,1.0,1.0,0.0,167554.86,0,3.784189633918261
15782231,Andrejew,652.0,France,38.0,6,0.0,2.0,1.0,0.0,51454.06,0,3.6635616461296463
15580462,Corby,652.0,Spain,40.0,1,112544.45,1.0,1.0,1.0,19842.22,0,3.713572066704308
15736371,Kennedy,652.0,France,34.0,3,123034.43,2.0,1.0,1.0,38315.04,0,3.5553480614894135
15648032,Young,652.0,Spain,37.0,2,0.0,2.0,0.0,1.0,187816.59,0,3.6375861597263857
15610454,Poole,652.0,Germany,33.0,9,119278.44,1.0,1.0,1.0,197148.24,0,3.5263605246161616
15671358,Fletcher,652.0,France,44.0,4,0.0,2.0,1.0,0.0,163471.01,0,3.8066624897703196
15747130,Tsao,652.0,France,39.0,7,0.0,2.0,0.0,1.0,653.58,0,3.6888794541139363
15578374,Gilroy,652.0,Spain,36.0,7,169312.72,1.0,1.0,0.0,45414.09,0,3.6109179126442243
15572182,Onwuamaeze,652.0,Germany,33.0,3,106506.77,3.0,1.0,0.0,45445.78,1,3.5263605246161616
15770041,Manna,652.0,Spain,43.0,8,128412.61,1.0,0.0,1.0,139024.31,0,3.784189633918261
15669414,Pisano,652.0,Germany,62.0,9,118356.89,2.0,1.0,0.0,168034.83,1,4.143134726391533
15777054,Thorpe,652.0,Germany,42.0,3,137479.13,1.0,1.0,0.0,25669.1,0,3.7612001156935624
15621021,Dwyer,652.0,Spain,40.0,1,0.0,2.0,1.0,0.0,8207.36,0,3.713572066704308
15785490,Okeke,652.0,France,50.0,3,105229.72,1.0,1.0,1.0,16281.68,1,3.9318256327243257
15577695,Zito,652.0,France,41.0,2,148088.11,1.0,1.0,0.0,14083.12,0,3.7376696182833684
15686974,Sergeyeva,652.0,France,48.0,4,0.0,1.0,0.0,1.0,30165.06,1,3.8918202981106265
15574584,Fang,652.0,France,33.0,8,126679.69,1.0,1.0,1.0,39451.09,0,3.5263605246161616
15719541,Flannagan,652.0,Spain,31.0,2,90826.27,2.0,1.0,0.0,60270.87,0,3.4657359027997265
15646310,Mao,652.0,Spain,24.0,8,143582.89,1.0,1.0,1.0,22527.27,0,3.2188758248682006
15697606,Sturdee,652.0,France,21.0,10,125712.2,1.0,0.0,0.0,175072.47,0,3.091042453358316
15711489,Azikiwe,652.0,Spain,32.0,2,0.0,1.0,1.0,1.0,114565.35,0,3.4965075614664802
15670427,Chidi,652.0,Spain,37.0,4,155187.3,1.0,1.0,0.0,48930.8,0,3.6375861597263857
15731755,Hull,652.0,France,49.0,10,0.0,2.0,1.0,0.0,187008.45,0,3.912023005428146
15796370,Shah,652.0,Spain,40.0,5,155455.43,1.0,0.0,1.0,113581.85,0,3.713572066704308
15598331,Morgan,652.0,France,40.0,9,100480.53,1.0,1.0,0.0,124095.69,0,3.713572066704308
15704795,Vagin,652.0,France,62.0,6,0.0,2.0,1.0,1.0,49054.1,0,4.356708826689592
15796764,Bruno,652.0,Germany,56.0,3,127585.98,3.0,1.0,1.0,80593.49,1,4.04305126783455
15589420,Osinachi,652.0,France,40.0,2,101891.1,1.0,1.0,1.0,183044.86,0,3.713572066704308
15810563,Ho,652.0,Spain,61.0,8,0.0,2.0,1.0,1.0,159938.82,0,4.127134385045092
15746569,Tsui,652.0,France,38.0,4,0.0,1.0,1.0,0.0,95483.48,1,3.6635616461296463
15811594,Gordon,652.0,Spain,28.0,3,128929.88,1.0,1.0,1.0,198069.71,0,3.367295829986474
15645896,Duncan,652.0,Germany,39.0,6,121681.91,2.0,0.0,1.0,61793.47,0,3.6888794541139363
15802909,Hu,652.0,Germany,56.0,3,139603.22,1.0,1.0,1.0,86383.61,0,4.04305126783455
15797665,Docherty,652.0,France,27.0,7,0.0,2.0,1.0,0.0,144099.48,0,3.332204510175204
15778959,Brookes,652.0,France,36.0,10,0.0,2.0,0.0,1.0,155641.46,0,3.6109179126442243
15722532,Angelo,652.0,Spain,36.0,10,91760.11,1.0,1.0,1.0,135784.94,0,3.6109179126442243
15784124,Emenike,652.0,Germany,41.0,2,93925.3,1.0,1.0,0.0,123982.14,1,3.7376696182833684
15776518,Pugh,652.0,France,38.0,4,175739.36,1.0,1.0,1.0,193130.55,0,3.6635616461296463
15611247,McKenzie,652.0,France,28.0,10,0.0,2.0,1.0,0.0,145215.96,0,3.367295829986474
15721469,Mach,652.0,Germany,45.0,9,170295.04,2.0,0.0,0.0,164741.81,0,3.828641396489095
15773338,Endrizzi,652.0,France,58.0,2,101579.28,1.0,1.0,1.0,72168.53,0,4.07753744390572
15784042,L?,652.0,France,55.0,7,118793.6,1.0,1.0,1.0,95022.02,1,4.02535169073515
15776229,MacPherson,652.0,France,44.0,3,115282.3,1.0,0.0,0.0,23766.4,0,3.8066624897703196
15655903,Michael,652.0,Spain,34.0,6,107980.37,1.0,1.0,1.0,119374.74,0,3.5553480614894135
15590177,Chiedozie,652.0,France,44.0,1,133866.22,1.0,0.0,1.0,139049.24,0,3.8066624897703196
15568876,Hughes,652.0,France,34.0,1,102723.35,2.0,1.0,0.0,180844.81,0,3.5553480614894135
15813140,Taylor,652.0,Spain,41.0,5,0.0,2.0,0.0,1.0,143980.29,0,3.7376696182833684
15770516,Evdokimov,652.0,Spain,44.0,7,193213.02,2.0,1.0,1.0,137392.77,0,3.8066624897703196
15755731,Davis,652.0,Germany,53.0,8,117005.55,1.0,0.0,1.0,123646.57,1,3.9889840465642745
15574480,Ubanwa,652.0,Spain,31.0,1,132862.59,1.0,0.0,0.0,158054.49,0,3.4657359027997265
15798084,Murray,652.0,France,26.0,0,0.0,2.0,1.0,0.0,105784.85,0,3.295836866004329
15673020,Smith,652.0,France,49.0,3,204510.94,1.0,0.0,1.0,738.88,1,3.912023005428146
15643575,Evseev,652.0,Germany,36.0,1,65349.71,1.0,0.0,0.0,64539.64,0,3.6109179126442243
15596811,Mitchell,652.0,France,36.0,8,139753.35,1.0,1.0,0.0,79871.16,0,3.6109179126442243
15786789,Ni,652.0,France,29.0,6,0.0,2.0,1.0,1.0,190776.83,0,3.4011973816621555
15578865,Palerma,652.0,Germany,50.0,5,107959.39,1.0,1.0,1.0,6985.34,1,3.9318256327243257
15605672,Yuan,652.0,France,38.0,5,195926.39,1.0,1.0,1.0,85522.84,0,3.6635616461296463
15603674,Knight,652.0,France,36.0,1,0.0,2.0,1.0,1.0,149370.93,0,3.6109179126442243
15759915,Rapuokwu,652.0,France,31.0,6,87772.52,1.0,1.0,0.0,188516.45,0,3.4657359027997265
15686219,Wan,652.0,France,38.0,4,71018.6,2.0,1.0,0.0,2444.29,0,3.6635616461296463
15696388,Artamonova,652.0,Germany,38.0,4,111096.91,1.0,1.0,1.0,19762.88,0,3.6635616461296463
15713604,Rossi,652.0,Germany,40.0,9,166776.6,2.0,0.0,1.0,172646.88,0,3.713572066704308
15647800,Greco,652.0,France,34.0,6,101266.51,1.0,1.0,0.0,33501.98,0,3.5553480614894135
15813451,Fleetwood-Smith,652.0,Spain,18.0,8,134796.87,2.0,1.0,1.0,114858.9,0,2.9444389791664403
15765375,Butusov,652.0,France,46.0,8,0.0,1.0,0.0,0.0,162668.33,0,3.8501476017100584
15774586,West,652.0,Germany,43.0,10,118588.83,1.0,1.0,1.0,161241.65,1,3.784189633918261
15603454,Sanders,652.0,Germany,28.0,5,160454.15,2.0,0.0,1.0,114957.22,0,3.367295829986474
15653037,Parks,652.0,France,62.0,1,0.0,1.0,0.0,1.0,18708.76,0,4.356708826689592
15782475,Edith,652.0,France,42.0,8,0.0,2.0,1.0,1.0,105305.72,0,3.7612001156935624
15593496,Korovin,652.0,Spain,36.0,5,91132.18,1.0,0.0,0.0,58111.71,0,3.6109179126442243
15808971,Lajoie,652.0,Spain,57.0,9,0.0,2.0,1.0,1.0,135502.77,0,4.060443010546419
15791972,Bergamaschi,652.0,France,20.0,7,0.0,2.0,0.0,0.0,10792.42,0,3.044522437723423
15676869,T'ien,652.0,Spain,36.0,8,0.0,2.0,0.0,1.0,123866.43,0,3.6109179126442243
15683007,Torode,652.0,Germany,25.0,5,113113.12,1.0,1.0,0.0,129181.27,0,3.258096538021482
15659495,Fu,652.0,Spain,23.0,2,0.0,1.0,1.0,1.0,6847.73,0,3.1780538303479458
15703923,Cameron,652.0,Germany,41.0,7,190409.34,2.0,1.0,1.0,138361.48,0,3.7376696182833684
15674000,Cattaneo,652.0,France,44.0,10,0.0,2.0,0.0,1.0,166707.22,0,3.8066624897703196
15618171,James,652.0,France,33.0,9,0.0,2.0,0.0,1.0,107221.03,0,3.5263605246161616
15732202,Abramovich,652.0,France,34.0,1,83503.11,2.0,1.0,1.0,73124.53,1,3.5553480614894135
15735078,Onwughara,652.0,Germany,53.0,1,139687.66,2.0,1.0,1.0,12913.92,0,3.9889840465642745
15798615,Wan,652.0,France,47.0,9,137301.87,1.0,1.0,0.0,44351.77,0,3.8712010109078907
15638494,Salinas,652.0,Germany,39.0,10,129845.26,1.0,1.0,1.0,96444.88,0,3.6888794541139363
15763874,Ho,652.0,Spain,46.0,8,0.0,2.0,1.0,1.0,60739.16,0,3.8501476017100584
15696355,Cleveland,652.0,Germany,37.0,6,125489.4,1.0,1.0,0.0,118570.53,0,3.6375861597263857
15655952,Burke,652.0,France,47.0,2,0.0,2.0,1.0,1.0,97057.28,0,3.8712010109078907
15739850,Trentino,652.0,France,45.0,6,155417.61,1.0,0.0,1.0,3449.22,0,3.828641396489095
15611338,Kashiwagi,652.0,Spain,29.0,4,0.0,2.0,1.0,1.0,37605.9,0,3.4011973816621555
15707861,Nucci,652.0,France,46.0,10,85216.61,1.0,1.0,0.0,117369.52,1,3.8501476017100584
15672237,Oluchi,652.0,France,25.0,1,0.0,1.0,1.0,0.0,100598.98,0,3.258096538021482
15657771,Ts'ui,652.0,France,37.0,6,0.0,1.0,1.0,1.0,17802.42,0,3.6375861597263857
15677783,Graham,652.0,Spain,38.0,4,113607.47,1.0,1.0,0.0,91094.46,0,3.6635616461296463
15681026,Lucciano,652.0,Germany,33.0,9,104552.72,1.0,1.0,1.0,120853.83,1,3.5263605246161616
15566543,Aldridge,652.0,Spain,44.0,9,0.0,2.0,1.0,0.0,107124.17,0,3.8066624897703196
15594612,Flynn,652.0,Spain,44.0,9,0.0,1.0,0.0,0.0,59207.41,1,3.8066624897703196
15814664,Scott,652.0,Germany,33.0,2,126524.11,1.0,1.0,0.0,136869.31,0,3.5263605246161616
15642785,Douglas,652.0,France,34.0,5,117593.48,2.0,0.0,0.0,113308.29,0,3.5553480614894135
15690164,Shao,652.0,Germany,33.0,4,83199.05,1.0,0.0,0.0,159334.93,0,3.5263605246161616
15590213,Ch'en,652.0,Spain,35.0,4,125920.98,1.0,1.0,1.0,20393.44,0,3.58351893845611
15603794,Pugliesi,652.0,France,48.0,5,118469.38,1.0,1.0,1.0,158590.25,0,3.8918202981106265
15733491,McGregor,652.0,Germany,40.0,8,153537.57,2.0,0.0,0.0,23101.13,0,3.713572066704308
15806360,Hou,652.0,France,41.0,6,0.0,1.0,0.0,1.0,112585.19,0,3.7376696182833684
15587133,Thompson,652.0,France,42.0,7,151027.05,2.0,1.0,0.0,119377.36,0,3.7612001156935624
15721377,Chou,652.0,France,34.0,3,144751.81,1.0,0.0,0.0,166472.81,0,3.5553480614894135
15747927,Ch'in,652.0,France,26.0,4,155739.76,1.0,1.0,0.0,171552.02,0,3.295836866004329
15806455,Miller,652.0,France,27.0,7,0.0,2.0,1.0,1.0,157474.1,0,3.332204510175204
15695474,Barker,652.0,France,33.0,7,122531.86,1.0,1.0,0.0,13549.24,0,3.5263605246161616
15666295,Smith,652.0,Germany,50.0,1,113957.01,2.0,1.0,0.0,196526.55,1,3.9318256327243257
15656062,Azikiwe,652.0,France,33.0,7,103377.81,1.0,1.0,0.0,84419.78,0,3.5263605246161616
15579969,Mancini,652.0,France,32.0,9,0.0,2.0,1.0,1.0,24991.92,0,3.4965075614664802
15703563,P'eng,652.0,France,40.0,9,93017.47,2.0,1.0,0.0,191608.97,0,3.713572066704308
15692664,Diribe,652.0,France,58.0,1,90022.85,1.0,0.0,1.0,2988.28,0,4.07753744390572
15719276,T'ao,652.0,Spain,35.0,6,74371.49,1.0,0.0,0.0,99595.67,0,3.58351893845611
15672754,Burbidge,652.0,Germany,42.0,3,152039.7,1.0,1.0,1.0,53445.17,1,3.7612001156935624
15768163,Griffin,652.0,Germany,46.0,7,137145.12,1.0,1.0,0.0,115146.4,1,3.8501476017100584
15656710,Cocci,652.0,France,40.0,4,0.0,1.0,0.0,0.0,151325.24,0,3.713572066704308
15696175,Echezonachukwu,652.0,Germany,35.0,7,90602.42,2.0,1.0,1.0,51695.41,0,3.58351893845611
15586914,Nepean,652.0,France,36.0,6,123841.49,2.0,1.0,0.0,96833.0,0,3.6109179126442243
15581736,Bartlett,652.0,Germany,47.0,1,183579.54,2.0,0.0,1.0,34047.54,0,3.8712010109078907
15588839,Mancini,652.0,Spain,30.0,8,180307.73,2.0,1.0,1.0,1914.41,0,3.4339872044851463
15589329,Pirozzi,652.0,France,30.0,4,0.0,2.0,1.0,0.0,49337.84,0,3.4339872044851463
15605622,McMillan,652.0,Spain,28.0,4,0.0,2.0,1.0,1.0,179436.6,0,3.367295829986474
15798964,Nkemakonam,652.0,Germany,33.0,3,35016.6,1.0,1.0,0.0,53667.08,0,3.5263605246161616
15769959,Ajuluchukwu,652.0,France,53.0,4,88381.21,1.0,1.0,0.0,69384.71,1,3.9889840465642745
15657105,Chukwualuka,652.0,Spain,36.0,2,0.0,1.0,1.0,0.0,195192.4,0,3.6109179126442243
15569266,Rahman,652.0,France,28.0,7,155060.41,1.0,1.0,0.0,29179.52,0,3.367295829986474
15719294,Wood,652.0,France,29.0,2,0.0,2.0,0.0,0.0,167773.55,0,3.4011973816621555
15606229,Obijiaku,652.0,France,39.0,5,0.0,2.0,1.0,0.0,96270.64,0,3.6888794541139363
15569892,Johnstone,652.0,France,35.0,10,57369.61,1.0,1.0,1.0,101699.77,0,3.58351893845611
15584532,Liu,652.0,France,36.0,7,0.0,1.0,0.0,1.0,42085.58,1,3.6109179126442243
15682355,Sabbatini,652.0,Germany,42.0,3,75075.31,2.0,1.0,0.0,92888.52,1,3.7612001156935624
15628319,Walker,652.0,France,28.0,4,130142.79,1.0,1.0,0.0,38190.78,0,3.367295829986474
